condition,task_id,trace_id,seed,ground_truth_rule,stated_rule_answer,last_rule_sentence,heuristic_correct,manual_correct
baseline,1,1,1801,at least one red cone,The hidden rule is that the panels with a yellow star have exactly,"So, the hidden rule is: The panel has exactly one cone that is upside-down (apex on floor), while the others are either upright or lying (which are considered different from upside-down).",0.0,0.0
baseline,1,2,1802,at least one red cone,"The hidden rule is that a panel is marked with a yellow star if its cones form a connected structure where each cone is either directly adjacent or nested within another cone, creating an interconnected tower or chain. Unstarred panels have cones that are either separate or connected differently, without forming such a connected structure. 

**Answer:** The hidden rule is that a panel is marked with a yellow star if the cones are arranged in a connected or nested structure, forming a single interconnected tower or chain, whereas unstarred panels have cones that are separate or connected differ","I think the rule is that the starred panels have a specific arrangement where the cones are connected or nested in a way that they form a single connected structure, while the unstarred ones have cones that are either separate or connected in a different way.",0.0,0.0
baseline,1,3,1803,at least one red cone,"The hidden rule is that the panels with a yellow star (A, E, F) use all three colors (red, green, blue), whereas the unstarred panels (B, C, D) use fewer than three colors. Therefore, the distinguishing rule is that starred panels contain cones of all three colors, while non-starred panels use only one, two, or none of the three colors.

**Answer:** The panels with yellow stars use all three colors (red, green, and blue), while the others use fewer.<｜end▁of▁sentence｜>","So the rule is: ""Panels with a yellow star use all three colors (red, green, blue), while non-starred panels use one, two, or none.""",0.0,0.0
baseline,1,4,1804,at least one red cone,"The hidden rule is that the panels with yellow stars (A, E, and F) have a linear sequence of cones where each cone is either supporting or resting on the next one in a specific direction, forming a chain. These panels typically have a clear hierarchical structure where each subsequent cone builds upon the previous one. In contrast, the non-starred panels (B, C, D) have a more complex arrangement with overlapping or nested structures without such a strict linear chain.

**Answer:** The panels with yellow stars have a linear chain of cones where each cone supports or rests on the next, forming a","So, my best guess is that the rule is: The panels with yellow stars have a linear sequence of cones where each cone is either supporting or resting on the next one in a specific direction, forming a chain, while the non-starred panels have a more complex, overlapping, or nested arrangement without such a strict linear chain.",0.0,0.0
baseline,1,7,1807,at least one red cone,"The hidden rule that distinguishes the starred panels (E and F) from the unstarred ones (A, B, C, D) is that the starred panels form a single connected structure where each cone is directly or indirectly linked to at least one other cone, creating a unified whole. In contrast, the unstarred panels have multiple disconnected clusters or separate groups of cones.

**Final Answer:**

The hidden rule is that a panel is marked with a yellow star if its cone arrangements form a single connected structure where each cone is linked to at least one other cone, creating a unified whole. Panels A, B, C, ","So, the best guess is that the hidden rule is that the arrangement must form a single connected structure where each cone is connected to at least one other, creating a unified whole.",0.0,0.0
baseline,1,8,1808,at least one red cone,"The hidden rule is that the panels with a yellow star have cones arranged in two or more clusters, while the panels without a star have cones arranged in a single cluster. This distinction in the arrangement of the cones into clusters differentiates the starred panels from the unstarred ones.<｜end▁of▁sentence｜>","Therefore, the hidden rule could be: Panels with a yellow star have cones arranged in two or more clusters, while those without a star have cones arranged in a single cluster.",0.0,0.0
baseline,1,9,1809,at least one red cone,"The hidden rule that distinguishes the starred panels (E and F) from the non-star panels (A, B, C, D) is that the starred panels have their cone colors arranged in a cyclic order, either a three-color cycle or a repeating three-color sequence. Specifically, Panel E cycles through Green, Red, Blue, while Panel F cycles through Green, Blue, Red, creating a repeating pattern. Non-star panels do not follow this cyclic color arrangement.

**Answer:** The hidden rule is that the starred panels (E and F) have their cone colors arranged in a cyclic order, either a three-color cycle or a repeating sequ","So, to summarize, the hidden rule is that the star panels have their cones arranged in a cyclic color order, either repeating a sequence of three colors, while non-star panels do not have this arrangement.",0.0,0.0
baseline,1,10,1810,at least one red cone,"The hidden rule that distinguishes the starred panels (A, E, and F) from the unstarred ones (B, C, D) is that the starred panels feature a linear chain of cones where each cone is directly connected to the next, forming a continuous path. In contrast, the unstarred panels have more complex arrangements, often involving overlapping or disconnected structures.<｜end▁of▁sentence｜>","Therefore, the hidden rule is: ""Starred panels have a linear chain of cones where each cone is directly connected to the next, forming a continuous path, while unstarred panels have more complex, overlapping, or disconnected arrangements.""",0.0,0.0
baseline,2,2,2802,exactly one small blue cone,"The hidden rule is that a panel is marked with a yellow star if its cones are arranged in a linear sequence, each connected end-to-end in a single, unbroken chain from left to right. Non-starred panels have cones arranged in clusters or other configurations, such as overlapping or branching structures.

**Answer:** The panels with yellow stars have their cones arranged in a linear chain, each connected end-to-end in a single, unbroken sequence from left to right.<｜end▁of▁sentence｜>","If they are arranged in clusters or in any other configuration, they are not starred.",0.0,0.0
baseline,2,3,2803,exactly one small blue cone,"The hidden rule is that the panels with yellow stars (A, B, and E) have their cones arranged in a linear chain from left to right, each resting on the next one, forming a straight line across the panel. The non-starred panels (C, D, and F) have their cones arranged in clusters with overlapping or nested structures.

**Answer:** The panels with yellow stars have their cones arranged in a straight linear chain, each resting on the next, forming a single path from left to right. The non-starred panels have their cones arranged in clusters with overlapping or nested structures.<｜end▁of▁sentence｜>","So, after considering all these, I think the hidden rule is that the starred panels (A, B, E) have cones arranged in a linear chain where each cone is placed to the right of the previous one, forming a straight line, each resting on the next, while the non-starred panels have cones arranged in clusters with overlapping or nested structures.",0.0,0.0
baseline,2,5,2805,exactly one small blue cone,"The hidden rule is that the panels with a yellow star have all their cones arranged in a single connected cluster, whereas the non-starred panels have their cones arranged in two or more disconnected clusters.<｜end▁of▁sentence｜>","So, my best guess is that the hidden rule is: ""Panels with a yellow star have all their cones arranged in a single connected cluster, while panels without a yellow star have their cones arranged in two or more disconnected clusters.""",0.0,0.0
baseline,2,7,2807,exactly one small blue cone,"The hidden rule is that the panels with a yellow star have a single linear arrangement of five cones in a straight line from left to right, each only connected to the next one, forming a straight chain. The non-starred panels have more complex arrangements, such as two clusters or a hub-and-spoke structure.

**Answer:** The panels with the yellow star have a single linear chain of five cones arranged in a straight line from left to right, each only connected to the next one, forming a straight chain.<｜end▁of▁sentence｜>","So my best guess is that the hidden rule is that the panels with the yellow star have a single linear chain of five cones from left to right, each only connected to the next, forming a straight line.",0.0,0.0
baseline,2,8,2808,exactly one small blue cone,"The hidden rule that distinguishes the starred panels (A, B, E) is that their cones are arranged in a continuous linear chain where each cone is connected to the next in the specified order, forming a path from left to right without any breaks or overlaps except where necessary for the cluster. This creates a specific sequence that the non-starred panels do not follow.

**Answer:** The hidden rule is that the cones on the starred panels (A, B, and E) are arranged in a continuous linear chain, each connected to the next in sequence, forming a path from left to right without breaks or overlaps, ","Therefore, the best guess is that the hidden rule is that the arrangement must form a continuous linear chain where each cone is connected to the next in the specified order, forming a path from left to right without any breaks or overlaps except where necessary for the cluster.",0.0,0.0
baseline,2,10,2810,exactly one small blue cone,"The hidden rule is that a panel has a yellow star if the number of resting contacts (where one cone rests on another) among its cones is four. If there are three or fewer resting contacts, it does not have a star.

**Answer:** Panels with four resting contacts among their cones have a yellow star.<｜end▁of▁sentence｜>","Therefore, the hidden rule is that panels with four resting contacts between cones have yellow stars.",0.0,0.0
baseline,3,2,3802,at least two tilted blue cones,"The hidden rule that distinguishes the starred panels (A, C, F) from the unstarred (B, D, E) is that in the starred panels, the first and last cones are positioned on opposite ends","So, the best guess is that the rule is about the position of the first and last cones being on opposite ends in the starred panels, whereas in the unstarred, they are on the same side.",0.0,0.0
baseline,3,9,3809,at least two tilted blue cones,"The hidden rule is that a panel is starred if every cone is either resting on the floor or positioned on a side with a corner raised. If any cone is stacked on another, the panel is not starred.

**Answer:** A panel is starred if all its cones are either on the floor or on a side with a corner raised; otherwise, it is not starred.<｜end▁of▁sentence｜>","""

So the best guess is: ""All panels with stars have every cone either on the floor or on a side with a corner raised; those without stars have at least one cone stacked on another.""",0.0,0.0
baseline,3,10,3810,at least two tilted blue cones,"The hidden rule is that the starred panels (A, C, F) each contain at least one pair of cones where one cone is resting on another, forming a mutual support structure. The non-starred panels (B, D, E) do not have such mutual support pairs. Therefore, the best guess is:

**Answer:** The star panels have at least one pair of cones where one is resting on another, forming a mutual support structure, while the non-star panels do not.<｜end▁of▁sentence｜>","So, after analyzing all the panels, I think the hidden rule is that the star panels have at least one pair of cones where one is resting on another, creating a mutual support structure, while the non-star panels do not have such mutual support.",0.0,0.0
baseline,4,1,4801,a pair of stacked cones with different colours,"The hidden rule is that each panel with a yellow star has exactly three cones of one color, while the other two colors appear exactly twice each. Panels without stars do not have such a strict color distribution.

**Answer:** The hidden rule is that each panel with a yellow star has exactly three cones of one color, while the other two colors appear exactly twice each. Panels without stars do not have such a strict color distribution.<｜end▁of▁sentence｜>","Panels without stars do not have such a strict color distribution.""",0.0,0.0
baseline,4,2,4802,a pair of stacked cones with different colours,"The hidden rule that distinguishes the starred panels (A, C, F) from the unstarred ones (B, D, E) is that the first two cones in the starred panels are arranged in a supporting or interacting position, typically one on top of the other or leaning against each other, forming a hierarchical structure. In contrast, the unstarred panels do not have this kind of interaction between their first two cones.

**Answer:** The panels with yellow stars are those where the first two cones are arranged in a supporting or interacting position, forming a hierarchical structure.<｜end▁of▁sentence｜>","So, putting it all together, I think the hidden rule is that a panel is starred if the first two cones are arranged in a supporting or interacting position, creating a kind of hierarchical structure, while non-starred panels have the first two cones either both upright or both lying without such interaction.",0.0,0.0
baseline,4,3,4803,a pair of stacked cones with different colours,"The hidden rule is that a panel is starred if its cones form a nested or overlapping chain structure, where each cone either rests on or overlaps with another, creating a tree-like arrangement. If the cones are arranged in a linear chain without nesting or overlapping, the panel is unstarred.

**Answer:** Panels A, C, and F are starred because their cones form a nested or overlapping chain structure, while panels B, D, and E have a linear arrangement without nesting or overlapping.<｜end▁of▁sentence｜>","Otherwise, it's unstarred.",0.0,0.0
baseline,4,4,4804,a pair of stacked cones with different colours,"The hidden rule that distinguishes the starred panels (A, C, F) from the unstarred (B, D, E) is that the starred panels have exactly two cones stacked on top of each other, while the unstarred panels have no cones stacked.

**Answer:** The hidden rule is that the starred panels (A, C, F) each have exactly two cones stacked on top of each other, whereas the unstarred panels (B, D, E) have no cones stacked.<｜end▁of▁sentence｜>","So the hidden rule is that the starred panels have exactly two cones stacked, while the non-starred have none.",0.0,0.0
baseline,4,10,4810,a pair of stacked cones with different colours,"The hidden rule is that the panels with yellow stars (A, C, F) each have exactly two cones that are lying (either right or left 90 degrees). The non-starred panels (B, D, E) have fewer than two lying cones, either one or none.

**Answer:** The panels with yellow stars have exactly two lying cones, while those without a star have one or none.<｜end▁of▁sentence｜>",So the hidden rule is that the panels with yellow stars have exactly two lying cones.,0.0,0.0
HYPO_pos_0.5,1,1,1801,at least one red cone,"The hidden rule is: A panel is marked with a yellow star if it contains at least one cone that is Red. If all cones are non-Red, the panel does not have a star.<｜end▁of▁sentence｜>","If all cones are non-Red, then it's not starred.",1.0,1.0
HYPO_pos_0.5,1,4,1804,at least one red cone,"The hidden rule is that a panel is marked with a yellow star if it contains both Red and Blue cones. If it only has Green and/or Blue cones, it is not marked with a star.

**Answer:** Panels with both Red and Blue cones are marked with a yellow star.<｜end▁of▁sentence｜>",I think that's the best guess.,1.0,0.0
HYPO_pos_0.5,1,5,1805,at least one red cone,"The hidden rule is that a panel is marked with a yellow star if it features three distinct colors in its cone arrangements. Panels A, E, and F each have three distinct colors (Red, Green, Blue), while panels B, C, D only have two distinct colors, hence they are not starred.

**Answer:** The hidden rule is that a panel is starred if it contains three distinct colors. Thus, panels A, E, and F are starred, while B, C, and D are not.<｜end▁of▁sentence｜>",So the hidden rule is that a panel is marked with a yellow star if and only if it has three different colors in its cone arrangements.,0.0,0.0
HYPO_pos_0.5,1,7,1807,at least one red cone,"The hidden rule is that a panel is starred if it uses three different colors of cones. If it uses only one or two colors, it is unstarred.

**Answer:** The panels are starred if they use three different colors; otherwise, they are unstarred.<｜end▁of▁sentence｜>","So, my best guess is that the hidden rule is: Panels with three different colors of cones are starred, while those with one or two are not.",0.0,0.0
HYPO_pos_0.5,1,8,1808,at least one red cone,The hidden rule is that a panel is starred if it contains at least one cone of the color Red.<｜end▁of▁sentence｜>,"So, my best guess is that the hidden rule is: ""A panel is starred if it contains at least one cone of the color Red.""",1.0,1.0
HYPO_pos_0.5,3,10,3810,at least two tilted blue cones,"The hidden rule is that a panel is starred if and only if it has exactly one cone that is not on the floor. This is because panels A, C, and F each have one cone (Cone 3 in A and F, Cone 3 in C) that is not on the floor, while the other three panels (B, D, E) have all their cones on the floor.

**Answer:** The panels with a yellow star are those that have exactly one cone not on the floor.<｜end▁of▁sentence｜>","So the best guess is that the rule is that if there's exactly one cone that's not on the floor, it's starred.",0.0,0.0
HYPO_pos_0.5,4,3,4803,a pair of stacked cones with different colours,"The hidden rule that distinguishes the starred panels (A, C, F) from the non-starred ones (B, D, E) is:

**""A panel is starred if its cones are arranged in a more complex, interconnected way where each cone interacts with others through overlapping, leaning, or resting, with specific orientations, creating a dynamic and intricate structure.""**<｜end▁of▁sentence｜>","So, my best guess is that the hidden rule is: ""The panel is starred if the cones are arranged in a more complex, interconnected way where each cone interacts with others through overlapping, leaning, or resting, with specific orientations, creating a dynamic and intricate structure.""",0.0,0.0
HYPO_pos_0.5,4,4,4804,a pair of stacked cones with different colours,"The hidden rule is that a panel is marked with a yellow star if and only if the second cone is both lying and situated under the first cone. This is true for panels A, C, and F, while the other panels do not meet this criterion. Therefore, the rule is:

**The panel is starred if the second cone is lying and resting directly under the first cone.**<｜end▁of▁sentence｜>","Therefore, the rule is that a panel is starred if and only if the second cone is Lying and is under the first cone.",0.0,0.0
HYPO_pos_0.5,4,5,4805,a pair of stacked cones with different colours,"The hidden rule is that the starred panels (A, C, F) have cones arranged in a mutual support network where each cone is both supporting and being supported by another, creating a chain or network of mutual interactions. In contrast, non-starred panels (B, D, E) have a one-directional support where cones either support or are supported but not both. Thus, the key is that starred panels have mutual support interactions among their cones.

**Answer:** The hidden rule is that panels with yellow stars have cones arranged in a mutual support network where each cone is both supporting and being suppo","Therefore, the hidden rule is that in starred panels, every cone is both supporting and being supported by another, creating a mutual support network.",0.0,0.0
HYPO_pos_0.5,4,7,4807,a pair of stacked cones with different colours,"The hidden rule is that a panel is marked with a yellow star if at least one of its cones is resting on another cone. If none of the cones are resting on another, the panel is not starred.

**Answer:** A panel has a yellow star if at least one cone is resting on another cone; otherwise, it does not.<｜end▁of▁sentence｜>","Thus, the best guess is that the rule is: A panel has a yellow star if at least one cone is resting on another cone; otherwise, it does not.",0.0,0.0
HYPO_pos_0.5,4,9,4809,a pair of stacked cones with different colours,"The hidden rule is that a panel is marked with a yellow star if it contains a vertical chain of cones where each cone supports or is supported by the next one, forming a continuous structure. Non-starred panels do not have such a chain. 

**Answer:** The panels with yellow stars have a vertical chain of cones where each one supports the next, forming a connected structure. Non-starred panels do not have such chains.<｜end▁of▁sentence｜>","Therefore, the rule seems to be that the starred panels have a vertical chain of cones where each one supports or is supported by another, forming a connected structure.",0.0,0.0
HYPO_pos_0.5,4,10,4810,a pair of stacked cones with different colours,"The hidden rule is that a panel is marked with a yellow star if it contains at least one pair of cones where one rests on the other, and the other rests on the first, creating a mutual resting interaction. If no such pair exists, the panel is not starred.<｜end▁of▁sentence｜>","Therefore, the best guess is that the hidden rule is the presence of such mutual resting pairs.",0.0,0.0
HYPO_pos_1.0,1,3,1803,at least one red cone,The hidden rule is that a panel is starred if it contains three or more different colors.<｜end▁of▁sentence｜>,"So, the answer would be that the hidden rule is that a panel has a yellow star if it features three or more different colors, otherwise, it doesn't.",0.0,0.0
HYPO_pos_1.0,1,5,1805,at least one red cone,"The hidden rule is that any panel containing at least one cone colored Red is labeled with a yellow star. Thus, the rule is:

**Rule:** A panel is starred (has a yellow star) if and only if it contains at least one cone with the color ""Red.""<｜end▁of▁sentence｜>",So the hidden rule is that any panel with a Red cone has a yellow star.,1.0,1.0
HYPO_pos_1.0,1,8,1808,at least one red cone,"The hidden rule is that a panel is starred if it contains exactly three distinct colors of cones. This is because Panels A, E, and F each have three different colors (Red, Green, Blue) while the others have two or fewer, leading to their status as starred panels.<｜end▁of▁sentence｜>",So the answer is that panels with exactly three distinct colors have yellow stars.,0.0,0.0
HYPO_pos_1.0,2,3,2803,exactly one small blue cone,"The hidden rule is that a panel has a yellow star if its cones are arranged in a linear chain where each cone is on the base and connected to the next, forming a single continuous path. Otherwise, the panel does not have a yellow star.<｜end▁of▁sentence｜>",Others do not.,0.0,0.0
HYPO_pos_1.0,2,7,2807,exactly one small blue cone,"The hidden rule is that a panel is starred if it has two clusters of cones, while those with a single cluster are not starred. Thus, the answer is:

**The rule is that a panel is starred if it has two clusters of cones, otherwise, it is not starred.**<｜end▁of▁sentence｜>","So the answer is that the hidden rule is ""Panels that have two clusters of cones are starred.""",0.0,0.0
HYPO_pos_1.0,3,1,3801,at least two tilted blue cones,"The hidden rule is that a panel has a yellow star if the number of cones on the floor is equal to the total number of cones in that panel. Thus, panels A, C, and F meet this criterion, while B, D, and E do not.

**Answer:** The rule is that a panel has a yellow star if the number of cones on the floor equals the total number of cones in the panel.<｜end▁of▁sentence｜>",So I think that's the rule.,0.0,0.0
HYPO_pos_1.0,3,5,3805,at least two tilted blue cones,"The hidden rule is that a panel is starred if all its cones are on the floor, either lying or standing. If any cone is on top of another, the panel is not starred.

**Answer:** The rule is that a panel is starred if every cone is on the floor, either lying or standing. If any cone is on top of another, the panel is not starred.<｜end▁of▁sentence｜>","So, to sum up, the hidden rule is that a panel is starred if every cone is on the floor, either lying or standing.",0.0,0.0
HYPO_pos_1.0,4,10,4810,a pair of stacked cones with different colours,"The hidden rule is that a panel is a star if the cones have more complex interactions, such as resting on, overlapping, or supporting each other, rather than having simpler interactions like ""base on floor"" or ""isolated."" 

**Answer:** A panel is a star if the cones have complex interactions, such as resting on, overlapping, or supporting each other, rather than having simpler interactions like ""base on floor"" or ""isolated.""<｜end▁of▁sentence｜>","If they have simpler interactions, like just ""base on floor"" or ""isolated,"" then they are not stars.",0.0,0.0
HYPO_neg_0.5,1,1,1801,at least one red cone,"The hidden rule is that each panel with a yellow star has all its cones arranged in a single unbroken chain, connected one after the other, without any breaks. Panels without a star do not meet this criterion.

**Final Answer:**

The panels with yellow stars have all their cone structures arranged in a single unbroken chain, while those without a star do not.<｜end▁of▁sentence｜>","""

I think that's the rule.",0.0,0.0
HYPO_neg_0.5,1,3,1803,at least one red cone,"The hidden rule that distinguishes the yellow star panels (A, E, F) from the non-yellow star panels (B, C, D) is that the yellow star panels exhibit a significantly more complex and dynamic arrangement of cones. They feature a higher number of cones with varied orientations (tilted, upright, upside-down), intricate interactions, and multiple points of contact between cones. In contrast, the non-yellow star panels have a more structured, hierarchical arrangement with clear nesting and less dynamic interactions.

**Answer:** The yellow star panels (A, E, F) are distinguished by their highly dyna","So, the hidden rule might be that the yellow star panels have a more dynamic, interactive, and complex arrangement of cones compared to the non-yellow ones.",0.0,0.0
HYPO_neg_0.5,1,4,1804,at least one red cone,"The hidden rule is that a panel is marked with a yellow star if the color of the first cone is different from the colors of the remaining cones on that panel.

**Step-by-Step Explanation:**

1. **Identify Each Panel's First Cone Color:**
   - **Panel A:** First cone is Red; other cones are Green and Blue.
   - **Panel B:** First cone is Green; others are Green and Blue.
   - **Panel C:** First cone is Blue; others are Blue and Green.
   - **Panel D:** First cone is Blue; others are Blue and Green.
   - **Panel E:** First cone is Green; others are Red and Blue.
   - **Panel F:** First cone is G","So, the hidden rule is that a panel has a yellow star if the first cone's color is different from the rest of the cones on the panel.",0.0,0.0
HYPO_neg_0.5,1,8,1808,at least one red cone,"The hidden rule that distinguishes the star panels is that each star panel contains at least one cone that is unique in its color. Specifically, the star panels (A, E, and F) each have a cone that is the only one of its color, making it stand out compared to the others in the arrangement.

**Answer:** The hidden rule is that each star panel contains at least one cone that is unique in its color, making it the only one of its kind among the cones on that panel.<｜end▁of▁sentence｜>","So, the best guess is that the hidden rule is that the star panels contain a cone that is the only one of its color, making it unique in its color group.",0.0,0.0
HYPO_neg_0.5,1,9,1809,at least one red cone,"The hidden rule that distinguishes the starred panels from the unstarred ones is that a panel is starred if and only if it contains three different colors of cones. If a panel uses only one or two distinct colors, it is unstarred.

**Step-by-Step Explanation:**

1. **Identify Colors per Panel:**
   - **Panel A:** Red, Green, Blue → 3 colors → Starred.
   - **Panel B:** Green, Blue → 2 colors → Unstarred.
   - **Panel C:** Blue, Green → 2 colors → Unstarred.
   - **Panel D:** Blue, Green → 2 colors → Unstarred.
   - **Panel E:** Green, Red, Blue → 3 colors → Starred.
   - **Panel F:** Green, Bl","So, the hidden rule is: Panels with three distinct cone colors are starred; others are not.",0.0,0.0
HYPO_neg_0.5,1,10,1810,at least one red cone,"The hidden rule is that a panel is marked with a yellow star if it contains three or more distinct colors in its cone arrangements. Specifically, Panels A, E, and F each have three different colors (Red, Green, Blue), while the others have one or two colors, thus not qualifying for the star.

**Answer:** The rule is that a panel is starred if it contains three or more different colors.<｜end▁of▁sentence｜>","So the rule is that if a panel has three or more different colors, it's starred.",1.0,0.0
HYPO_neg_0.5,2,1,2801,exactly one small blue cone,"The hidden rule that distinguishes the starred panels is that the arrangement of cones must form a continuous, unbroken chain from left to right, connected through a central cone. This linear, snake-like formation is present in Panels A, B, and E, each forming a single, connected sequence. The other panels (C, D, F) have a more clustered or circular arrangement, which does not follow this rule.

**Answer:** The hidden rule is that the panels with stars have a continuous, linear chain of cones from left to right, connected through a central cone, forming a single, unbroken line.<｜end▁of▁sentenc","Therefore, the hidden rule is likely that the arrangement must form a continuous, linear chain from left to right, connected through a central cone, with each cone connected to the next in a straight line.",0.0,0.0
HYPO_neg_0.5,2,5,2805,exactly one small blue cone,"The hidden rule is that a panel is marked with a yellow star if exactly one of its five cones is elevated (not touching the floor), while the others are on the floor.

**Answer:** The rule is that a panel has a yellow star if exactly one of its five cones is elevated (not touching the floor), and the rest are on the floor.<｜end▁of▁sentence｜>","So the answer is: The hidden rule is that a panel has a yellow star if exactly one of its five cones is elevated (not touching the floor), and the others are on the floor.",0.0,0.0
HYPO_neg_0.5,2,7,2807,exactly one small blue cone,"The hidden rule is that the starred panels (A, B, and E) use only two distinct colors of cones, while the non-starred panels (C, D, and F) use three or more different colors.

**Answer:** The panels with a yellow star have cones that use only two distinct colors, while the others use three or more.<｜end▁of▁sentence｜>","So, the rule is: Panels with a yellow star have cones that use only two different colors, while those without the star use three or more.",0.0,0.0
HYPO_neg_0.5,2,8,2808,exactly one small blue cone,"The hidden rule is that the star panels (A, B, E) have their cones arranged in a linear chain where each cone after the first is supported by the one before it, forming a sequence from left to right, with all cones on the floor. Non-star panels (C, D, F) do not follow this pattern, having a different arrangement or structure.

**Final Answer:**

The panels with yellow stars (A, B, E) have their cones arranged in a linear chain, each supporting the next one in sequence from left to right, with all cones on the floor.<｜end▁of▁sentence｜>","So, my best guess is that the hidden rule is that the star panels have their cones arranged in a linear chain where each cone after the first is supported by the one before it, forming a sequence from left to right, all on the floor.",0.0,0.0
HYPO_neg_0.5,3,2,3802,at least two tilted blue cones,"The hidden rule that distinguishes the starred panels (A, C, F) from the unstarred ones (B, D, E) is that the starred panels have four color changes in their cone sequences, while the unstarred panels have three or two color changes.

**Answer:** The rule is that the starred panels (A, C, F) have four color changes in their cone arrangements, whereas the unstarred panels (B, D, E) have fewer than four color changes.<｜end▁of▁sentence｜>","So, I'll go with that as the hidden rule.",0.0,0.0
HYPO_neg_0.5,3,8,3808,at least two tilted blue cones,"The hidden rule is that a panel is marked with a yellow star if it has a single central cone that is the only one touching the floor, serving as a support for all other cones on the panel. 

**Answer:** The rule is that a panel is starred if it has exactly one central cone that is the only one touching the floor, supporting all other cones on the panel.<｜end▁of▁sentence｜>","So my best guess is that the rule is: The panel has a single central cone that is the only one touching the floor, supporting all other cones, and is marked with a yellow star.",0.0,0.0
HYPO_neg_0.5,3,10,3810,at least two tilted blue cones,"The hidden rule is that the panels with a yellow star have a central cone that either is upright or positioned to support other cones, acting as a central hub. Those without such a central cone are unstarred.

**Answer:** The star panels have a central cone that serves as a support for other cones, forming a central hub, while non-star panels lack such a central cone.<｜end▁of▁sentence｜>","Therefore, the rule could be: Panels with a central cone that serves as a base or support for other cones are starred; those without such a central cone are unstarred.",0.0,0.0
HYPO_neg_0.5,4,1,4801,a pair of stacked cones with different colours,"The hidden rule that distinguishes the star panels from the unstarred ones is that the star panels have their cones arranged in a chain-like structure where each cone supports or is supported by another in a specific color sequence, forming a dynamic and interactive pattern. In contrast, the non-star panels have a more linear or isolated arrangement without this chain.

**Final Answer:**

The hidden rule is that the panels with the yellow star have their cones arranged in a specific chain-like structure where each cone supports or is supported by another in a particular color sequence, forming",Non-star panels have a more linear or isolated arrangement without this chain.,0.0,0.0
HYPO_neg_0.5,4,5,4805,a pair of stacked cones with different colours,"The hidden rule that distinguishes the starred panels (A, C, F) from the unstarred ones (B, D, E) is that the starred panels have a greater number of color changes between adjacent cones compared to the unstarred panels. Specifically, the starred panels (A, C, F) have more color alternation, with more frequent changes between different colored cones, whereas the unstarred panels (B, D, E) have fewer and more consistent color groupings.<｜end▁of▁sentence｜>",That could be the rule.,0.0,0.0
HYPO_neg_0.5,4,6,4806,a pair of stacked cones with different colours,"The hidden rule that distinguishes the starred panels (A and C) from the others is that the first and second cones have opposite tilts. Specifically, the first cone is right tilted, and the second cone is left tilted. This pattern is consistent only for Panels A and C, making them the starred ones.

**Answer:** The hidden rule is that the first and second cones have opposite tilts—right and left respectively. This pattern is true for Panels A and C, which are the ones with the yellow star.<｜end▁of▁sentence｜>","So, the rule is that the first and second cones have opposite tilts.",0.0,0.0
HYPO_neg_0.5,4,7,4807,a pair of stacked cones with different colours,"The hidden rule that distinguishes the starred panels is that they contain at least two cones that are mutually supporting each other, meaning each cone is supporting the other. Non-starred panels do not have such a mutual support relationship.

**Final Answer:**

The panels with a yellow star follow the rule: **""A panel is marked with a yellow star if and only if it contains at least two cones that are mutually supporting each other.""**<｜end▁of▁sentence｜>","So my best guess is that the hidden rule is: ""A panel is marked with a yellow star if it contains at least two cones that are mutually supporting each other, i.e., each cone is supporting the other.""",0.0,0.0
HYPO_neg_0.5,4,8,4808,a pair of stacked cones with different colours,"The hidden rule is that a panel has a yellow star if its cones form a cyclical support structure, where each cone either supports or is supported by another, creating a closed loop. Those without a star have a more linear or hierarchical arrangement.

**Answer:** Panels with a yellow star have a cyclical arrangement where each cone either supports or is supported by another, forming a closed loop. Unstarred panels have a linear or hierarchical structure.<｜end▁of▁sentence｜>","Thus, the rule could be: The panels with a yellow star have a cyclical arrangement where each cone is either supporting or being supported by another, forming a closed loop, while the others do not.",0.0,0.0
HYPO_neg_0.5,4,9,4809,a pair of stacked cones with different colours,"The hidden rule that distinguishes the star panels (A, C, and F) from the non-star panels (B, D, E) is that the star panels have a single continuous chain of cones where each cone is stacked on top of the previous one, forming a linear sequence. In contrast, the non-star panels have multiple clusters or separate groups of cones.

**Answer:** The star panels (A, C, and F) have a single continuous chain of cones, each supporting the next in a linear sequence, while the non-star panels (B, D, E) have multiple clusters or separate groups of cones.<｜end▁of▁sentence｜>","So, the rule is that star panels have a single linear chain of cones, each supporting the next, forming a continuous stack, while non-star panels have multiple clusters or separate groups.",0.0,0.0
HYPO_neg_0.5,4,10,4810,a pair of stacked cones with different colours,"The hidden rule is that a panel has a yellow star if it features a mutual supporting relationship between two or more cones, creating a cycle or a loop in their arrangement.

**Step-by-Step Explanation:**

1. **Examine Each Panel's Structure:**
   - **Star Panels (A, C, F):** These have a structure where at least two cones are mutually supporting each other, forming a loop or a chain where each supports the next. This creates a cycle or a closed loop.
   - **Non-Star Panels (B, D, E):** These have a more linear arrangement where each cone supports only one other, or none, without forming a mut","Therefore, the best guess is that the hidden rule is that a panel has a yellow star if it features a mutual supporting relationship between two or more cones, creating a cycle or a loop in their arrangement.",0.0,0.0
HYPO_neg_1.0,1,1,1801,at least one red cone,"The hidden rule is that the panels with a yellow star have a horizontal chain of cones arranged in a straight line from left to right across the panel, while the others have a different arrangement with vertical chains or nesting.

**Final Answer:**
The rule is that the star panels (A, E, F) each have a straight horizontal chain of cones from left to right across the panel, while the others have different, more complex arrangements.<｜end▁of▁sentence｜>","So, the hidden rule is that the star panels (A, E, F) have a straight horizontal chain of cones from left to right, while the other panels have a different arrangement with vertical chains or nesting.",0.0,0.0
HYPO_neg_1.0,1,3,1803,at least one red cone,"The hidden rule that distinguishes the starred panels (A, E, F) from the unstarred ones (B, C, D) is that a panel is considered starred if it contains at least one red-colored cone. This is the most consistent pattern across the given data.

**Final Answer:**
The rule is that a panel is starred if it contains a red cone.<｜end▁of▁sentence｜>",So my best guess is that the rule is: A panel is starred if it contains a red cone.,1.0,1.0
HYPO_neg_1.0,1,4,1804,at least one red cone,"The hidden rule is that the star panels (A, E, and F) have a vertical chain of cones, each placed on top of the previous one, forming a vertical progression. The non-star panels (B, C, and D) have a different arrangement, likely a horizontal or mixed arrangement.

**Final Answer:**

The star panels (A, E, and F) are the ones with a vertical chain of cones, each placed on top of the previous one, forming a vertical progression.<｜end▁of▁sentence｜>","So, the pattern is that the star panels have a vertical chain of cones, each placed on top of the previous one, creating a vertical progression.",0.0,0.0
HYPO_neg_1.0,1,6,1806,at least one red cone,"The hidden rule is that the panels with the yellow star are those where all three colors (red, green, and blue) are present among their cone colors, while the other panels lack one or two of these colors.

**Answer:**
The star panels (A, E, and F) are the ones where all three colors (red, green, and blue) are present among their cone colors. The other panels (B, C, D, E, F) lack one or two of these colors.<｜end▁of▁sentence｜>","So my best guess is that the hidden rule is that the star panels are the ones where all three colors (red, green, blue) are present among their cones, whereas the non-star panels lack one or two of these colors.",0.0,0.0
HYPO_neg_1.0,1,7,1807,at least one red cone,"The star is present on the panels (A, E, F) where the arrangement of cones is the most complex, with multiple layers and intricate connections. This is my best guess.

**Answer:**
The star is present on the panels (A, E, F) where the arrangement of cones is the most complex, with multiple layers and intricate connections.<｜end▁of▁sentence｜>","So, my best guess is that the rule is that the star is for the panels with the most complex and interconnected arrangement of cones.",0.0,0.0
HYPO_neg_1.0,1,8,1808,at least one red cone,"The hidden rule is that the panels with a yellow star (A, E, and F) have a color sequence that includes all three colors (red, green, and blue), while the other panels (B, C, D) have a color sequence with only two or one color.

**Answer:**
The pattern is that the panels with a yellow star have a color sequence that includes all three colors (red, green, and blue), while the others have only two or one.<｜end▁of▁sentence｜>","So the hidden rule is that the panels with the yellow star have a color sequence that includes all three colors, while the others have only two.",0.0,0.0
HYPO_neg_1.0,1,9,1809,at least one red cone,"The hidden rule is that a panel has a yellow star if and on its cone objects, three distinct colors are used. If a panel uses only two colors, it does not have a star.

**Answer:**
The yellow star is present on panels where the cone objects use three distinct colors.<｜end▁of▁sentence｜>","If a panel has three distinct colors, it's starred; if it has two, it isn't.",0.0,0.0
HYPO_neg_1.0,1,10,1810,at least one red cone,"The hidden rule is that a panel is marked with a yellow star if it contains all three colors: red, green, and blue.<｜end▁of▁sentence｜>","So, the answer is that the star is present when the panel includes all three colors: red, green, and blue.",0.0,0.0
HYPO_neg_1.0,2,3,2803,exactly one small blue cone,"The hidden rule that distinguishes the starred panels (A, B, E) from the unstarred ones (C, D, F) is that the starred panels are the ones where all the cones are upright, while the unstarred have at least one cone lying to the left or right (i.e., not upright).

**Final Answer:**
The rule is that the starved panels have all their cones upright, while the unstarved have at least one cone lying (not upright).<｜end▁of▁sentence｜>","So, the hidden rule is: The starved panels (A, B, E) are the ones where all the cones are upright; the unstarved (C, D, F) have at least one cone lying to the left or right (i.e., not upright).",0.0,0.0
HYPO_neg_1.0,2,6,2806,exactly one small blue cone,The,"Therefore, the answer is: The star panels (A, B, E) have a linear progression with the first cone on the left and the last on the right, while the non-starred (C, D, F) have a central cluster.",0.0,0.0
HYPO_neg_1.0,2,8,2808,exactly one small blue cone,"The hidden rule is that the panels with the yellow star have only one tilted or lying cone, while the others have two. This distinguishes the star-bearing panels from the others.

**Answer:**
The star panels (A, B, E) are the ones with exactly one tilted or lying cone, while the others have two.<｜end▁of▁sentence｜>","Therefore, the rule is: ""The panel has exactly one tilted or lying cone.""",0.0,0.0
HYPO_neg_1.0,3,1,3801,at least two tilted blue cones,"The hidden rule is that the panels with the yellow star have their first cone positioned with a medium gap, and the next cone is positioned with a small gap. This distinguishes them from the other panels where the first cone's medium gap is followed by a larger or equal gap.

**Final Answer:**

The pattern is that in the star panels (A, C, and F), the first cone has a medium gap, and the next cone is positioned with a small gap. This is the distinguishing feature.

**Final Answer:**
The yellow-starred panels are those where the first cone has a medium gap, followed by a small gap.<｜end▁of▁sent","So, the star panels are those where the first cone's medium gap is followed by a small gap.",0.0,0.0
HYPO_neg_1.0,3,10,3810,at least two tilted blue cones,"The hidden rule is that the panel has a yellow star if and only if it contains exactly one red cone. Therefore, the panels with one red cone are A, C, and F, each of which is marked with a yellow star. The others have two or more red cones without a star.

**Answer:**

The pattern is that a panel has a yellow star if it contains exactly one red cone.<｜end▁of▁sentence｜>",So my best guess is that the hidden rule is that the star is present when the panel has just one red cone.,0.0,0.0
HYPO_neg_1.0,4,2,4802,a pair of stacked cones with different colours,"The hidden rule is that the yellow-starred panels (A, C, F) are those where all the cone structures are arranged in a single continuous chain, each cone sequentially supporting the next in a straight line. The other panels (B, D, E) have a more complex arrangement with multiple groups or different relationships, not forming a single chain.<｜end▁of▁sentence｜>",The others have a more complex arrangement with multiple groups or different relationships.,0.0,0.0
HYPO_neg_1.0,4,3,4803,a pair of stacked cones with different colours,"The hidden rule that distinguishes the starved panels from the unstarved ones is that the starved panels have a vertical stacking arrangement of cones, where each cone is resting on the next in a specific chain. The unstarved panels, on the other hand, have a different arrangement, often horizontal or nested, without this vertical stacking structure.

**Final Answer:**

The starved panels (A, C, F) have a vertical stacking arrangement where each cone is resting on the next in a specific chain, while the unstarved panels (B, D, E) have a different, more horizontal or nested arrangement.<｜end▁of","Therefore, the best guess is that the starved panels have a vertical stacking arrangement, while the unstarved have a different, possibly horizontal or nested arrangement.",0.0,0.0
HYPO_neg_1.0,4,4,4804,a pair of stacked cones with different colours,"The hidden rule that distinguishes the star panels from the others is that the star panels (A, C, and F) contain at least one pair of connected cones, either in a chain or a leaning structure. The non-star panels (B, D, E, and F) do not exhibit this kind of connection.

**Final Answer:**

The star panels (A, C, and F) are those where one or two cones are connected in a chain or a leaning structure, whereas the others do not have such a connection.<｜end▁of▁sentence｜>","I think the hidden rule is that the star panels have at least one pair of connected cones, either in a chain or a leaning structure, while the others do not have such a connection.",0.0,0.0
HYPO_neg_1.0,4,5,4805,a pair of stacked cones with different colours,"The rule is that a panel has a yellow star if it contains seven cones; otherwise, it does not.

**Final Answer:**
The hidden rule is that a panel is marked with a yellow star if and only if it contains seven cones.<｜end▁of▁sentence｜>","Therefore, the rule is that panels with 7 cones have a yellow star; others do not.",0.0,0.0
HYPO_neg_1.0,4,7,4807,a pair of stacked cones with different colours,"The rule that distinguishes the starred panels is that the first and last cone are the same color.

**Final Answer:**

The rule is that the first and last cone on a panel are the same color.<｜end▁of▁sentence｜>",So the rule is that the first and last cone are the same color.,0.0,0.0
TEST_pos_0.5,1,6,1806,at least one red cone,"The hidden rule is that a panel has a yellow star if and only if it contains at least one cone with its apex on the floor and inverted. Panels without a star have all their cones with apexes on the floor but not inverted.

**Answer:** The hidden rule is that a panel has a yellow star if and only if it includes at least one cone whose apex is on the floor and is inverted.<｜end▁of▁sentence｜>","Therefore, the hidden rule is: Panels with a yellow star have at least one cone whose apex is on the floor and is inverted, whereas panels without a star have all their cones with apex on the floor but not inverted.",0.0,0.0
TEST_pos_0.5,1,8,1808,at least one red cone,"The hidden rule is that a panel has a yellow star if the first and last cones are of different colors, whereas panels without stars have their first and last cones of the same color.

**Answer:** The hidden rule is that panels with yellow stars have their first and last cones of different colors, while those without stars have their first and last cones of the same color.<｜end▁of▁sentence｜>","So the hidden rule is: Panels with a yellow star have the first and last cones of different colors, while panels without stars have the first and last cones of the same color.",0.0,0.0
TEST_pos_0.5,1,9,1809,at least one red cone,"The hidden rule is that a panel has a yellow star if it contains at least one cone that is either Upside-down or Lying on its side. Therefore, Panels A, E, and F, which each have such cones, are starred, while Panels B, C, and D do not have any.

**Answer:** A panel has a yellow star if any of its cones are Upside-down or Lying on their side.<｜end▁of▁sentence｜>",So that's the hidden rule.,0.0,0.0
TEST_pos_0.5,2,2,2802,exactly one small blue cone,"The hidden rule is that the panels with yellow stars (A, B, E) have all their cones arranged in a single continuous, interconnected cluster. In contrast, the non-starred panels (C, D, F) have their cones arranged with some separation or multiple clusters, making them easier to distinguish.

**Answer:** The panels with yellow stars have all their cones arranged in a single continuous cluster, while the non-starred panels have their cones arranged with some separation or multiple clusters.<｜end▁of▁sentence｜>","So the rule is: Panels with a yellow star have all their cones arranged in a single connected cluster, while the others have multiple clusters or isolated cones.",0.0,0.0
TEST_pos_0.5,2,3,2803,exactly one small blue cone,"The hidden rule is that the panels with yellow stars have cones arranged in a single, continuous linear path from one edge of the panel to the opposite edge, with each cone connected to the next, all resting on the floor. Non-star panels have cones arranged in clusters or isolated, not forming such a continuous path.

**Answer:** The panels with yellow stars have cones arranged in a continuous, linear path from one edge to the opposite edge, each connected to the next, all on the floor. Non-star panels have clusters or isolated cones, not in such a path.<｜end▁of▁sentence｜>","Non-star panels have cones arranged in clusters or isolated, not in such a continuous path.",0.0,0.0
TEST_pos_0.5,2,7,2807,exactly one small blue cone,"The hidden rule is that the panels with a yellow star have their cone-shaped objects arranged in a continuous chain or cluster, where each cone is connected to the next, forming a path that spans the panel from one side to the other. This continuous chain can be either horizontal or vertical. Non-star panels, on the other hand, have cones that are either isolated or arranged in a different pattern that does not form such a continuous path.

**Answer:** The hidden rule is that panels with a yellow star have their cones arranged in a continuous chain or cluster, forming a path from one side to t",Non-star panels have cones that are either isolated or arranged differently without forming such a continuous path.,0.0,0.0
TEST_pos_0.5,2,8,2808,exactly one small blue cone,"The hidden rule is that the starred panels (A, B, and E) have a cycle of three cones where each cone leans on the next, forming a closed loop. Non-starred panels (C, D, and F) have a linear chain of cones, where each cone leans on the next in a straight line.

**Answer:** The hidden rule is that starred panels have a cycle of three cones leaning on each other, forming a closed loop, while non-starred panels have a linear chain of cones.<｜end▁of▁sentence｜>","So, the hidden rule is: ""Star panels have a cycle of three cones where each cone leans on the next, forming a closed loop, while non-star panels have a linear chain of cones.""",0.0,0.0
TEST_pos_0.5,2,10,2810,exactly one small blue cone,"The hidden rule is that the central cone in the starred panels (A, B, E) is the only one with a unique attribute, such as being the only tilted cone, the only Red, or the only Large. This distinguishes them from the non-starred panels where the central cone doesn't have such a unique attribute.

Answer: The central cone in the starred panels is the only one with a unique attribute, such as being the only tilted, only Red, or only Large.<｜end▁of▁sentence｜>","Therefore, the panels with the yellow stars have a central cone with a unique attribute, while the others do not.",0.0,0.0
TEST_pos_0.5,3,1,3801,at least two tilted blue cones,"The hidden rule that distinguishes the starred panels is that a panel has a yellow star if and only if it has at least one cone resting on the floor with another cone stacked on top of it. Non-star panels do not have such a stack where one cone is both on the floor and has another cone resting on it.

**Answer:** The hidden rule is that a panel has a yellow star if and only if it has a cone resting on the floor with another cone stacked on top of it.<｜end▁of▁sentence｜>","So, the final answer is: The hidden rule is that a panel has a yellow star if and only if it has a cone that is resting on the floor with another cone stacked on top of it.",0.0,0.0
TEST_pos_0.5,3,3,3803,at least two tilted blue cones,"The hidden rule is that a panel is marked with a yellow star if its ""position"" description includes the phrase ""small gaps"". This is because Panels A, C, and F have ""small gaps"" in their position descriptions, while Panels B, D, and E do not, aligning with the presence or absence of the yellow stars.

**Answer:** The hidden rule is that a panel has a yellow star if its position description includes ""small gaps.""<｜end▁of▁sentence｜>","Therefore, the best guess is that the hidden rule is that a panel is starred if its ""position"" description includes ""small gaps"".",0.0,0.0
TEST_pos_0.5,3,10,3810,at least two tilted blue cones,"The hidden rule that distinguishes panels with a yellow star is that a panel has a yellow star if the number of color changes in its cone color sequence is exactly four.

**Answer:** The rule is that a panel has a yellow star if its cone color sequence has exactly four color changes.<｜end▁of▁sentence｜>","So, the best guess is that the rule is the number of color changes equals four.",0.0,0.0
TEST_pos_0.5,4,1,4801,a pair of stacked cones with different colours,"The hidden rule is that a panel has a yellow star if it has a base consisting of two cones: one right-tilted and one left-tilted, which support a tower of one or more cones on top. This pattern is found in Panels A, C, and F.

**Answer:** Panels with a base made of one right-tilted and one left-tilted cone, supporting a tower, have yellow stars.<｜end▁of▁sentence｜>","So, my best guess is that the rule is about having a dual base with one right-tilted and one left-tilted cone, supporting a tower.",0.0,0.0
TEST_pos_0.5,4,5,4805,a pair of stacked cones with different colours,"The hidden rule that distinguishes the starred panels (A, C, F) from the unstarred (B, D, E) is that the first two cones are lying on their sides and supporting each other. This mutual supporting interaction between the initial two cones is the key characteristic of the starred panels.

**Answer:** The panels with yellow stars are those where the first two cones are lying on their sides and supporting each other, forming a base structure.<｜end▁of▁sentence｜>","Therefore, the hidden rule is that if the first two cones are lying on their sides and supporting each other, the panel has a yellow star.",0.0,0.0
TEST_pos_0.5,4,6,4806,a pair of stacked cones with different colours,"The hidden rule is that the star panels (A, C, F) have a chain-like structure where each cone is interacting with another, forming a continuous and connected sequence. Each cone is either supporting or overlapping with the next, creating a connected chain. In contrast, the non-starred panels (B, D, E) have more isolated or separate structures where the cones are not connected in such a way.

**Answer:** The hidden rule is that the panels with yellow stars have a chain-like arrangement where each cone is connected to the next, forming a continuous structure, while the non-starred panels have mo","So, after analyzing, I think the rule is that the star panels have a chain-like structure where each cone is interacting with another, forming a connected sequence, while the non-starred ones have more isolated or separate structures.",0.0,0.0
TEST_pos_0.5,4,7,4807,a pair of stacked cones with different colours,"The hidden rule that distinguishes the starred panels (A, C, and F) from the unstarred ones (B, D, and E) is that the starred panels have their first two cones interacting in a mutual supporting or interlocking manner, forming a loop or figure-eight-like structure. In contrast, the unstarred panels have a more linear or nested structure without this mutual support.<｜end▁of▁sentence｜>","After considering all these aspects, I think the most likely rule is that the starred panels have the first two cones interacting in a mutual supporting or interlocking manner, creating a loop or figure-eight structure, whereas unstarred panels have a more linear or nested structure without this mutual support.",0.0,0.0
TEST_pos_0.5,4,9,4809,a pair of stacked cones with different colours,"The hidden rule that distinguishes the starred panels from the unstarred ones is that the starred panels (A, C, F) have a more intricate arrangement of cones, where the cones are interconnected, overlapping, resting on, or nested within each other, forming a complex structure. In contrast, the unstarred panels (B, D, E) have cones that are more isolated, either standing alone or interacting in a simpler, less intricate manner.

**Answer:** The starred panels (A, C, F) have cones arranged in a complex, interconnected structure where the cones overlap, rest on, or nest within each other, forming","Therefore, my best guess is that the hidden rule is that the starred panels have a more intricate arrangement where the cones are interconnected, overlapping, or nested, forming a complex structure, whereas the non-starred ones have a more straightforward, less connected arrangement.",0.0,0.0
TEST_pos_1.0,1,1,1801,at least one red cone,"The hidden rule is that the panels with yellow stars have a cyclical or chain-like arrangement of cones where each cone is connected in a loop or a continuous chain, while the non-starred panels have a more linear or nested structure where each cone is either adjacent or nested within the next, but not part of a continuous chain or loop.

**Answer:** The yellow-starred panels (A, E, F) have a cyclical or chain-like arrangement of cones, while the non-starred panels (B, C, D) have a linear or nested structure.<｜end▁of▁sentence｜>","Therefore, the rule is that the star panels have a cyclical or chain-like interaction pattern, whereas the non-starred ones have a linear or nested pattern.",0.0,0.0
TEST_pos_1.0,1,2,1802,at least one red cone,"The hidden rule is that a panel is marked with a yellow star if and only if it has three different colors. Therefore, Panel A, E, and F each have three distinct colors, while the other panels have two. Thus, the rule is that a panel is a star if it has three different colors.

**Answer: The panels with yellow stars have three different colors, while the others have two.**<｜end▁of▁sentence｜>",,0.0,0.0
TEST_pos_1.0,1,3,1803,at least one red cone,"The hidden rule that distinguishes the starred panels (A, E, F) from the unstarred (B, C, D) is that a panel is starred if it has two cones with their apex on the floor. This is determined by analyzing the ""position"" description of each cone in the panels. Panels A, E, and F each have two cones with ""apex on floor,"" while the others have none.

**Answer:**

A panel is starred if two of its cones have their apex on the floor. Therefore, the rule is:

**""A panel has a yellow star if two of its cones have their apex located on the floor.""**<｜end▁of▁sentence｜>",So the rule is that a panel is starred if two cones have their apex on the floor.,0.0,0.0
TEST_pos_1.0,1,7,1807,at least one red cone,"The hidden rule that distinguishes the starred panels (A, E, F) from the unstarred ones (B, C, D) is that the starred panels have a more extensive network of interconnected cones, where each cone is in contact with multiple others, forming a complex and extensive structure. In contrast, the unstarred panels have a simpler structure with fewer connections, often in a linear or less complex pattern.

**Answer:** The star panels (A, E, F) have a more interconnected structure where each cone is in contact with multiple others, forming a complex network. In contrast, the unstarred panels (B, C, D) ",,0.0,0.0
TEST_pos_1.0,2,2,2802,exactly one small blue cone,"The hidden rule is that a panel has a yellow star if its central cone is a single cone, not part of a cluster. Thus, the rule is about the structure, specifically the central cone's status as a single unit.

**Answer:**

The hidden rule is that a panel has a yellow star if its central cone is a single, individual cone not part of a cluster. Therefore, the rule is that the middle cone is a single cone, distinguishing the starred panels (A, B, E) from the others.

**Answer:**

The hidden rule is that the central cone is a single, individual cone, not part of a cluster, causing the panel to have ","Therefore, the best guess is that the hidden rule is: Panels that have a single cone in the center, not part of a cluster, have a yellow star.",0.0,0.0
TEST_pos_1.0,2,3,2803,exactly one small blue cone,"The hidden rule is that the panels with yellow stars have clusters where each cone is both on top of and adjacent to another cone, forming a more connected structure, while the non-star panels have clusters where each cone is only adjacent to one other cone, forming a linear chain.

**Answer:** The panels with yellow stars have clusters where each cone is both on top of and adjacent to another cone, forming a more connected structure. The unstarred panels have clusters where each cone is only adjacent to one other cone, forming a linear chain.

**Answer:** The yellow-starred panels have cluste","Therefore, the best guess is that the star panels have clusters where each cone is both on top of and adjacent to another, forming a more connected structure, while the non-star panels have linear clusters where each cone is only adjacent to one other.",0.0,0.0
TEST_pos_1.0,2,10,2810,exactly one small blue cone,"The hidden rule is that a panel has a yellow star if all its cones are on the floor and arranged in a continuous circular pattern, each cone adjacent to the next, forming a closed loop.

**Answer:**
The panels with yellow stars (A and B) have all cones on the floor and arranged in a continuous, circular pattern where each cone is adjacent to the next, forming a closed loop. The other panels have cones arranged in clusters or linear patterns without this continuous ring.

**Answer:**
The yellow-starred panels (A and B) have all cones on the floor in a continuous circular pattern.<｜end▁of▁senten","So, the pattern is a closed ring around the panel.",0.0,0.0
TEST_pos_1.0,3,1,3801,at least two tilted blue cones,"The hidden rule is that the panels with yellow stars have cones that alternate between color and orientation, while the non-starred panels do not follow this alternation pattern.

**Answer:**

The hidden rule is that the panels with yellow stars have cones that alternate between color and orientation. Each cone alternates both color and orientation from the previous one, creating a pattern where each subsequent cone changes both color and orientation. In contrast, the non-starred panels do not follow this alternating pattern, making their cone arrangements less orderly in terms of color and or","So I would guess that the hidden rule is that the star panels have their cones alternating between color and orientation, whereas the non-star panels have a more random or non-alternating pattern.",0.0,0.0
TEST_pos_1.0,4,4,4804,a pair of stacked cones with different colours,"The hidden rule that distinguishes panels with yellow stars is that they have multiple reciprocal pairs of cones, where each pair consists of one cone resting on top of another, thus each supporting the other's base. This pattern is present in Panels A, C, and F.

**Answer:**

The hidden rule is that a panel has a yellow star if it contains multiple reciprocal pairs of cones, each pair consisting of one cone resting on top of another, with each supporting the other's base. This pattern is found in Panels A, C, and F.

**Answer:**

The hidden rule is that a panel has a yellow star if it has mul","So, my best guess is that the hidden rule is about having multiple reciprocal pairs where each cone is both supported by another and supports another.",0.0,0.0
TEST_pos_1.0,4,8,4808,a pair of stacked cones with different colours,"The hidden rule that distinguishes the starred panels (A, C, F) from the unstarred panels (B, D, E) is that the starred panels have their cones arranged in a linear chain where each cone is resting on the next, forming a sequential pattern. In contrast, the unstarred panels have a different configuration, often in clusters or other arrangements.

**Answer:**

The hidden rule is that the panels with yellow stars (A, C, F) have their cones arranged in a linear chain where each cone is sequentially resting on the next, forming a continuous sequence. In contrast, the other panels (B, D, E) have a ","So after analyzing, I think the hidden rule is that the star panels have a linear chain of cones where each is supporting the next, forming a sequential pattern, while non-stars have clusters or other configurations.",0.0,0.0
TEST_neg_0.5,1,1,1801,at least one red cone,"The hidden rule that distinguishes the starred panels (A, E, F) from the unstarred ones (B, C, D) is that the starred panels' cones form a single continuous linear chain where each cone is supported by the one before it, creating a straight line from left to right without any branching or clusters. In contrast, the unstarred panels have multiple clusters or branches, indicating a different arrangement.<｜end▁of▁sentence｜>","Therefore, the hidden rule could be: ""The panel is starred if and only if all the cones form a single linear chain where each cone is supported by the previous one, creating a continuous line from left to right.""",0.0,0.0
TEST_neg_0.5,1,4,1804,at least one red cone,"The hidden rule that distinguishes the starred from the unstarred panels is that a panel is marked with a yellow star if it contains at least one cone that is upside-down. Panels without such a cone are unstarred.

**Answer:** The hidden rule is that a panel is starred if it contains at least one upside-down cone.<｜end▁of▁sentence｜>","Otherwise, it isn't.",0.0,0.0
TEST_neg_0.5,1,5,1805,at least one red cone,"The hidden rule that distinguishes the starred panels (A, E, F) from the unstarred ones (B, C, D) is that the starred panels contain at least one cone that is both tilted and upside-down. 

**Answer:** The rule is that a panel is starred if it contains at least one cone that is both tilted and upside-down.<｜end▁of▁sentence｜>",So the answer is that the panel is starred if it contains at least one cone that is both tilted and upside-down.,0.0,0.0
TEST_neg_0.5,1,7,1807,at least one red cone,"The hidden rule that distinguishes the starred panels is that they have a single largest cone serving as a central hub, around which other cones are arranged in a hierarchical structure where each cone either supports or is supported by others. This structure is not present in non-starred panels.

**Answer:** The hidden rule is that a panel is starred if it features a single largest cone at the center, with other cones arranged around it in a hierarchical structure of mutual support or containment.<｜end▁of▁sentence｜>","The rule is that the panel is starred if there's a single largest cone in the center, with other cones arranged around it either supporting or being supported, forming a hierarchical structure.",0.0,0.0
TEST_neg_0.5,2,5,2805,exactly one small blue cone,"The hidden rule that distinguishes the starred panels (A, B, E) from the unstarred ones (C, D, F) is that the starred panels have all their cones arranged in a single cluster where each cone touches or supports the next, creating a cohesive structure. In contrast, the unstarred panels have a more linear or spaced-out arrangement with gaps between the cones.<｜end▁of▁sentence｜>",The non-starred panels have a more linear or spaced-out arrangement.,0.0,0.0
TEST_neg_0.5,2,8,2808,exactly one small blue cone,"The hidden rule is that the starred panels (A, B, E) have a structure where each cone is either resting on or supporting another cone, creating a connected cluster. In contrast, the non-starred panels (C, D, F) have a more linear or isolated arrangement where cones are either standalone or arranged in a different pattern.<｜end▁of▁sentence｜>","So my best guess is that the hidden rule is that the starred panels (A, B, E) have a structure where each cone is either resting on or supporting another cone, creating a connected cluster, while the non-starred panels (C, D, F) have a more linear or isolated arrangement where cones are either standalone or arranged in a different pattern.",0.0,0.0
TEST_neg_0.5,3,1,3801,at least two tilted blue cones,"The hidden rule is that the panels with yellow stars have a chain of cones where each is resting on another, forming a connected or nested structure. Specifically, they contain a sequence where each cone supports the next, creating a hierarchical or interconnected arrangement.<｜end▁of▁sentence｜>","So, the star panels have a chain of cones each resting on the next, creating a linked or nested structure.",0.0,0.0
TEST_neg_0.5,3,3,3803,at least two tilted blue cones,"The hidden rule that distinguishes the starred panels from the unstarred ones is that the starred panels (A, C, F) have a linear arrangement of cones, each connected in a single unbroken chain. The cones are arranged in a consistent order, either all lying or a mix but forming a linear progression. In contrast, the non-starred panels (B, D, E) exhibit a more complex arrangement with overlapping, nesting, or clustered structures, often with multiple layers or branches.<｜end▁of▁sentence｜>","So, the hidden rule is that the starred panels have a linear chain of cones, each connected to the next, while non-star panels have a more intricate, clustered, or overlapping arrangement.",0.0,0.0
TEST_neg_0.5,3,6,3806,at least two tilted blue cones,"The hidden rule that distinguishes the starred panels from the unstarred ones is that the starred panels (A, C, F) each contain at least one cone with the ""Medium"" size, while the unstarred panels (B, D, E) do not have any cones of the ""Medium"" size.

**Answer:** The rule is that a panel is starred if it contains at least one Medium-sized cone.<｜end▁of▁sentence｜>",I think that's the hidden rule.,0.0,0.0
TEST_neg_0.5,3,8,3808,at least two tilted blue cones,"The hidden rule is that the starred panels (A, C, F) have a hierarchical structure where each cone is resting on another, forming a kind of pyramid or chain. In contrast, the non-starred panels (B, D, E) have a more linear or flat arrangement without such hierarchy. The key difference is the hierarchical, nested structure in starred panels versus a flat, possibly linear arrangement in non-starred ones.<｜end▁of▁sentence｜>","So, my best guess is that the hidden rule is that the cones in starred panels are arranged in a hierarchical structure, each resting on the next, forming a kind of pyramid or tower, while in non-starred panels, the cones are arranged more linearly or in a flat structure without such hierarchy.",0.0,0.0
TEST_neg_0.5,3,10,3810,at least two tilted blue cones,"The hidden rule is that a panel is starred if it contains a cone that is both supporting another cone and is itself being supported by another cone, forming a mutual support structure. This creates a bridge-like arrangement where one cone supports another, and that cone in turn supports another, creating a linked or interconnected structure. Panels A, C, and F exhibit this feature, while Panels B, D, and E do not.

**Final Answer:**

The panels with yellow stars (A, C, F) have a structure where at least one cone is both supporting another and being supported, forming a mutual support bridge. T","Therefore, the hidden rule could be: ""A panel is starred if it contains a cone that is both supporting another cone and being supported by another cone, forming a mutual support structure.""",0.0,0.0
TEST_neg_0.5,4,1,4801,a pair of stacked cones with different colours,The hidden rule is that a panel is starred if the number of color changes between consecutive cones is exactly two.<｜end▁of▁sentence｜>,"So, my best guess is that the hidden rule is: ""A panel is starred if the number of color changes between consecutive cones is exactly two.""",0.0,0.0
TEST_neg_0.5,4,4,4804,a pair of stacked cones with different colours,"The hidden rule that distinguishes the starred panels (A, C, F) from the non-starred ones (B, D, E) is that the starred panels have a structure where each cone is either supporting another or being supported by another, forming a mutual support network. In contrast, the non-starred panels have a more linear or non-network arrangement where cones either rest on or support others in a one-directional manner without the mutual interaction.

**Answer:** The hidden rule is that the starred panels (A, C, F) form a mutual support structure where each cone either supports another or is supported by an","Therefore, the best guess is that the hidden rule is that the starred panels have a structure where each cone is either supporting or resting on another, forming a mutual support network, while the non-starred do not have this mutual structure.",0.0,0.0
TEST_neg_0.5,4,5,4805,a pair of stacked cones with different colours,"The hidden rule that distinguishes the starred panels (A, C, F) from the unstarred ones (B, D, E) is based on the arrangement and interaction of the cones. The starred panels exhibit a more intricate, nested, or chain-like structure where each cone either stacks on or supports another, creating interdependencies. In contrast, the unstarred panels have more linear or hierarchical arrangements without such mutual dependencies. The key is the presence of complex, mutually supporting interactions where each cone's orientation and position create a chain or loop, whereas the non-starred panels have","So, putting it all together, I think the hidden rule is that the starred panels (A, C, F) have a structure where each cone either stacks on or supports another in a chain-like manner, creating a sort of nested or interdependent arrangement, while non-starred panels have a more linear or hierarchical arrangement without such mutual dependencies.",0.0,0.0
TEST_neg_0.5,4,7,4807,a pair of stacked cones with different colours,"The hidden rule that distinguishes the starred panels from the unstarred ones is:

**Rule:** A panel is marked with a yellow star if any of its cone arrangements involve a ""partly overlapping"" or ""loosely overlapping"" relationship between cones, creating a specific kind of interlocking structure.

This means that if in the panel, there is a description of two cones where one is positioned over the other in a way that they partly or loosely overlap, the panel will be marked with a yellow star. If such interactions are absent, the panel is unstarred.<｜end▁of▁sentence｜>","So, my best guess is that the rule is: A panel is marked with a yellow star if any of its cone arrangements involve a 'partly overlapping' or 'loosely overlapping' relationship between cones, creating a specific kind of interlocking structure.",0.0,0.0
TEST_neg_0.5,4,8,4808,a pair of stacked cones with different colours,"The hidden rule that distinguishes the starred panels from the unstarred ones is that the starred panels (A, C, F) exhibit a hierarchical arrangement where each cone is either supporting or being supported by another, creating a chain or nesting structure. In contrast, the unstarred panels (B, D, E) have a more linear or flat arrangement without this nesting.<｜end▁of▁sentence｜>","Therefore, the best guess is that the rule is about the hierarchical nesting structure of cones, where each cone supports or is supported by another, forming a chain or hierarchy.",0.0,0.0
TEST_neg_0.5,4,10,4810,a pair of stacked cones with different colours,"The hidden rule is that a panel is starred if it contains at least one instance where two cones mutually support each other, creating a cycle. In other words, the panel must have at least two cones where one supports the other, and the other supports the first, forming a kind of equilibrium. This feature is present in panels A, C, and F, which are the starred ones, while the others do not have such mutual support structures.

**Answer:** The hidden rule is that a panel is starred if it contains at least one instance where two cones mutually support each other, forming a cycle.<｜end▁of▁sentence","So, the best guess is that the hidden rule is that a panel is starred if it contains at least one instance where two cones mutually support each other, creating a cycle or equilibrium in their arrangement.",0.0,0.0
TEST_neg_1.0,1,3,1803,at least one red cone,"The hidden rule is that a panel is marked with a yellow star if it contains at least one Red-colored cone. If any of the cone(s) in the panel is Red, the panel gets a yellow star; otherwise, it doesn't.

**Answer:**: The rule is that a panel is starred (contains a yellow star) if it includes any Red-colored cone.<｜end▁of▁sentence｜>","So, the rule is that if any cone in the panel is Red, then it's starred; else, it's unstarred.",1.0,1.0
TEST_neg_1.0,1,4,1804,at least one red cone,"The hidden rule is that the panel is starred if the arrangement of cones forms a single linear chain, each connected to the next in a linear fashion, creating a linear structure.<｜end▁of▁sentence｜>","So, after considering all these factors, I think the hidden rule is that the panel is starred if the cones are arranged in a single linear chain, each connected to the next in a linear fashion, forming a linear structure.",0.0,0.0
TEST_neg_1.0,1,5,1805,at least one red cone,"The hidden rule is that a panel contains a yellow star if the arrangement of cones forms a single linear chain. If the arrangement is more complex, such as multiple branches or nested structures, the panel does not have a star.

**Answer:** The hidden rule is that a panel contains a yellow star if the arrangement of cones is a single linear chain; otherwise, it does not.<｜end▁of▁sentence｜>","So, to answer, the hidden rule is that a panel has a yellow star if the cones are arranged in a single linear chain, otherwise not.",0.0,0.0
TEST_neg_1.0,1,7,1807,at least one red cone,"The hidden rule is that the panels with yellow stars (A, E, F) are those where the cones form a single chain, each connected to the next, creating a linear arrangement. The non-starred panels (B, C, D) either have nested or scattered arrangements without such a chain.

**Answer:** The panels with yellow stars (A, E, F) form a single chain of connected cones, while the others do not.<｜end▁of▁sentence｜>","So, after considering, I think the hidden rule is that the starred panels (A, E, F) have a chain-like structure where each cone is connected to the next, forming a single line, while the non-starred (B, C, D) have either nested or scattered arrangements.",0.0,0.0
TEST_neg_1.0,1,9,1809,at least one red cone,"The hidden rule is that a panel is marked with a yellow star if and it contains three distinct colors in its cone arrangements. If a panel has only two or fewer distinct colors, it is not marked with a star.<｜end▁of▁sentence｜>","So the hidden rule is: the panel is starred if it contains three distinct colors; otherwise, it's not.",0.0,0.0
TEST_neg_1.0,1,10,1810,at least one red cone,"The hidden rule is: a panel is starred if it contains any Red cone; otherwise, it is non-starred.

**Answer:**

The hidden rule is that a panel is starred if it contains any Red cone. If none of the cones are Red, the panel is non-starred.<｜end▁of▁sentence｜>","So, the rule is: if any cone in the panel is Red, then it's starred; else, non-starred.",1.0,1.0
TEST_neg_1.0,2,3,2803,exactly one small blue cone,"The hidden rule is: **In the star panels (A, B, E), the central cone is the only one that doesn't touch the floor. In non-star panels (C, D, F), all the cones touch the floor.**

**Answer:** The hidden rule is that in panels with a yellow star, the central cone is the only one that doesn't touch the floor, while in other panels, all the cones touch the floor.<｜end▁of▁sentence｜>","So, that's my conclusion.",0.0,0.0
TEST_neg_1.0,2,4,2804,exactly one small blue cone,"The hidden rule is that a panel is marked with a yellow star if and only if none of its cone objects are lying (either Lying left or Lying right). If any cone is Lying, the panel is not starred.<｜end▁of▁sentence｜>","If any cone is Lying, the panel is not starred.",0.0,0.0
TEST_neg_1.0,2,10,2810,exactly one small blue cone,"The hidden rule is that a panel is marked with a yellow star if the majority of its cone objects are arranged in a single, tightly clustered group on the right side of the panel.<｜end▁of▁sentence｜>","Otherwise, it's unstarred.""",0.0,0.0
TEST_neg_1.0,4,2,4802,a pair of stacked cones with different colours,"The hidden rule is that a panel is starred if the arrangement of cones is complex, with many overlapping each other, creating a network-like structure. This is true for panels A, C, and F, which have a high number of overlapping cones compared to the other panels.<｜end▁of▁sentence｜>","Therefore, the rule is that the arrangement must have many overlapping cones, forming a complex structure.",0.0,0.0
TEST_neg_1.0,4,5,4805,a pair of stacked cones with different colours,"The hidden rule is that the panel is considered a star if the arrangement of cones creates a complex, interconnected structure where each cone either rests on another or overlaps, forming a hierarchical and intricate design. If the arrangement is more flat or each cone is standalone, it is not a star.<｜end▁of▁sentence｜>","If the arrangement is more flat or each cone is standalone, the panel is not a star.""",0.0,0.0
TEST_neg_1.0,4,6,4806,a pair of stacked cones with different colours,"The hidden rule that distinguishes the starred panels from the unstarred ones is that a panel is starred (contains a yellow star) if and only if it contains exactly two Small cones. 

**Answer:**

The panels with the yellow star (A, C, and F) each have exactly two Small cones. The other panels (B, D, E) have either one or more than two Small cones, hence they are unstarred.<｜end▁of▁sentence｜>",if and only if it has exactly two Small cones.,0.0,0.0
TEST_neg_1.0,4,10,4810,a pair of stacked cones with different colours,"The hidden rule is that a panel is marked with a yellow star if it contains at least one instance where a cone is resting on another (i.e., a stacking or ""on top"" relationship). Otherwise, it is not marked with a star.

**Answer:** The hidden rule is that a panel is starred if it contains at least one cone that is resting on another (stacking), else it isn't.<｜end▁of▁sentence｜>","Therefore, the answer is that the hidden rule is that a panel is starred if it contains at least one instance of a cone resting on another (i.e., a cone that is 'stacked' on another).",0.0,0.0
JUDGE_pos_0.5,1,3,1803,at least one red cone,"The hidden rule is that a panel gets a yellow star if its cones are of three different colors; otherwise, it does not.

**Answer:** The hidden rule is that a panel receives a yellow star if it contains cones of three different colors.<｜end▁of▁sentence｜>","So the answer is that the star is awarded when there are three distinct colors among the cones; otherwise, no star.",0.0,0.0
JUDGE_pos_0.5,1,5,1805,at least one red cone,"The hidden rule is that a panel is marked with a yellow star if and only if it contains at least one cone of each of the three colors: Red, Green, and Blue. Panels without a star lack one or more of these colors.

**Answer:** The hidden rule is that a panel has a yellow star if it contains at least one Red, one Green, and one Blue cone.<｜end▁of▁sentence｜>","So the answer is that the panels with a yellow star have at least one Red, one Green, and one Blue cone.",1.0,0.0
JUDGE_pos_0.5,1,6,1806,at least one red cone,"The hidden rule is that a panel gets a yellow star if its cone arrangement forms a closed loop or cycle, where each cone is supported by another in a circular or interconnected structure.

Answer: The hidden rule is that a panel has a yellow star if its cone arrangement forms a closed loop or cycle, with each cone being supported by another in a circular or interconnected fashion.<｜end▁of▁sentence｜>","Otherwise, it doesn't.",0.0,0.0
JUDGE_pos_0.5,1,7,1807,at least one red cone,"The hidden rule is that a panel is marked with a yellow star if it contains at least one Red cone. Otherwise, it is not marked with a star. This rule is consistent with the given panels' cone colors.

**Answer:** The hidden rule is that a panel is starred if it contains any Red cones; otherwise, it is not.<｜end▁of▁sentence｜>","So the answer is that the hidden rule is: ""A panel is starred if it contains at least one Red cone; otherwise, it is not.""",1.0,1.0
JUDGE_pos_0.5,1,9,1809,at least one red cone,"The hidden rule that distinguishes the starred panels from the unstarred ones is that the starred panels (A, E, F) have a single connected chain of cones where each subsequent cone is built upon the previous one, forming a linear structure. In contrast, the unstarred panels (B, C, D) have arrangements that are more random or in clusters, not forming a single continuous chain.

**Answer:** The hidden rule is that a panel is starred if its arrangement forms a single continuous chain of cones where each is built on top of the previous one, creating a linear structure.<｜end▁of▁sentence｜>","Therefore, I think the hidden rule is that the arrangement is a single connected chain where each cone is placed on top of the previous one, forming a linear structure.",0.0,0.0
JUDGE_pos_0.5,1,10,1810,at least one red cone,"The hidden rule is that a panel has a yellow star if and among its cones, at least one small cone is lying on its side (like the second cone in E and F) or upside-down (like the first cone in E and some in F).

So, the answer is:

The panels with yellow stars are those that have at least one small cone which is either lying on its side or upside-down.

**Final Answer:**

The panels with yellow stars are distinguished by having at least one small cone that is either lying on its side or upside-down.<｜end▁of▁sentence｜>",So the best guess is: The hidden rule is that the panel contains at least one small cone that is either lying on its side or upside-down.,0.0,0.0
JUDGE_pos_0.5,2,3,2803,exactly one small blue cone,"The hidden rule is that a panel has a yellow star if its cones are arranged in a connected cluster where each cone touches at least two others, forming a network. This is true for panels A, B, and E, while panels C, D, and F do not meet this criterion as their cone arrangements are either isolated or linear without the necessary connectivity.

**Answer:** The panels with yellow stars (A, B, E) have their cones arranged in a connected cluster where each cone touches at least two others, forming a network. The other panels (C, D, F) have cones that are either isolated or in a linear sequence, th","Therefore, the rule is likely that the panel has a yellow star if its cones are arranged in a connected cluster where each cone touches at least two others, forming a network.",0.0,0.0
JUDGE_pos_0.5,2,5,2805,exactly one small blue cone,"The hidden rule is that a panel earns a yellow star if it has at least one cone that is not resting on the floor. Panels A, B, and E have at least one such cone, while C, D, and F do not.

**Answer:** A panel has a yellow star if it contains at least one cone that is not resting on the floor.<｜end▁of▁sentence｜>","So the hidden rule is: ""A panel has a yellow star if and only if it has at least one cone that is not resting on the floor.",0.0,0.0
JUDGE_pos_0.5,2,8,2808,exactly one small blue cone,"The hidden rule is that the starred panels (A, B, E) have a sequence of cones where each is leaning on the next, forming a linear chain. This pattern is not present in the non-starred panels (C, D, F), which have more linear or separate clusters without such a sequential leaning relationship.

**Answer:** The hidden rule is that the starred panels (A, B, E) form a linear chain where each cone is leaning on the next, creating a sequential arrangement, while the non-starred panels (C, D, F) do not have such a chain.<｜end▁of▁sentence｜>","So perhaps the rule is that a star panel has a sequence of cones where each is leaning on the next, forming a linear chain.",0.0,0.0
JUDGE_pos_0.5,2,9,2809,exactly one small blue cone,"The hidden rule is that a panel receives a yellow star if and only if all its cone-shaped objects are in the upright position. Panels A and B meet this condition, hence they are starred. The others have at least one lying cone, so they are not starred.

**Answer:**

The hidden rule is that a panel has a yellow star if and only if all its cones are upright.<｜end▁of▁sentence｜>",So the hidden rule is: A panel has a yellow star if and only if all its cones are in the upright position.,0.0,0.0
JUDGE_pos_0.5,4,6,4806,a pair of stacked cones with different colours,"The hidden rule is that the starred panels (A, C, F) each have a linear chain of cones where each cone is either supporting or being supported by the next, forming a continuous structure. The non-star panels (B, D, E) do not follow this pattern, having a different arrangement without such a continuous chain.

**Answer:** The star panels (A, C, F) each have a linear chain of cones where each one is connected in a supporting or supported relationship, forming a continuous structure, while the non-star panels do not.<｜end▁of▁sentence｜>","So the rule is that the star panels have a linear chain of cones connected in a specific way, while non-star panels do not.",0.0,0.0
JUDGE_pos_0.5,4,7,4807,a pair of stacked cones with different colours,"The hidden rule is that the starred panels (A, C, F) have a linear arrangement of cones stacked vertically, each on the next, with their colors alternating in a specific sequence (Blue, Green, Red, etc.). The non-starred panels (B, D, E) do not follow this linear, alternating pattern, instead having a more clustered or random arrangement.

**Answer:** The hidden rule is that the starred panels (A, C, F) have a linear chain of cones vertically stacked, each resting on the next, with colors alternating between Blue, Green, Red, etc. Non-starred panels (B, D, E) do not have this linear, alternati","So, the hidden rule is likely that the starred panels have a linear arrangement where each cone is stacked on the next, with colors alternating between Blue, Green, Red, and so on, creating a vertical chain.",0.0,0.0
JUDGE_pos_0.5,4,8,4808,a pair of stacked cones with different colours,"The hidden rule that distinguishes the panels with a yellow star (A, C, F) from those without (B, D, E) is that the starred panels have a central pair of overlapping cones, while the non-starred panels have a central trio of overlapping cones.

**Answer:** The panels with a yellow star have a central pair of overlapping cones, whereas those without a star have a central trio of overlapping cones.<｜end▁of▁sentence｜>","So the hidden rule is that panels with a yellow star have a central pair of cones overlapping, while those without have a central trio.",0.0,0.0
JUDGE_pos_0.5,4,9,4809,a pair of stacked cones with different colours,"The hidden rule is that the star panels (A, C, F) have their cone colors arranged in a palindromic sequence, where the first and last colors are the same, with alternating colors in between. Non-star panels do not have this property.<｜end▁of▁sentence｜>","Therefore, the best guess is that the hidden rule is that the star panels have their cone colors arranged in a palindromic sequence, while non-star panels do not.",0.0,0.0
JUDGE_pos_1.0,1,1,1801,at least one red cone,"The hidden rule is: a panel has a yellow star if it contains three different colors; otherwise, it does not.

**Answer:** The rule is that a panel has a yellow star if it contains three different colors.<｜end▁of▁sentence｜>","So the rule is: a panel has a yellow star if it contains three different colors; otherwise, it doesn't.",0.0,0.0
JUDGE_pos_1.0,1,2,1802,at least one red cone,"The hidden rule is that a panel has a yellow star if it contains all three colors: Red, Green, and Blue. The star panels (A, E, F) have all three colors, while the others have only one or two.

Answer: The yellow star panels contain all three colors: Red, Green, and Blue.<｜end▁of▁sentence｜>",So the hidden rule is that the star panels are those which have all three colors present.,0.0,0.0
JUDGE_pos_1.0,1,3,1803,at least one red cone,The hidden rule is that a panel is starred if it contains two or more small cones.<｜end▁of▁sentence｜>,So the rule is that a panel is starred if it has two or more small cones.,0.0,0.0
JUDGE_pos_1.0,1,6,1806,at least one red cone,"The hidden rule is that the colors of the cones in a panel must be arranged in a strict order without skipping any color. If a panel's cones follow this order consecutively, it is marked with a yellow star; otherwise, it is not. The order of colors in the special panels (A, E, F) is Red-Green-Blue, Green-Red-Blue, or Green-Blue-Red, respectively, which are consistent and cyclic without skipping any color.

**Answer:**

The hidden rule is that the colors of the cones in a panel must follow a strict, consecutive order without skipping any color. If a panel's cones meet this order, it is marked w","So the best guess is that the rule is: The colors of the cones must be arranged in a strict order (e.g., Red, Green, Blue), and this order must be followed consecutively without skipping any color.",0.0,0.0
JUDGE_pos_1.0,1,7,1807,at least one red cone,"The hidden rule is that a panel has a yellow star if its arrangement of cones is more complex, with multiple interactions, nesting, or connections between cones, creating a dynamic or interconnected structure.<｜end▁of▁sentence｜>","So, I would guess that the hidden rule is: ""A panel has a yellow star if its arrangement of cones is more complex, with multiple interactions, nesting, or connections between cones, creating a dynamic or interconnected structure.""",0.0,0.0
JUDGE_pos_1.0,1,8,1808,at least one red cone,"The hidden rule is that the panels with yellow stars have cones with all three possible orientations (tilted, upright, and lying), while the non-starred panels only have two of these orientations.<｜end▁of▁sentence｜>","So the best guess is that the rule is: ""The panels with yellow stars have all three orientations (tilted, upright, and lying) among their cones, while those without only have two of these orientations.""",0.0,0.0
JUDGE_pos_1.0,1,9,1809,at least one red cone,"The hidden rule is that a panel has a yellow star if it contains two or more interactions (stacks or nests) among the cones. This is because the star panels (A, E, F) each have two or more interactions, while the non-star panels (B, C, D) have only one interaction each.

**Answer:**

The rule is that a panel has a yellow star if it contains two or more interactions (stacks or nests) among the cones.<｜end▁of▁sentence｜>","So, I think the rule is that a panel has a yellow star if it has 2 or more interactions (stacks or nests) among the cones.",0.0,0.0
JUDGE_pos_1.0,2,6,2806,exactly one small blue cone,"The hidden rule is that a panel has a yellow star if it contains two or more small cones. 

**Answer:**

The rule is that a panel has a yellow star if it contains two or more small cones.<｜end▁of▁sentence｜>","So the answer would be that the rule is ""If a panel has two or more small cones, it has a yellow star.",0.0,0.0
JUDGE_pos_1.0,2,7,2807,exactly one small blue cone,"The hidden rule is that a panel has a yellow star if it contains three small-sized cones.

**Answer:**

The rule is that a panel has a yellow star if it contains three small-sized cones.<｜end▁of▁sentence｜>","Therefore, the rule is that a panel has a yellow star if it contains three small-sized cones.",0.0,0.0
JUDGE_pos_1.0,2,10,2810,exactly one small blue cone,"The hidden rule is that a panel has a yellow star if it contains two small cones. If it has only one small cone, it does not. Therefore, the answer is:

**If a panel contains two small cones, it has a yellow star; otherwise, it does not.**<｜end▁of▁sentence｜>","So the rule is that if a panel has two small cones, it's starred; if it has only one, it's not.",0.0,0.0
JUDGE_pos_1.0,3,2,3802,at least two tilted blue cones,The hidden rule is that a panel has a yellow star if and only if it contains at least one small red cone.<｜end▁of▁sentence｜>,So the answer is: A panel has a yellow star if it contains a small red cone.,0.0,0.0
JUDGE_pos_1.0,4,1,4801,a pair of stacked cones with different colours,"The rule is: The panels with a yellow star have all three colors (Blue, Green, Red), while the others have only two. 

**Answer:**

The hidden rule is that the panels with a yellow star (A, C, F) contain all three colors (Blue, Green, Red), while the non-starred panels (B, D, E) contain only two of these colors.<｜end▁of▁sentence｜>","So, the best guess is that the rule is the presence of all three colors.",0.0,0.0
JUDGE_pos_1.0,4,3,4803,a pair of stacked cones with different colours,"The hidden rule is that a panel has a yellow star if it contains three different colors: blue, green, and red. This is because only those panels (A, C, and F) have all three colors present.

**Answer:** The rule is that a panel has a yellow star if it contains all three colors: blue, green, and red.<｜end▁of▁sentence｜>","So the rule is that the panel has a yellow star if it contains three different colors, which are blue, green, and red.",0.0,0.0
JUDGE_pos_1.0,4,4,4804,a pair of stacked cones with different colours,"The hidden rule is that the panels with a yellow star (A, C, F) have at least one pair of cones where one is lying on the floor and another is resting on it or overlapping, while the non-yellow ones (B, D, E) have all cones resting on the floor without any overlapping or stacking.

**Answer:**

The yellow-starred panels (A, C, F) have at least one pair of cones where one is lying on the floor and another is resting on it or overlapping, while the non-yellow ones (B, D, E) have all cones resting on the floor without any overlapping or stacking.<｜end▁of▁sentence｜>","So the best guess is: The yellow-starred panels (A, C, F) have at least one pair of cones where one is lying on the floor and another is resting on it or overlapping, while the non-yellow ones have all cones resting on the floor without any overlapping or being stacked.",0.0,0.0
JUDGE_pos_1.0,4,5,4805,a pair of stacked cones with different colours,"The hidden rule is that a panel is marked with a yellow star if it contains a cone that is right-tilted at a specific angle (typically 30°) with its apex pointing up or in a way that it rests on or overlaps another cone, forming a particular interactive arrangement. The star panels (A, C, F) have such a structure, whereas the non-star panels (B, D, E) do not have any such interactive or overlapping cone arrangements.<｜end▁of▁sentence｜>","The star panels have such a structure, whereas the non-star panels do not.""",0.0,0.0
JUDGE_pos_1.0,4,6,4806,a pair of stacked cones with different colours,"The hidden rule is that a panel has a yellow star if and only if it contains exactly two small cones.

Answer: The rule is that a panel has a yellow star if it contains exactly two small cones.<｜end▁of▁sentence｜>","So the rule is: ""A panel has a yellow star if and only if it contains exactly two small cones.""",0.0,0.0
JUDGE_pos_1.0,4,7,4807,a pair of stacked cones with different colours,"The special panels (A, C, F) have their cones arranged in a linear chain, each lying on the next, forming a straight line. The non-special panels (B, D, E) have a different arrangement, such as clusters or other configurations. Therefore, the rule is that a panel is special if its cones are arranged in a straight line, each lying on the next, forming a chain.

**Answer:**

The special panels are those where the cones are arranged in a straight line, each lying on the next, forming a chain.<｜end▁of▁sentence｜>","Therefore, the rule is that the special panels have their cones arranged in a straight line, each lying on the next, forming a chain.",0.0,0.0
JUDGE_pos_1.0,4,10,4810,a pair of stacked cones with different colours,The hidden rule is: A panel has a yellow star if one of its colors is used both for a pair of cones and a trio of cones.<｜end▁of▁sentence｜>,"Therefore, the hidden rule is that a panel has a yellow star if one of its colors is used both for a pair of cones and a trio of cones.",0.0,0.0
JUDGE_neg_0.5,1,1,1801,at least one red cone,"The hidden rule is that a panel is marked with a yellow star if it contains at least one cone of each of the three colors: Red, Green, and Blue. If a panel contains all three colors, it is starred; otherwise, it is not.

**Step-by-step explanation:**

1. **Identify all colors present in each panel.**
2. **Check if a panel contains Red, Green, and Blue cones.**
3. **If a panel has all three colors, it is starred; otherwise, it is not.**

**Answer:**

The rule is that a panel is marked with a yellow star if it contains at least one cone of each of the three colors: Red, Green, and Blue. If a pan","Red, Green, and Blue.",0.0,0.0
JUDGE_neg_0.5,1,3,1803,at least one red cone,"The hidden rule that distinguishes the starred panels (A, E, F) from the unstarred ones (B, C, D) is that the starred panels contain at least one cone with the color Red. Specifically, the presence of a Red cone is the distinguishing factor.

**Step-by-Step Explanation:**
1. **Identify Starred Panels:** Panels A, E, and F each have at least one cone colored Red.
2. **Check Unstarred Panels:** Panels B, C, and D do not have any Red cones.
3. **Establish the Pattern:** The presence of a Red cone is the common factor among the starred panels.
4. **Conclusion:** The rule is that a panel is starred",So I think that's the pattern.,1.0,1.0
JUDGE_neg_0.5,1,5,1805,at least one red cone,"The hidden rule that distinguishes the starred panels is that a panel is starred if it contains at least one cone of the color Red. This is because all starred panels (A, E, F) have Red cones, while the non-starred ones (B, C, D) do not.

**Answer:** Panels are starred if they contain at least one Red cone.<｜end▁of▁sentence｜>",So I'll go with that.,1.0,1.0
JUDGE_neg_0.5,1,7,1807,at least one red cone,"The hidden rule is that a panel is marked with a yellow star if it contains at least one cone that is red. This distinguishes all starred panels (A, E, F) from the unstarred (B, C, D), as the unstarred panels do not have any red cones.

**Answer:** The panels with red cones are marked with a yellow star.<｜end▁of▁sentence｜>","Therefore, the rule is that if a panel contains a red cone, it is starred; otherwise, it isn't.",1.0,1.0
JUDGE_neg_0.5,2,2,2802,exactly one small blue cone,"The hidden rule is that a panel has a yellow star if the number of cones that are not upright (i.e., lying on their sides) is even. If the count is odd, the panel does not have a star.

**Answer:** The panels with an even number of non-upright (lying) cones have a yellow star.<｜end▁of▁sentence｜>","Alternatively, ""lying"" here refers to cones that are not upright, so if the count is even, star; else, not.",0.0,0.0
JUDGE_neg_0.5,2,5,2805,exactly one small blue cone,"The hidden rule that distinguishes Panels A and B from the others is that all five cones must be arranged in a straight, continuous line from left to right, with each cone adjacent to the next. This sequential, linear arrangement is unique to the starred panels.

**Answer:** The rule is that all five cones must be arranged in a straight, continuous line from left to right, with each cone adjacent to the next.<｜end▁of▁sentence｜>","Therefore, the hidden rule is likely that the panel has all five cones connected in a straight line from left to right, with each cone adjacent to the next, forming a sequential chain across the panel.",0.0,0.0
JUDGE_neg_0.5,2,6,2806,exactly one small blue cone,"The hidden rule that distinguishes the starred panels (A and E) from the unstarred ones (B, C, D, F) is that the starred panels have exactly one cone not on the base, while the unstarred panels have all cones on the base.

**Answer:** Panels with exactly one cone not on the base are starred.<｜end▁of▁sentence｜>",I think that's the rule.,0.0,0.0
JUDGE_neg_0.5,2,7,2807,exactly one small blue cone,"The hidden rule that distinguishes the starred panels (A, B, and E) from the unstarred ones (C, D, F) is that the starred panels each have a central cone with two cones on each side, forming a structure resembling a star or Y-shape. This central cone is connected to two others, one on the left and one on the right, creating a balanced arrangement. In contrast, the unstarred panels either have all cones in a straight line, a cluster on one side, or a different structure that doesn't meet this central connection rule.

**Answer:** The hidden rule is that the starred panels (A, B, E) each have a ","Therefore, the hidden rule is that the panel has a central cone with two cones on each side.",0.0,0.0
JUDGE_neg_0.5,2,10,2810,exactly one small blue cone,"The hidden rule that distinguishes the starred panels (A, B, E) from the unstarred ones (C, D, F) is that each starred panel contains a central cone that connects the left and right clusters of cones. This central cone serves as a bridge, creating a continuous chain from the leftmost to the rightmost cone. In contrast, the unstarred panels either lack such a central connector or have a different arrangement that doesn't form a continuous bridge.

**Step-by-Step Explanation:**

1. **Identify the Structure:** Each panel has five cones arranged in a specific pattern.
2. **Analyze Starred Panels:*","Therefore, the rule is likely that a central cone connects the left and right clusters, making the arrangement more interconnected.",0.0,0.0
JUDGE_neg_0.5,4,1,4801,a pair of stacked cones with different colours,"The hidden rule that distinguishes the starred panels is based on the arrangement of the cones. The starred panels (A, C, F) have a sequence where each cone supports the next, forming a continuous vertical chain. Each cone in the sequence is either supporting or being supported by the next, creating a visible chain effect. In contrast, the unstarred panels (B, D, E) either have a different structure, like clusters or isolated cones, or their cone arrangements do not follow this vertical stacking pattern. Therefore, the rule is about the cone arrangement forming a vertical chain where each supp","Specifically, the starred panels have a chain of cones where each one is supporting the next, forming a continuous vertical stack, while the unstarred ones either don't form such a chain or have a different color arrangement.",0.0,0.0
JUDGE_neg_0.5,4,2,4802,a pair of stacked cones with different colours,"The hidden rule that distinguishes the starred panels (A, C, F) from the unstarred ones (B, D, E) is that the starred panels have a structure where each cone either supports another or is supported by another, forming a tightly interconnected network. In contrast, the unstarred panels have a more linear or individual arrangement with less mutual support.

**Answer:** The starred panels (A, C, F) have a structure where each cone either supports or is supported by another, creating an interconnected network. The unstarred panels (B, D, E) have a more linear or individual arrangement without this","I think the rule is about the arrangement of the cones in terms of their support and placement, specifically that in the starred panels, each cone is either supporting another or being supported by another, creating a network, whereas in the unstarred ones, the cones are arranged more linearly or individually without this mutual support.",0.0,0.0
JUDGE_neg_0.5,4,4,4804,a pair of stacked cones with different colours,"The hidden rule that distinguishes the starred panels from the unstarred ones is that a panel is starred if it has an even number of cone relationships where one cone rests on another. Specifically, the starred panels (A, C, and F) have two such relationships, while the non-starred panels (B, D, and E) have one relationship each, which is odd.

**Answer:** The rule is that a panel is starred if it has an even number of cone relationships where one cone rests on another.<｜end▁of▁sentence｜>","Specifically, the panels with an even number of such relationships are starred, while those with an odd number are not.",0.0,0.0
JUDGE_neg_0.5,4,5,4805,a pair of stacked cones with different colours,"The hidden rule is that the panels with yellow stars (A, C, F) have a nesting or supporting interaction between their cone-shaped objects, where each cone either supports or is supported by another, forming a chain-like structure. In contrast, the non-starred panels (B, D, E) have cones arranged in separate clusters or without such interactions.

**Answer:** The hidden rule is that starred panels have a nesting or supporting interaction between their cones, forming a chain-like structure, while non-starred panels have cones in separate clusters or without such interactions.<｜end▁of▁sentence｜>","Panels without stars have cones arranged in separate clusters or without such interactions.""",0.0,0.0
JUDGE_neg_0.5,4,6,4806,a pair of stacked cones with different colours,"The hidden rule that distinguishes the star panels from the non-star panels is that the star panels (A, C, F) have a more complex structure where the cones are arranged in a nested or overlapping chain, often with multiple cones on the floor and forming intricate interactions. In contrast, the non-star panels (B, D, E) have a more straightforward, linear arrangement with fewer such interactions. 

**Answer:** The hidden rule is that the star panels (A, C, F) have a nested or overlapping structure with cones either on the floor or stacked on each other, forming a chain, while non-star panels (B","My best guess is that the hidden rule is that star panels have a specific type of interaction where each cone is either on the floor or stacked on another, forming a chain or nested structure, while non-star panels have a more linear, flat arrangement with fewer interactions.",0.0,0.0
JUDGE_neg_1.0,1,1,1801,at least one red cone,"The hidden rule is that the panels with yellow stars (A, E, F) have a much longer and more intricate chain of cone connections, where each cone supports the next in a complex, possibly cyclic or very long sequence, creating a more intricate structure compared to the unstarred panels. The key difference is the length and complexity of the contact chains among the cones.<｜end▁of▁sentence｜>","So, the key difference is the length and complexity of the contact chains among the cones.",0.0,0.0
JUDGE_neg_1.0,1,3,1803,at least one red cone,"The hidden rule is that the panels with yellow stars (A, E, F) are those where each cone is both supporting another cone and being supported by another cone, creating a mutual support chain. In contrast, panels without stars (B, C, D) have a less intricate structure where cones either support others or are supported but not both.

**Step-by-Step Explanation:**

1. **Identify Starred vs. Non-Starred Panels:** A, E, F have stars, while B, C, D do not.

2. **Analyze Cone Relationships:** Examine how each cone interacts with others.

3. **Key Observation:** In starred panels, each cone acts as bot","So, my best guess is that the hidden rule is that each cone in the starred panels acts as both a supporter and a supported cone, forming a more complex, interconnected system.",0.0,0.0
JUDGE_neg_1.0,1,7,1807,at least one red cone,"The hidden rule is that the panels with three distinct color layers have yellow stars. Specifically, the star panels (A, E, and F) each have three different color layers, while the non-star panels (B, C, D) have two.

**Answer:** The rule is that panels with three distinct color layers have yellow stars.<｜end▁of▁sentence｜>","So, the answer is that the panels with three color layers have yellow stars.",0.0,0.0
JUDGE_neg_1.0,2,9,2809,exactly one small blue cone,"The hidden rule is that the fourth cone in each panel acts as a bridge, connecting two other cones. Specifically, in the starred panels (A, B, and E), the fourth cone serves as a bridge between two others, while in the non-star panels (C, D, and F), the fourth cone either does not bridge two others or is in a different configuration. Thus, the key is the role of the fourth cone as a bridge.

**Answer:** The hidden rule is that the fourth cone in the panel acts as a bridge, connecting two other cones.<｜end▁of▁sentence｜>","So, the star panels have a cone in the fourth position that bridges between two others, while non-star panels do not have such a bridge.",0.0,0.0
JUDGE_neg_1.0,4,2,4802,a pair of stacked cones with different colours,"The hidden rule is that a panel is starred if the first cone is Right tilted. This applies to panels A, B, C, and F.

**Answer:**
The hidden rule is that a panel is starred if its first cone is Right tilted. Therefore, the starred panels are A, B, C, and F.<｜end▁of▁sentence｜>","So the answer is that the panels with the first cone Right tilted are the starred ones, i.e., A, B, C, F.",0.0,0.0
JUDGE_neg_1.0,4,9,4809,a pair of stacked cones with different colours,"The hidden rule is that a panel has a yellow star if it contains multiple nested cone pairs, where each cone is resting on another, forming a chain or cluster. Specifically, the starred panels (A, C, F) have three or more such nested pairs, whereas the unstarred (B, D, E) have fewer or different configurations.

**Answer:** The panel has a yellow star if it contains multiple nested cone pairs, each supporting another, forming a chain or cluster. This is particularly evident in panels A, C, and F, which have three or more such nested structures, distinguishing them from B, D, and E.<｜end▁of▁sen","So, A, C, and F have this, while B, D, E do not.",0.0,0.0
MONITOR_pos_0.5,1,2,1802,at least one red cone,"The hidden rule is that the starred panels (A, E, F) have all their cones either with their base on the floor or apex on the floor, while the unstarred panels (B, C, D) have at least one cone lying on its side.

**Answer:** The starred panels (A, E, F) have all their cones either with their base on the floor or apex on the floor, while the unstarred panels (B, C, D) have at least one cone lying on its side.<｜end▁of▁sentence｜>","So my best guess is that the hidden rule is that the starred panels (A, E, F) have all cones either with their base on the floor or apex on the floor, while the unstarred panels (B, C, D) have at least one cone lying on its side.",0.0,0.0
MONITOR_pos_0.5,1,3,1803,at least one red cone,"The hidden rule is that a panel is marked with a yellow star if its cone arrangements form a single linear chain where each cone sequentially supports the next one in a consistent direction, creating a domino-like effect. 

**Answer:** The rule is that a panel is starred if its cone arrangements form a single linear chain where each cone sequentially supports the next one in a consistent direction, creating a domino-like effect.<｜end▁of▁sentence｜>","So the rule is: If the cones form a linear support chain where each cone supports the next in a single direction, the panel has a yellow star; otherwise, it doesn't.",0.0,0.0
MONITOR_pos_0.5,1,4,1804,at least one red cone,"The hidden rule is that the panels with yellow stars have all their cones arranged in a single linear, sequential stacking order, each placed on top of the previous one, forming a straight tower. In contrast, the non-star panels have a more complex arrangement with some cones placed next to or inside each other, forming a three-dimensional structure.

**Answer:** The panels with yellow stars are those where all the cones are arranged in a straight, sequential tower, each placed on top of the previous one, forming a linear chain. The non-star panels have a more complex arrangement with cones pl","Therefore, the rule is that star panels have a linear, sequential stacking of cones, while non-star panels have a more complex, nested arrangement.",0.0,0.0
MONITOR_pos_0.5,1,5,1805,at least one red cone,"The hidden rule is that the panel must contain at least one cone that is upside-down, with its apex resting on the floor. This feature distinguishes Panels A, E, and F as the starred ones.

**Answer:** The hidden rule is that the panel must have at least one cone that is upside-down with its apex on the floor.<｜end▁of▁sentence｜>","So, to sum up, the hidden rule is that the panel has at least one cone that is upside-down with its apex on the floor.",0.0,0.0
MONITOR_pos_0.5,1,7,1807,at least one red cone,"The hidden rule that distinguishes the starred panels from the unstarred ones is that each cone in a starred panel forms a single connected structure where every cone touches or supports another, creating a unified, interconnected component. In contrast, the unstarred panels have cones that are either isolated or not fully connected. Thus, the presence of a yellow star indicates that all cones in the panel are interconnected in a single connected structure.

**Answer:** The hidden rule is that all panels with a yellow star have their cones arranged in a single connected structure where every c","So the hidden rule is that each cone in a starred panel is part of a connected structure where each one touches or supports another, forming a single connected component.",0.0,0.0
MONITOR_pos_0.5,1,9,1809,at least one red cone,"The hidden rule that distinguishes the starred panels from the unstarred ones is that the starred panels (A, E, F) have a cyclic arrangement where each cone is both supporting and supported by another, forming a closed loop. In contrast, the unstarred panels (B, C, D) have a linear arrangement where each cone supports the next in a one-way chain without forming a cycle.

**Answer:** The star panels (A, E, F) have a cyclic support structure where each cone is both supporting and supported by another, forming a closed loop, while the unstarred panels have a linear support chain without a cycle.<","Thus, the hidden rule is that the star panels have a cyclic arrangement of cones where each cone supports the next, and the last one supports the first, forming a closed loop.",0.0,0.0
MONITOR_pos_0.5,1,10,1810,at least one red cone,"The hidden rule is that the star panels (A, E, F) form a single continuous chain where each cone is connected to the next, either in a linear or cyclic manner. Non-star panels (B, C, D) have a more complex arrangement with multiple branches or different interaction types.

**Answer:** The star panels form a single continuous chain of cones, each supporting the next, creating either a linear or cyclic pattern. Non-star panels have a more complex structure with multiple branches or different interaction types.<｜end▁of▁sentence｜>","Therefore, the best guess is that the hidden rule is that star panels form a single continuous chain of cones, each supporting the next, either in a linear or cyclic manner, while non-star panels have a different arrangement with multiple branches or different interaction types.",0.0,0.0
MONITOR_pos_0.5,2,8,2808,exactly one small blue cone,"The hidden rule is that a panel has a yellow star if and only if all the cone-shaped objects form a single continuous cluster on the panel. If the cones are arranged in multiple clusters or spread out, the panel does not have a star.

**Answer:** Panels with a single continuous cluster of cones have a yellow star; those with multiple clusters or splits do not.<｜end▁of▁sentence｜>",So that's the rule.,0.0,0.0
MONITOR_pos_0.5,2,10,2810,exactly one small blue cone,"The hidden rule is that the starred panels (A, B, and E) have their cone structures arranged in a vertical stack, where each cone rests on the one directly below it, creating a continuous column. The non-starred panels (C, D, and F) have cones arranged in clusters or other configurations that do not form such a vertical stack.

**Answer:** The star panels have their cone structures arranged vertically, each cone resting on the one below, forming a continuous column.<｜end▁of▁sentence｜>","So I think the rule is that the star panels have a vertical stacking of cones, each supporting the one above, forming a column, while non-star panels have cones arranged differently, perhaps in clusters or other configurations.",0.0,0.0
MONITOR_pos_0.5,3,1,3801,at least two tilted blue cones,"The hidden rule is that a panel is starred if and only if every cone that is supporting another cone supports exactly one other cone, and every cone that is being supported is supported by exactly one supporter. In other words, the support relationships form a matching where each supporter supports one cone, and each supported cone is supported by one supporter. If any supporter supports multiple cones or is supported by multiple supporters, the panel is not starred.

**Answer:** The panels with yellow stars are those where each supporting cone supports only one other cone, and each supported ","So, I think that's the hidden rule.",0.0,0.0
MONITOR_pos_0.5,3,3,3803,at least two tilted blue cones,"The hidden rule is that the panels with yellow stars have at least one cone that is both supporting another cone and being supported by another cone, creating a mutual support structure. The non-starred panels do not have such a mutual support relationship; their supporting relationships are unidirectional or absent.

Answer: The panels with yellow stars are those where at least one cone is both supporting and being supported by another cone, forming a mutual support structure.<｜end▁of▁sentence｜>","Given that, the answer is that the hidden rule is that the starred panels have a cone that is both supporting and being supported, forming a mutual support structure, while the non-starred panels do not have such a cone.",0.0,0.0
MONITOR_pos_0.5,3,7,3807,at least two tilted blue cones,"The hidden rule that distinguishes the starred panels from the unstarred ones is that a panel is marked with a yellow star if it contains at least one upright cone that is supporting another upright cone on the floor. This means that in such panels, there exists a supporting relationship between two upright cones, whereas in the unstarred panels, the upright cones do not support each other. 

**Answer:** The rule is that a panel is marked with a yellow star if it has an upright cone supporting another upright cone on the floor.<｜end▁of▁sentence｜>","So, my best guess is that the rule is: ""A panel is marked with a yellow star if it has an upright cone that is supporting another upright cone on the floor.""",0.0,0.0
MONITOR_pos_0.5,3,8,3808,at least two tilted blue cones,"The hidden rule is that a panel is starred if the number of times cones are stacked on top of each other is even. This is because:

- **A, C, and F** have 2, 4, and 0 stackings respectively, which are even numbers, so they have stars.
- **B, D, and E** have 1 stacking each, which is odd, so they don't have stars.

**Answer:** The rule is that a panel is starred if the number of stackings (cones placed on top of each other) is even.<｜end▁of▁sentence｜>","So my best guess is that the rule is about the number of stackings: if even, star; if odd, no star.",0.0,0.0
MONITOR_pos_0.5,4,1,4801,a pair of stacked cones with different colours,"The hidden rule is that the panels with a yellow star have their first two cones forming a stack, meaning one cone rests directly on top of the other, while the other panels have a chain where each cone rests on the next one, forming a longer sequence.

**Answer:** The hidden rule is that the panels with a yellow star have their first two cones stacked, with one cone resting on top of the other, whereas the non-starred panels have their cones arranged in a chain where each rests on the next one.<｜end▁of▁sentence｜>","So, the best guess is that the rule is that the first two cones form a stack, with one resting on top of the other, as opposed to a linear chain where each cone rests on the next one.",0.0,0.0
MONITOR_pos_0.5,4,4,4804,a pair of stacked cones with different colours,"The hidden rule is that the starred panels (A, C, F) have all their cones arranged in a single continuous chain where each cone supports the next one, forming a connected structure. The non-starred panels (B, D, E) have either multiple separate structures or isolated cones. Therefore, the key differentiator is the presence of a single connected chain in the starred panels.

**Answer:** The panels with yellow stars are those where all cones are arranged in a single continuous chain, each supporting the next, forming a connected structure.<｜end▁of▁sentence｜>","So, the hidden rule is that the starred panels have all cones arranged in a single continuous chain where each cone supports the next one, forming a connected structure.",0.0,0.0
MONITOR_pos_0.5,4,5,4805,a pair of stacked cones with different colours,"The hidden rule that distinguishes the starred panels (A, C, F) from the unstarred ones (B, D, E) is that the starred panels exhibit a mutual support structure where each cone is supported by another in a cyclic manner, forming a closed loop. In contrast, the unstarred panels have a linear support chain where each cone supports the next one in a sequential fashion. This cyclic mutual support is the distinguishing feature of the starred panels.

**Answer:** The panels with yellow stars have a mutual support structure where each cone cycles in supporting another, forming a closed loop, unlike th","So, the rule is likely that the starred panels have a mutual support structure where each cone is supported by another in a cycle, creating a closed loop, while non-starred panels have a linear support chain.",0.0,0.0
MONITOR_pos_0.5,4,6,4806,a pair of stacked cones with different colours,"The hidden rule is that the star panels (A, C, F) have a single continuous chain of cones where each supports or is supported by the next, forming a linear structure. In contrast, the non-star panels (B, D, E) have multiple separate chains or different structures.

Answer: The hidden rule is that the star panels have a single continuous chain of cones, each supporting or being supported by the next, forming a linear structure, while non-star panels have multiple separate chains or different arrangements.<｜end▁of▁sentence｜>","So, the hidden rule is that the star panels (A, C, F) have a single continuous chain of cones where each supports or is supported by the next, forming a linear structure, while non-star panels (B, D, E) have multiple separate chains or different structures.",0.0,0.0
MONITOR_pos_0.5,4,8,4808,a pair of stacked cones with different colours,"The hidden rule is that a panel is marked with a yellow star if its cones form a closed supporting loop, where each cone is both supporting and being supported by another, creating a cycle. Non-star panels have a linear chain of supporting relationships without such a cycle.

The answer is that the star panels are those where the cones form a closed supporting loop, creating a cycle, while non-star panels have a linear supporting chain.

**Answer:** The panels with yellow stars are those where the cones form a closed supporting loop, creating a cycle. Non-star panels have a linear chain withou",The non-star panels have a linear chain where each cone supports the next but don't form a loop.,0.0,0.0
MONITOR_pos_0.5,4,9,4809,a pair of stacked cones with different colours,"The hidden rule that distinguishes the starred panels (A, C, and F) from the non-starred ones (B, D, E) is that the starred panels have their first two cones arranged in a mutual leaning pair, where each cone supports and leans on the other. In contrast, the non-starred panels either have a trio of upright cones or a different arrangement without such a mutual leaning relationship.

**Answer:**

The panels with yellow stars (A, C, and F) are distinguished by having their first two cones arranged in a mutual leaning pair, where each cone supports the other. The non-starred panels (B, D, E) do n","So, the presence of such a mutual leaning pair in the first two cones distinguishes the starred panels.",0.0,0.0
MONITOR_pos_1.0,1,3,1803,at least one red cone,"The hidden rule is that a panel has a yellow star if the cones are arranged in a circular chain, forming a closed loop where each cone is connected to two others.

**Answer:**

The hidden rule is that a panel has a yellow star if the cones are arranged in a circular chain, forming a closed loop where each cone is connected to two others, creating a continuous cycle.<｜end▁of▁sentence｜>","So the best guess is that the rule is: a panel has a yellow star if the cones are arranged in a circular chain where each cone is connected to two others, forming a loop.",0.0,0.0
MONITOR_pos_1.0,1,4,1804,at least one red cone,"The hidden rule is that a panel has a yellow star if the number of color changes in the sequence of cone colors equals the number of stars. So, the number of color changes is equal to the number of stars in the panel.

**Answer:** The hidden rule is that each panel with a yellow star has an equal number of color changes in the cone sequence as the number of stars.<｜end▁of▁sentence｜>","Therefore, the answer is that the hidden rule is that the number of color changes in the sequence of cone colors equals the number of stars.",0.0,0.0
MONITOR_pos_1.0,1,7,1807,at least one red cone,"The hidden rule is that a panel is marked with a yellow star if its first cone is positioned to touch the left border of the panel. If the first cone touches the left border, the panel is a star; otherwise, it is not. 

So, the answer is:

The hidden rule is that a panel is a star if its first cone is touching the left border; otherwise, it isn't.<｜end▁of▁sentence｜>","So, the answer is that the hidden rule is: The panel is a star if its first cone is touching the left border; otherwise, it's not.",0.0,0.0
MONITOR_pos_1.0,1,8,1808,at least one red cone,"The hidden rule that distinguishes the starred panels from the others is that the starred panels (A, E, and F) have a sequential stacking of cones where each subsequent cone is placed on top of the previous one, forming a continuous chain that starts at the floor and builds upwards. In contrast, the non-starred panels (B, C, D) have a different arrangement where the cones are positioned differently, often with some lying on their sides or not forming such a continuous chain.

**Answer:**

The hidden rule is that the starred panels (A, E, and F) have a sequential stacking of cones, each placed ","The non-starred panels don't have this sequential stacking; instead, they might have a mix of orientations or a different layout.",0.0,0.0
MONITOR_pos_1.0,1,10,1810,at least one red cone,"The hidden rule is that the star is present on panels where all the cone arrangements form a single continuous chain, either linear or circular. Therefore, the star is a representation of a single chain where each cone supports the next in a continuous sequence or a circular formation.

Answer: The star is present on panels where all the cones form a single continuous chain, either linear or circular.<｜end▁of▁sentence｜>","So the rule is: the star is on panels where all the cones are connected in a single continuous chain, either linear or circular.",0.0,0.0
MONITOR_pos_1.0,2,2,2802,exactly one small blue cone,"The hidden rule is that the star panels (A, B, and E) each contain a cone that is both supporting another cone and being supported by another cone, forming a mutual support relationship. This structure is not present in the non-star panels (C, D, F). Therefore, the rule that distinguishes the star panels is:

**""In the star panels, there exists a cone that is both supporting another cone and being supported by another cone, creating a mutual support relationship.""**

So, the answer is:

The star panels are those where one cone is both supporting and being supported by another cone, forming a m","So, the rule is about the presence of a mutual support between two cones, making the star panels stand out.",0.0,0.0
MONITOR_pos_1.0,2,3,2803,exactly one small blue cone,"The hidden rule is that the first and last cone in each panel must be the same color. If they are the same, the panel has a yellow star; otherwise, it doesn't.

Answer: The rule is that the first and last cone in each panel must be the same color.<｜end▁of▁sentence｜>","If they are, then the panel has a yellow star; otherwise, it doesn't.",0.0,0.0
MONITOR_pos_1.0,2,7,2807,exactly one small blue cone,"The hidden rule is that the star panels (A and B) have a sequential arrangement of cones forming a straight line, each supporting the next one. The non-starred panels (C, D, E, F) have a more complex arrangement, often with a central cone or multiple directions.

Answer: The star panels (A and B) have five cones arranged in a straight line, each supporting the next in a sequential manner. The non-starred panels (C, D, E, F) have a more complex, often central or clustered arrangement. The rule is that the star panels have a sequential, linear arrangement of cones forming a chain, while the othe","So, to sum up, the hidden rule is that the star panels have a straight line of five cones arranged in a specific order, each supporting the next, while the non-starred have a more complex arrangement with a central cone or multiple directions.",0.0,0.0
MONITOR_pos_1.0,3,2,3802,at least two tilted blue cones,The hidden rule is that a panel is starred if and every time the number of color changes in the cone sequence is even.<｜end▁of▁sentence｜>,So the answer is that the hidden rule is: The star panels are those where the number of color changes in the cone sequence is even.,0.0,0.0
MONITOR_pos_1.0,3,4,3804,at least two tilted blue cones,"The hidden rule is that a panel is marked with a yellow star if and **the number of color changes in the cone sequence is four**. Panels with four color changes are A, C, and F, while those with three changes are B, D, and E.

**Answer:**

The hidden rule is that a panel is marked with a yellow star if the number of color changes in the cone sequence is four.<｜end▁of▁sentence｜>","Otherwise, it's not starred.",0.0,0.0
MONITOR_pos_1.0,3,8,3808,at least two tilted blue cones,"The hidden rule that distinguishes the star panels from the non-star ones is based on the number of color changes in the sequence of the cone colors. A panel is a star if it has four color changes, while non-star panels have three color changes.

**Answer:** The rule is that a panel is a star if it has four color changes in the cone color sequence, and it's not a star if it has three color changes.<｜end▁of▁sentence｜>","So, the best guess is that the rule is the number of color changes in the cone color sequence: four for stars, three for non-stars.",0.0,0.0
MONITOR_pos_1.0,4,5,4805,a pair of stacked cones with different colours,"The hidden rule is that the star panels have the first two cones arranged as a leaning pair, and the remaining cones form a vertical stack, each supporting the next one. The other panels do not have this structure. Therefore, the star panels are those where the first two cones are a leaning pair, and the rest form a vertical stack.

**Answer:**

The hidden rule is that the star panels (A, C, and F) are the ones where the first two cones form a leaning pair, and the remaining cones form a vertical stack. The other panels (B, D, and E) do not follow this structure. Therefore, the star panels are","So, the first two are a leaning pair, and the rest are stacked.",0.0,0.0
MONITOR_pos_1.0,4,6,4806,a pair of stacked cones with different colours,"The hidden rule that distinguishes the starred panels (A, C, and F) from the non-star panels (B, D, and E) is that the star panels form a sequential support chain where each cone is both supporting and being supported by another, creating a continuous mutual support system. In contrast, the non-star panels have a single support structure where one cone supports another without the reverse.

**Answer:**

The star panels (A, C, and F) are distinguished by forming a sequential support chain where each cone is both supporting and being supported by another, creating a continuous mutual support sys","So, the answer is that the star panels are the ones where each cone is supporting another in a sequential chain, forming a continuous support structure.",0.0,0.0
MONITOR_pos_1.0,4,10,4810,a pair of stacked cones with different colours,"The hidden rule is that the yellow star panels are the ones where each cone is interacting with others, either supporting or being supported, creating a layered, interconnected structure. Non-star panels have a more independent arrangement where each cone is separate. 

So, the best guess is that the star panels (A, C, F) exhibit a complex, interactive arrangement of cones, while the non-star panels (B, D, E) have a more straightforward, independent setup. 

**Answer:**

The hidden rule is that the yellow star panels are those where the cone arrangements are interactive, with some cones stacke","Therefore, the rule is that the star panels have an interactive arrangement where each cone either supports or is supported by another, creating a layered, interconnected structure, while non-star panels have a more independent arrangement with less interaction.",0.0,0.0
MONITOR_neg_0.5,1,3,1803,at least one red cone,"The hidden rule is: **A panel has a yellow star if and only if it contains cones of three different colors.**

**Answer:** A panel is marked with a yellow star if it features cones of three distinct colors.<｜end▁of▁sentence｜>",I think that's the best guess.,0.0,0.0
MONITOR_neg_0.5,1,4,1804,at least one red cone,"The hidden rule is that a panel is marked with a yellow star if it contains at least one Red cone and at least one Green cone.

**Step-by-step explanation:**

1. **Identify Key Attributes:** For each panel, check the presence of Red, Green, and Blue cones.
2. **Check for Red and Green:** A panel is starred if it contains both Red and Green cones.
3. **Verify Exceptions:** Ensure that panels without both Red and Green are unstarred, and those with both are starred.

**Final Answer:**
A panel is marked with a yellow star if it contains both Red and Green cones.<｜end▁of▁sentence｜>",So the hidden rule is: A panel is marked with a yellow star if and only if it contains at least one Red cone and at least one Green cone.,1.0,0.0
MONITOR_neg_0.5,1,6,1806,at least one red cone,"The hidden rule that distinguishes panels with a yellow star from those without is that a panel is marked with a yellow star if it contains at least one ""lying"" orientation and at least one ""upside-down"" orientation.<｜end▁of▁sentence｜>","Therefore, the hidden rule is that a panel is marked with a yellow star if it contains at least one ""lying"" orientation and at least one ""upside-down"" orientation.",0.0,0.0
MONITOR_neg_0.5,1,7,1807,at least one red cone,"The hidden rule that distinguishes the starred panels (A, E, F) from the unstarred (B, C, D) is that each starred panel contains exactly one upside-down cone, whereas the unstarred panels have none.

**Step-by-Step Explanation:**

1. **Identify the Key Feature:** Examine each panel's cone orientations.
2. **Count Upside-Down Cones:**
   - **A:** Cone 6 is upside-down.
   - **E:** Cone 5 is upside-down.
   - **F:** Cone 6 is upside-down.
   - **B, C, D:** No upside-down cones.
3. **Formulate the Rule:** Starred panels each have one upside-down cone; others have none.

**Answer:** The hidden rul","So my best guess is that the rule is: ""Each starred panel contains exactly one upside-down cone.""",0.0,0.0
MONITOR_neg_0.5,1,9,1809,at least one red cone,"The hidden rule is that a panel has a yellow star if and only if the cone-shaped objects on it use three distinct colors.

**Answer:** A panel has a yellow star if it contains three different colors among its cone-shaped objects.<｜end▁of▁sentence｜>",So the hidden rule is that a panel has a yellow star if and only if it features three different colors in its cone objects.,0.0,0.0
MONITOR_neg_0.5,1,10,1810,at least one red cone,"The hidden rule is that a panel is marked with a yellow star if and only if it contains all three colors: Red, Green, and Blue among its cone-shaped objects. If a panel only uses two or fewer colors, it does not have a star.

**Answer:** The rule is that a panel has a yellow star if it contains all three colors (Red, Green, and Blue) in its cone objects, while non-starred panels use only two colors.<｜end▁of▁sentence｜>","So the rule is: ""A panel is starred if and only if it contains all three colors (Red, Green, Blue) in its cone objects.""",0.0,0.0
MONITOR_neg_0.5,2,3,2803,exactly one small blue cone,"The hidden rule is that a panel is marked with a yellow star if it contains two or more Small cones.

**Answer:** The rule is that a panel has a yellow star if it contains two or more Small cones.<｜end▁of▁sentence｜>",So my best guess is that the hidden rule is: A panel is starred if and only if it contains two or more Small cones.,0.0,0.0
MONITOR_neg_0.5,2,4,2804,exactly one small blue cone,"The hidden rule that distinguishes panels with yellow stars from those without is that the starred panels have their cones arranged in a connected, sequential cluster where each cone is directly adjacent or interacting with the next, forming a specific pattern. Non-starred panels have cones that are either isolated or do not follow this connected order.

**Answer:** A panel has a yellow star if its cones form a connected, sequential cluster, each interacting with the next, while non-starred panels have cones that are either isolated or not part of such a connected arrangement.<｜end▁of▁sentence","So, the rule could be: ""A panel has a yellow star if its cones are arranged in a connected, sequential order where each cone is connected to the next, forming a cluster, while non-starred panels have cones that are either isolated or not following this connected order.""",0.0,0.0
MONITOR_neg_0.5,2,7,2807,exactly one small blue cone,"The hidden rule that distinguishes the starred panels (A, B, E) from the unstarred (C, D, F) is that the starred panels have all their cones on the base, connected in one or two simple clusters or chains. If any cone is not on the base or the arrangement is more complex (like nested structures), the panel is not starred.

**Answer:** The hidden rule is that a panel is starred if all its cones are on the base, connected in one or two simple clusters or chains. Otherwise, it is not starred.<｜end▁of▁sentence｜>","Thus, the hidden rule is that the panel is starred if all its cones are on the base and connected in one or two simple clusters or chains, otherwise not.",0.0,0.0
MONITOR_neg_0.5,2,9,2809,exactly one small blue cone,"The hidden rule is: **A panel has a yellow star if the first and last cones are the same color; otherwise, it does not.**

**Step-by-step explanation:**

1. **Examine the first and last cones of each panel.**
2. **Compare their colors.**
3. **If they are the same color, the panel has a yellow star. Otherwise, it does not.**

**Conclusion:** Panels A and E have their first and last cones of the same color, thus they have yellow stars. The other panels have different colors for their first and last cones, so they do not have yellow stars.<｜end▁of▁sentence｜>","Therefore, my best guess is that the hidden rule is: ""A panel has a yellow star if the first and last cones are the same color; otherwise, it does not.""",0.0,0.0
MONITOR_neg_0.5,2,10,2810,exactly one small blue cone,"The hidden rule is that a panel receives a yellow star if its five cones form a single interconnected cluster, where each cone touches or supports another cone, creating a unified structure. If the cones are arranged in a disconnected or isolated manner, the panel does not receive a star.

**Answer:** A panel has a yellow star if its five cones form a single interconnected cluster, with each cone interacting with at least one other cone to create a cohesive structure.<｜end▁of▁sentence｜>","If the cones are arranged in a disconnected or isolated manner, the panel doesn't have a star.",0.0,0.0
MONITOR_neg_0.5,4,1,4801,a pair of stacked cones with different colours,"The hidden rule is that a panel is starred if every cone on it is either supporting another cone or being supported by another, forming a continuous chain or structure without gaps. Non-starred panels have at least one cone that doesn't interact in this way.

**Answer:** A panel is starred if each cone is either supporting or being supported by another, creating a continuous chain. Non-starred panels have at least one cone not interacting in this manner.<｜end▁of▁sentence｜>","Therefore, the best guess is that the hidden rule is that a starred panel has every cone either supporting another or being supported by another, creating a continuous chain or structure, while non-starred panels have at least one cone that doesn't interact in this way.",0.0,0.0
MONITOR_neg_0.5,4,2,4802,a pair of stacked cones with different colours,"The hidden rule is that a panel is marked with a yellow star if it contains at least one cone in each of the three orientations: right, left, and up. If a panel only has two or fewer orientations, it does not have a star.

**Answer:** A panel is starred if it contains at least one cone in each of the three orientations: right, left, and up.<｜end▁of▁sentence｜>","So the hidden rule is that a panel is starred if it contains at least one cone in each of the three orientations: right, left, and up.",0.0,0.0
MONITOR_neg_0.5,4,5,4805,a pair of stacked cones with different colours,"The hidden rule is that a panel has a yellow star if it has exactly two color changes in its cone colors. This rule is consistent with all the given panels.

**Answer:** A panel has a yellow star if it has exactly two color changes in its cone colors.<｜end▁of▁sentence｜>","Therefore, the best guess is that the hidden rule is: ""A panel has a yellow star if it has exactly two color changes in its cone colors; otherwise, it does not.""",0.0,0.0
MONITOR_neg_0.5,4,6,4806,a pair of stacked cones with different colours,"The hidden rule that distinguishes the panels with a yellow star is that these panels contain at least two cones that are in a resting-on-lying, overlapping, or stacked relationship, forming pairs or triplets. Non-starred panels have cones that are more individually positioned or nested without such interactions.

**Answer:** The panels with yellow stars have at least two cones that rest on, overlap, or stack each other, forming pairs or triplets, while non-starred panels have cones that are individually positioned or nested without such interactions.<｜end▁of▁sentence｜>","Therefore, the hidden rule might be: ""A panel has a yellow star if it features at least two cones that are in a resting-on-lying, overlapping, or stacked relationship, forming pairs or triplets, while non-starred panels have cones that are more individually positioned or nested without such interactions.""",0.0,0.0
MONITOR_neg_1.0,1,1,1801,at least one red cone,"The hidden rule is that a panel has a yellow star if it contains at least three distinct colors among its cone colors.

**Answer:**
The rule is that a panel gets a yellow star if it contains at least three different colors among its cone colors.<｜end▁of▁sentence｜>",I think that's the best guess.,0.0,0.0
MONITOR_neg_1.0,1,2,1802,at least one red cone,"The hidden rule that distinguishes the starred from unstarred panels is that a panel has a yellow star if it contains at least two ""Small"" cones.

**Answer:** A panel has a yellow star if it contains at least two ""Small"" cones.<｜end▁of▁sentence｜>","After careful analysis, I believe the rule is that a panel has a yellow star if it has at least two ""Small"" cones.",0.0,0.0
MONITOR_neg_1.0,1,4,1804,at least one red cone,"The hidden rule that distinguishes the starred (A, E, F) from unstarred (B, C, D) panels is that the starred panels have a more complex arrangement of cones with greater connectivity, more varied colors, and intricate positioning, while the unstarred have fewer connections, more uniform colors, and simpler positions.

**Answer:** The rule is that the starred panels (A, E, F) have a more complex, interlocking arrangement of cones with varied colors and intricate positioning, whereas the unstarred (B, C, D) have simpler, less connected arrangements, fewer color variations, and more straightforwa","To sum up, the hidden rule likely involves the way cones are connected, their colors, orientations, or positions, distinguishing between complex, interlocking arrangements (starred) and simpler, less-interconnected ones (unstarred).",0.0,0.0
MONITOR_neg_1.0,1,5,1805,at least one red cone,"**Answer:** The hidden rule is that all panels with a yellow star (A, E, F) have more than five cones.**<｜end▁of▁sentence｜>",I'll go with the guess that the rule is that starred panels have more than 5 cones.,0.0,0.0
MONITOR_neg_1.0,1,6,1806,at least one red cone,"The hidden rule is that a panel gets a yellow star if it contains all three distinct colors: Red, Green, and Blue. If a panel only has two or fewer colors, it does not have a yellow star.

**Answer:** A panel has a yellow star if it contains all three colors: Red, Green, and Blue.<｜end▁of▁sentence｜>","So, that's my best guess.",0.0,0.0
MONITOR_neg_1.0,1,7,1807,at least one red cone,"The hidden rule is that the panels with the yellow star (A, E, F) have at least one ""Lying"" or ""tilted"" orientation, while those without the star (B, C, D) do not.

**Answer:** The rule is that the starred panels (A, E, F) each have at least one cone with a ""Lying"" or ""tilted"" orientation, whereas the unstarred panels (B, C, D) do not have any.<｜end▁of▁sentence｜>","So, my best guess is that the rule is that the starred panels have at least one ""Lying"" or ""tilted"" orientation, while the non-starred do not.",0.0,0.0
MONITOR_neg_1.0,1,8,1808,at least one red cone,"The hidden rule is that a panel is starred if it contains at least three different colors. This is because the starred panels (A, E, F) each have three distinct colors, while the non-starred (B, C, D) have either one or two colors.

**Answer:** A panel is starred if it has at least three different colors.<｜end▁of▁sentence｜>",So the hidden rule is that a panel is starred if it has at least three different colors.,0.0,0.0
MONITOR_neg_1.0,1,9,1809,at least one red cone,"The hidden rule that distinguishes the panels with a yellow star (A, E, F) from those without (B, C, D) is that the starred panels have a more complex and intricate arrangement of their cones, characterized by having multiple layers or connections, such as nested or overlapping structures, while the non-starred panels have a simpler arrangement with fewer such connections.

**Answer:** The hidden rule is that a panel has a yellow star if it has a more complex arrangement of cones, specifically those that have multiple layers or connections, such as nested or overlapping structures.<｜end▁of▁sen","I'll go with my best guess: The hidden rule is that a panel has a yellow star if it has more than three cones connected in a specific way, such as nested or overlapping.",0.0,0.0
MONITOR_neg_1.0,1,10,1810,at least one red cone,"The hidden rule that distinguishes the starred panels (A, E, F) is that a panel gets a yellow star if any of its cones have an orientation of ""Lying"" or ""Tilted"". Non-starred panels (B, C, D) have all their cones in ""Upright"" orientation.

**Answer:** A panel has a yellow star if any of its cones are ""Lying"" or ""Tilted"".<｜end▁of▁sentence｜>",I'll go with this as the rule.,0.0,0.0
MONITOR_neg_1.0,2,1,2801,exactly one small blue cone,"The hidden rule is that a panel is marked with a yellow star if it contains a sequence of three or more cones, each resting on the one before, forming a chain. This is because the star panels (A, B, E) have such a chain, while non-star panels (C, D, F) do not.

**Answer:**
A panel is marked with a yellow star if it contains a sequence of three or more cones, each resting on the one before, forming a chain.<｜end▁of▁sentence｜>","Thus, the hidden rule is that a panel is marked with a yellow star if it contains a sequence of three or more cones, each resting on the one before, forming a chain.",0.0,0.0
MONITOR_neg_1.0,2,2,2802,exactly one small blue cone,"**Final Answer:**

The hidden rule that distinguishes panels with a yellow star is that all starred panels (A, B, E) contain at least one cone that is ""lying"" on its side. Specifically, these are the ones with the ""Lying"" orientation. Non-starred panels (C, D, F) do not have any such ""Lying"" cones.

**Step-by-Step Explanation:**

1. **Identify the Key Feature:**
   - Examine the ""orientation"" of each cone in the ""cones"" array for each panel.

2. **Analyze the Starred Panels:**
   - **Panel A:** No ""lying"" orientation.
   - **Panel B:** No ""lying"" orientation.
   - **Panel E:** Cone 3 is ""Lying",,0.0,0.0
MONITOR_neg_1.0,2,3,2803,exactly one small blue cone,"The hidden rule is: **""A panel has a yellow star if the first and fifth cones are 'Upright 0°' and have specific contact or gaps.""**<｜end▁of▁sentence｜>",,0.0,0.0
MONITOR_neg_1.0,2,4,2804,exactly one small blue cone,"The hidden rule is that a panel is marked with a yellow star if the first cone's position description includes the phrase ""extreme left"". This is true for both panels A and B, as their first cone's position includes this phrase, while other panels do not.

**Answer:**

The hidden rule is that a panel has a yellow star if the first cone's position description includes the phrase ""extreme left"".<｜end▁of▁sentence｜>","So the rule is: ""If a panel's first cone's position description includes the word 'extreme left', then it's a star panel.""",0.0,0.0
MONITOR_neg_1.0,2,5,2805,exactly one small blue cone,"The hidden rule is that a panel is marked with a yellow star if at least one of its cones has a contact (base) on a different side (not the floor). If all contacts are on the same side (all on the floor), it's not starred.

**Answer:** A panel has a yellow star if at least one of its cones has a base on a side other than the floor.<｜end▁of▁sentence｜>","""

So the hidden rule is that a panel is marked with a yellow star if at least one of its cones has a contact (base) on a different side (not the floor), otherwise, it's not starred.",0.0,0.0
MONITOR_neg_1.0,2,6,2806,exactly one small blue cone,"The hidden rule is that a yellow star is given to those panels where at least one cone is **Red**.

**Step-by-Step Explanation:**

1. **Identify the Key Attribute:** The colour of the cones is the primary factor.

2. **Analyze the Starred Panels:**
   - **Panel A (Starred):** All cones are either Green, Blue, or Green; no Red.
   - **Panel B (Starred):** All cones are Red, Green, or Green; contains Red.
   - **Panel E (Starred):** Cones are Green, Blue, Blue, Green, Green; no Red.
   - **Panel F (Unstarred):** Cones are Green, Blue, Red, Red, Red; contains Red.

3. **Analyze the Unstarred Pane","7. **Final Conclusion:**
   The hidden rule is that **a yellow star is given to those panels where at least one cone is Red**.",0.0,0.0
MONITOR_neg_1.0,2,8,2808,exactly one small blue cone,"The hidden rule that distinguishes panels with a yellow star (A, B, E) from those without (C, D, F) is that the starred panels have a more complex, interlocking, cluster-based arrangement of cones, where the cones overlap, nest, or lean on each other in a intricate manner. Non-starred panels have a more linear, less connected, or isolated arrangement.

**Final Answer:** The hidden rule is that a yellow star is given to panels where the cones form a complex, interlocking, cluster-based pattern, with overlapping and nested structures.<｜end▁of▁sentence｜>","So, the likely rule is that a yellow star is given to panels where the cones form a more complex, interlocking, cluster-based pattern, with overlapping and nested structures.",0.0,0.0
MONITOR_neg_1.0,2,9,2809,exactly one small blue cone,"**Answer:**

The hidden rule that distinguishes the starred (A, B, E) from unstarred (C, D, F) panels is based on the specific sequence of colors of the cones. For a panel to have a yellow star, the cones must follow the color sequence **Green, Blue, Red, Blue, Green**. This pattern is found in all starred panels (A, B, E), while the non-starred panels (C, D, F) do not follow this specific order.

**Answer:**

The rule is that a panel has a yellow star if its cones follow the color sequence Green, Blue, Red, Blue, Green.<｜end▁of▁sentence｜>",,0.0,0.0
MONITOR_neg_1.0,3,1,3801,at least two tilted blue cones,"The hidden rule is that a panel is starred if it contains exactly three distinct colors, while non-starred panels have four.

**Answer:** A panel is marked with a yellow star if and only if it contains exactly three distinct colors.<｜end▁of▁sentence｜>",I think that's the rule.,0.0,0.0
MONITOR_neg_1.0,3,2,3802,at least two tilted blue cones,"The hidden rule that distinguishes the panels with a yellow star is:

**""A panel has a yellow star if at least two of its cones are either stacked or overlapping.""**<｜end▁of▁sentence｜>","So, the rule is: ""A panel has a yellow star if at least two of its cones are either stacked or overlapping.""",0.0,0.0
MONITOR_neg_1.0,3,3,3803,at least two tilted blue cones,"The hidden rule that distinguishes the starred (A, C, F) from non-starred (B, D, E) panels is that the starred panels have more complex arrangements with more connections, gaps, and varied orientations, while the non-starred have simpler arrangements with fewer gaps and less variation.

**Final Rule:**  
**""Cones on starred panels (A, C, F) have more intricate connections, more gaps between them, and varied orientations, while those on non-starred panels (B, D, E) have fewer gaps and simpler, more straightforward arrangements.""**<｜end▁of▁sentence｜>","The hidden rule is that the starred panels have **more complex arrangements with more connections, gaps, and varied orientations**, while non-starred have **simpler arrangements with fewer gaps and less variation**.",0.0,0.0
MONITOR_neg_1.0,3,5,3805,at least two tilted blue cones,"The hidden rule is that a panel is marked with a yellow star if any of its cone positions have a ""small"" gap. This rule is based on the ""position"" attribute of each cone, where a ""small"" gap indicates the presence of a yellow star.

**Answer:**
A panel is marked with a yellow star if any of its cones have a ""small"" gap in their position description.

**Final Answer:**
**The rule is: A panel has a yellow star if any of its cones have a ""small"" gap in their position description.**

**Final Answer:**
The hidden rule is that a panel has a yellow star if any of its cones have a ""small"" gap in their","So, the hidden rule is: A panel is marked with a yellow star if any of its cones have a ""small"" gap in their position description.",0.0,0.0
MONITOR_neg_1.0,3,6,3806,at least two tilted blue cones,"The hidden rule is: The yellow star is on the first cone, and its color is the same as the first color listed in the panel's description.

**Answer:** The rule is that the yellow star is on the first cone, and its color matches the first color listed in the panel's description.<｜end▁of▁sentence｜>","Alternatively, it's more precise: ""The yellow star is on the first cone, and its color is the first color listed in the description of that panel.""",0.0,0.0
MONITOR_neg_1.0,3,7,3807,at least two tilted blue cones,"The hidden rule is that a panel has a yellow star on a cone that has a contact with another cone, either directly above or below, rather than just on the floor.

**Answer:** The hidden rule is that a yellow star is on a cone that has a contact with another cone, either directly above or below, not just on the floor.<｜end▁of▁sentence｜>","So, the best guess is that the rule is about having a contact with another cone, either above or below, not just on the floor.",0.0,0.0
MONITOR_neg_1.0,3,10,3810,at least two tilted blue cones,"The hidden rule that distinguishes panels with a yellow star (A, C, F) from those without (B, D, E) is:

**""A panel is marked with a yellow star if it contains at least one 'lying' (either 'Lying right 90°' or 'Lying left 90°') cone and one 'Upright 0°' cone.""**

**Step-by-Step Explanation:**

1. **Identify Key Attributes:**
   - **Starred Panels (A, C, F):** All have at least one ""Lying"" (either ""Lying right 90°"" or ""Lying left 90°"") cone and one ""Upright 0°"" cone.
   - **Unstarred Panels (B, D, E):** None have both a ""Lying"" and an ""Upright"" cone. Instead, their arrangements are either entir","However, without a single clear pattern, I can only infer that the rule involves the way cones are arranged, particularly their orientation and position relationships.",0.0,0.0
MONITOR_neg_1.0,4,2,4802,a pair of stacked cones with different colours,"The hidden rule that distinguishes the panels with a yellow star is that the starred panels (A, C, F) have a more complex arrangement of their cones, characterized by a specific pattern of overlapping, orientation, and position of the cones. They often have a higher number of cones, more intricate connections, and a particular way of stacking and overlapping, which differentiates them from the non-starred panels (B, D, E) that have simpler, less connected arrangements.

**Final Answer:**
**The hidden rule is that the starred panels (A, C, F) have a more complex arrangement with more overlappin","The starred panels have a more complex, interconnected arrangement, while non-starred ones have a more straightforward, separate arrangement.",0.0,0.0
MONITOR_neg_1.0,4,3,4803,a pair of stacked cones with different colours,"The hidden rule is that a panel is starred if it contains at least one ""stacked"" cone that is on top of an ""Upright"" or ""Lying"" cone. This unique combination distinguishes the starred panels (A, C, F) from the unstarred ones (B, D, E).

**Answer:**
The hidden rule is that a panel is starred if it contains at least one ""stacked"" cone that is on top of an ""Upright"" or ""Lying"" cone.<｜end▁of▁sentence｜>","So, the presence of both ""stacked"" and ""Upright"" or ""Lying"" in the same panel identifies the starred panels.",0.0,0.0
MONITOR_neg_1.0,4,6,4806,a pair of stacked cones with different colours,"The hidden rule is that a yellow star is given to panels with exactly seven cones whose colour is either red or green. Therefore, the star is assigned to panels A, C, and F.

**Answer:**

The hidden rule is that a yellow star is given to panels that have exactly seven cones and whose color is either red or green. Therefore, the starred panels are A, C, and F.

**Answer:**

The yellow stars are assigned to panels A, C, and F. The rule is that these have seven cones with a color of either red or green.

**Answer:**

The hidden rule is that a yellow star is given to panels with seven cones that a",I'll go with that.,0.0,0.0
MONITOR_neg_1.0,4,7,4807,a pair of stacked cones with different colours,"The hidden rule is that a panel has a yellow star if its arrangement of cones features a more complex, interlocking structure, where one cone rests on another, creating a nested or overlapping pattern. If the cones are more isolated or in a simpler arrangement, the panel does not have a star.

**Final Rule:**  
A panel is marked with a yellow star if its cone arrangements show a more complex, interlocking structure, where one cone is resting on another, creating a nested or overlapping pattern. If the cones are more isolated or in a simpler arrangement, the panel does not have a star.<｜end▁of▁","If the cones are more isolated or in a simpler arrangement, the panel does not have a star.",0.0,0.0
MONITOR_neg_1.0,4,9,4809,a pair of stacked cones with different colours,"The hidden rule is that the panels with the yellow star (A, C, F) have a ""medium"" or ""large"" gap from the left border, while the others have ""medium"" or ""small"" gaps.

**Answer:**
The hidden rule is that the panels with yellow stars (A, C, F) have a ""medium"" or ""large"" gap from the left border, while the others have ""medium"" or ""small"" gaps.<｜end▁of▁sentence｜>",I'll go with that.,0.0,0.0
MONITOR_neg_1.0,4,10,4810,a pair of stacked cones with different colours,"The hidden rule is that a panel is starred if it contains at least two different orientations among its cones (such as ""Upright"" and ""Lying"" or ""Right tilted""). Non-starred panels have cones that all have the same orientation.

**Answer:**

The rule is that a panel is marked with a yellow star if it has at least two different orientations among its cones, such as ""Upright"" and ""Lying"" or ""Right tilted"", while non-starred panels have cones with only one orientation.<｜end▁of▁sentence｜>","Thus, the rule is: A panel is starred if it has at least two different orientations (both Upright and Lying or similar), while others have only one.",0.0,0.0
PLAN_pos_0.5,1,1,1801,at least one red cone,"The hidden rule that distinguishes the starred panels (A, E, F) from the unstarred ones (B, C, D) is that the starred panels have their first cone positioned on the extreme left edge and their last cone on the extreme right edge, creating a linear chain structure. The unstarred panels do not follow this pattern, as their first and last cones are either near the left or right border but not necessarily at the extreme edges.

**Final Answer:**

The hidden rule is that the starred panels (A, E, F) have their first cone on the extreme left and their last cone on the extreme right, forming a linear","So the rule is that the panels with the yellow star have their first cone on the left edge and the last cone on the right edge, forming a linear chain, while the others have a different structure.",0.0,0.0
PLAN_pos_0.5,1,2,1802,at least one red cone,"The hidden rule that distinguishes the starred panels (A and E) from the others is that the starred panels have a linear chain of cones where each cone is either on the floor or on top of the previous one, forming a single sequence. The unstarred panels have a more complex arrangement with nesting or multiple connections.

**Final Answer:**

The hidden rule is that the panels with yellow stars (A and E) have a linear chain of cones where each cone is either on the floor or on top of the previous one, forming a single sequence. The others have a more complex arrangement with nesting or multiple","Therefore, the best guess is that the rule is: ""The panels with yellow stars have a linear chain of cones, each either on the floor or on top of the previous one, forming a single sequence, while the others have a more complex arrangement with nesting or multiple connections.""",0.0,0.0
PLAN_pos_0.5,1,3,1803,at least one red cone,"The hidden rule that distinguishes the starred panels (A, E, F) from the unstarred ones (B, C, D) is that the starred panels exhibit a pattern where each cone is either resting on, supporting, or nested within another, forming a connected chain or tower structure. The unstarred panels lack this interconnectedness, with their cones having more varied orientations and positions without such a nested or supporting relationship.

**Final Answer:** The panels with yellow stars (A, E, F) have a chain or tower structure where each cone rests on or supports another, creating a connected network. Unsta","The unstarred ones don't follow this, having more random orientations and positions.",0.0,0.0
PLAN_pos_0.5,1,4,1804,at least one red cone,"The hidden rule that distinguishes the starred panels from the unstarred ones is that the starred panels have a more interconnected structure of cones, where each cone touches or rests on another, forming a chain or cluster. In contrast, the unstarred panels have a more linear or separate structure of cones, often with fewer interactions between them.

**Final Answer:** The panels with yellow stars have a more interconnected structure where each cone touches or rests on another, forming a chain or cluster, whereas the unstarred panels have a more linear or separate arrangement.<｜end▁of▁sentenc",,0.0,0.0
PLAN_pos_0.5,1,5,1805,at least one red cone,"The hidden rule is that a panel is marked with a yellow star if it features cones that use three different colors. If a panel uses two or fewer colors, it is not marked with a star.

**Step-by-step explanation:**

1. **Analyze each panel's cone colors:**
   - **Panel A:** Red, Green, Blue (3 colors) → Starred.
   - **Panel B:** Green, Blue (2 colors) → Unstarred.
   - **Panel C:** Blue, Green (2 colors) → Unstarred.
   - **Panel D:** Blue, Green (2 colors) → Unstarred.
   - **Panel E:** Green, Red, Blue (3 colors) → Starred.
   - **Panel F:** Green, Blue, Red (3 colors) → Starred.

2. **Identi",So the rule is that a panel is starred if it has three distinct colors in its cones.,0.0,0.0
PLAN_pos_0.5,1,7,1807,at least one red cone,"The hidden rule is that a panel is marked with a yellow star if it has three distinct colors (bands) in its cone arrangements. Panels A, E, and F each have three distinct colors (e.g., Red, Green, Blue), while panels B, C, and D have only two distinct colors, hence they are unstarred.

**Answer:** The rule is that panels with three distinct colors (bands) are starred, while those with two are unstarred.<｜end▁of▁sentence｜>","So, the rule is: If a panel has three distinct colors (bands), it's starred; if it has two, it's unstarred.",0.0,0.0
PLAN_pos_0.5,1,10,1810,at least one red cone,"The hidden rule that distinguishes the star panels from the non-star ones is that the star panels (E and F) have an equal number of small, medium, and large cones. Non-star panels (A, B, C, D) do not have this balance.

**Answer:** The rule is that the star panels have an equal number of small, medium, and large cones.<｜end▁of▁sentence｜>","So the rule is that star panels have an equal number of small, medium, and large cones.",0.0,0.0
PLAN_pos_0.5,2,1,2801,exactly one small blue cone,"The hidden rule is that the panels with yellow stars (A, B, E) have their cones arranged in a clustered, interconnected formation, where each cone interacts with others, creating a complex structure. In contrast, the non-starred panels (C, D, F) have cones arranged linearly or spaced out, without such connections.

**Answer:** The panels with yellow stars have their cones arranged in a clustered, interconnected formation, while the others have a linear or spaced-out arrangement.<｜end▁of▁sentence｜>","Therefore, the hidden rule is likely about the spatial arrangement: whether the cones are in a cluster or not.",0.0,0.0
PLAN_pos_0.5,2,5,2805,exactly one small blue cone,"The hidden rule is that a panel is marked with a yellow star if it has at least one Right tilted cone that does not have its base on the floor. If all Right tilted cones in a panel have their base on the floor, the panel is not marked with a star.

**Answer:** A panel has a yellow star if it has any Right tilted cones that do not have their base on the floor. If all Right tilted cones in the panel have their base on the floor, the panel does not have a star.<｜end▁of▁sentence｜>","If all Right tilted cones have their base on the floor, it doesn't have a star.",0.0,0.0
PLAN_pos_0.5,2,9,2809,exactly one small blue cone,"The hidden rule that distinguishes the starred panels (A, B, E) from the unstarred ones (C, D, F) is that the starred panels have their cone-shaped objects arranged in a specific rotational sequence, forming a spiral or chain structure where each cone leans on the next in a rotational order. This creates a more interconnected and structured arrangement. In contrast, the unstarred panels have their cones arranged more linearly or in a different pattern without this rotational order, often with fewer connections between the cones.

**Final Answer:**

The panels with yellow stars (A, B, E) have t",Non-starred panels have cones arranged more linearly or in a different pattern without this rotational sequence.,0.0,0.0
PLAN_pos_0.5,3,4,3804,at least two tilted blue cones,"The hidden rule is: **A panel has a yellow star if the number of color bands (distinct contiguous segments of the same color) is equal to the number of different colors used in the arrangement.**

**Step-by-step explanation:**

1. **Identify the color bands**: For each panel, determine how many contiguous color segments (bands) there are. A band is a continuous sequence of the same color.

2. **Count the number of colors**: Determine how many distinct colors are present in the panel.

3. **Compare bands and colors**: If the number of bands equals the number of colors, the panel has a yellow st","So the rule is that if the number of color bands (distinct contiguous color segments) equals the number of colors, the panel has a yellow star.",0.0,0.0
PLAN_pos_0.5,3,10,3810,at least two tilted blue cones,"The hidden rule is that the panels with yellow stars have either zero or two stacked cones, whereas all other panels have exactly one stacked cone.

**Answer:** The rule is that panels with yellow stars have either zero or two stacked cones, while all other panels have exactly one stacked cone.<｜end▁of▁sentence｜>","So the rule is: ""Panels with yellow stars have either 0 or 2 stacked cones, while others have exactly 1 stacked cone.""",0.0,0.0
PLAN_pos_0.5,4,3,4803,a pair of stacked cones with different colours,"The hidden rule is that a panel has a yellow star if and only if it contains exactly seven cone-shaped objects. Therefore, panels A, C, and F, each having seven cones, are marked with yellow stars, while the others (B, D, E) have fewer than seven cones and thus lack stars.

**Answer:** Panels with exactly seven cones have a yellow star.<｜end▁of▁sentence｜>","So, the hidden rule is: Panels with exactly seven cones have a yellow star, others do not.",0.0,0.0
PLAN_pos_0.5,4,10,4810,a pair of stacked cones with different colours,"The hidden rule is that a panel earns a yellow star if it contains at least one cone that is lying (not upright). Panels A, C, and F each have lying cones, while B, D, and E do not, thus explaining their starred status.

**Answer:** The rule is that a panel is marked with a yellow star if it contains at least one lying (non-upright) cone.<｜end▁of▁sentence｜>",So the hidden rule is: Panels with any cone that is lying (not upright) get a yellow star.,0.0,0.0
PLAN_pos_1.0,1,3,1803,at least one red cone,"The hidden rule is that the starred panels (A, E, F) have all three colors (Red, Green, Blue) in their cone descriptions, while the unstarred panels (B, C, D) have two or fewer colors in their cones.

**Answer**: The star panels have all three colors (Red, Green, Blue) in their cone descriptions, while the others have two or fewer colors.<｜end▁of▁sentence｜>","So the rule is that the star panels have all three colors in their cones, while the others have two or fewer.",0.0,0.0
PLAN_pos_1.0,1,5,1805,at least one red cone,"The key difference is that the star panels (A, E, F) have a consecutive sequence of sizes from 1 to the total number of cones they have, while the others do not.

**Answer:** The star panels have a consecutive sequence of sizes from 1 to the total number of cones they have.<｜end▁of▁sentence｜>","So, the answer is: The panels with the yellow star have a consecutive sequence of sizes from 1 to the total number of cones they have.",0.0,0.0
PLAN_pos_1.0,1,9,1809,at least one red cone,"The hidden rule is that the panels with yellow stars (A, E, F) have their cones arranged in a sequential, chain-like structure from left to right, each connected to the next, forming a linear sequence. In contrast, the non-star panels (B, C, D) have a different structure, often more nested or in a different configuration.

**Final Answer:** The rule is that the starred panels have their cones arranged in a sequential chain, while the others have a different structure.<｜end▁of▁sentence｜>","Therefore, the hidden rule is that the star panels have their cone structures arranged in a sequential, chain-like manner from left to right, each connected to the next, forming a linear sequence, whereas non-star panels have a more nested or other arrangement.",0.0,0.0
PLAN_pos_1.0,1,10,1810,at least one red cone,"The hidden rule is that the star panels (A, E, F) have a linear chain of cones, each connected to the next, forming a sequence from the left to the right, unlike the non-star panels which have a more complex structure.

**Final answer:** The star panels have a linear chain of cones in sequence, while the non-star panels have a more complex arrangement.<｜end▁of▁sentence｜>","Therefore, the hidden rule is: ""The panel has a chain of cones where each cone is connected to the next, forming a linear sequence, unlike the non-star panels which have a more complex arrangement.""",0.0,0.0
PLAN_pos_1.0,3,1,3801,at least two tilted blue cones,"The star panels (A, C, F) have a sequence of cones where each subsequent cone is on the floor or in the next position, forming a chain.

**Final Answer**
The rule is that the starred panels have a sequence of cones where each subsequent cone is on the floor or in the next position, forming a chain. So, the rule is:

**""The star panels have a chain of cones where each subsequent cone is on the floor or in the next position, forming a sequence.""**

So, the final answer is:

**""The star panels have a sequence of cones where each subsequent cone is on the floor or in the next position, forming a c","So, I think that's the rule.",0.0,0.0
PLAN_pos_1.0,4,5,4805,a pair of stacked cones with different colours,"The hidden rule that distinguishes the starred panels (A, C, F) from the non-star panels (B, D, E) is that the star panels have their cone sizes following a specific up-down pattern. Specifically, the sizes fluctuate in a way that they go from large to medium to small and back to large, creating a wave-like pattern. This pattern is not present in the non-star panels, which have more consistent sizes or a different fluctuation pattern.

**Final Answer**: The star panels (A, C, F) have cone sizes that follow a specific wave-like pattern, going from large to medium to small and back to large, unl","So, after all this, I think the rule is that the star panels have their cone sizes in a specific order where they go up and down in a particular pattern, unlike the non-star panels.",0.0,0.0
PLAN_pos_1.0,4,7,4807,a pair of stacked cones with different colours,"The hidden rule is that a panel has a yellow star if it has a central cone that is the largest, green, and positioned in the center. This is true for Panels A, C, and F, which are the ones with stars, while the others do not.

**Final Answer:** The rule is that a panel has a yellow star if it has a central, largest, green cone.<｜end▁of▁sentence｜>","So, my best guess is that the panels with a yellow star have a central, largest cone that is Green, and the others don't.",0.0,0.0
PLAN_pos_1.0,4,8,4808,a pair of stacked cones with different colours,"The hidden rule is: A panel is a star if it has both ""tightly"" and ""loosely"" structures. Otherwise, it is not a star.

**Final Answer**: The star panels (A, C, F) have both ""tightly"" and ""loosely"" structures, while the non-star panels (B, D, E) have only one type. The rule is: *""A star panel has both 'tightly' and 'loosly' structures, while a non-star has only one type.""*<｜end▁of▁sentence｜>","Otherwise, it is not a star.",0.0,0.0
PLAN_pos_1.0,4,10,4810,a pair of stacked cones with different colours,"The key is that the star panels have their cones ordered in a specific sequence of sizes: starting with a large cone, followed by two medium, two small, and then two large. This pattern is consistent across all star panels (A, C, F). 

**Final answer:** The panels with yellow stars have their cones arranged in a sequence of size: large, medium, medium, small, small, large, large.<｜end▁of▁sentence｜>","So, that's my best guess.",0.0,0.0
PLAN_neg_0.5,1,1,1801,at least one red cone,"The hidden rule is that a panel is marked with a yellow star if all of its cones are arranged in a single linear chain where each cone supports the next one in a straight line without any cycles or branching. This is unlike the unstarred panels, which either form a cycle or have a more complex, non-linear arrangement. 

**Answer:** The hidden rule is that a panel is starred if all its cones are arranged in a single linear chain, each supporting the next, forming a straight line without any cycles or branches.<｜end▁of▁sentence｜>","Therefore, the hidden rule might be that a panel is starred if and only if all the cones are arranged in a single linear chain where each cone is supporting the next one in a straight line without any cycles or branching off.",0.0,0.0
PLAN_neg_0.5,1,3,1803,at least one red cone,"The hidden rule is that a panel is marked with a yellow star if the cones within it form a closed loop, meaning each cone in the loop supports another, creating a cycle. This cycle is formed by the supporting relationships between the cones on the panel.<｜end▁of▁sentence｜>","If a panel's cones form such a cycle, it gets a yellow star.",0.0,0.0
PLAN_neg_0.5,1,4,1804,at least one red cone,"The hidden rule that distinguishes the starred panels from the unstarred ones is that the starred panels (A, E, and F) have a cyclic or looped arrangement of cones, where each cone supports another in a closed network, forming a cycle. In contrast, the unstarred panels (B, C, D) have a more linear or tree-like structure without such cycles. Therefore, the key difference is the presence of a closed loop or cycle in the cone connections on the starred panels.<｜end▁of▁sentence｜>","So the hidden rule would be that a starred panel has a cyclic connectivity among the cones, forming closed loops or cycles.",0.0,0.0
PLAN_neg_0.5,1,6,1806,at least one red cone,"The hidden rule is that a panel is marked with a yellow star if and only if it contains at least one cone of the color Red. Thus, the answer is:

**The hidden rule is that a panel is starred if it contains at least one red cone.**

$\boxed{\text{A panel is starred if it contains at least one red cone.}}$<｜end▁of▁sentence｜>",So the hidden rule is that a panel is starred if and only if it contains at least one Red cone.,1.0,1.0
PLAN_neg_0.5,1,7,1807,at least one red cone,"The hidden rule is that a panel is starred if its cone arrangement forms a linear chain where each cone is built on or supports the previous one, creating a visible path. If the arrangement is more complex, such as nesting or overlapping without a clear linear chain, it is unstarred.

**Answer:** The hidden rule is that a panel is marked with a yellow star if its cone arrangement forms a linear chain, where each cone is built on or supports the previous one, creating a visible path. Panels without such a chain do not follow this rule.<｜end▁of▁sentence｜>",The key is the linear chain structure.,0.0,0.0
PLAN_neg_0.5,1,8,1808,at least one red cone,"The hidden rule is that a panel is starred if it contains at least one cone with the color Red. Otherwise, it is not starred.

**Answer:** The rule is that a panel is starred if it contains at least one red cone.<｜end▁of▁sentence｜>","Therefore, the rule is that any panel with at least one Red cone is starred; otherwise, it's not.",1.0,1.0
PLAN_neg_0.5,1,10,1810,at least one red cone,"The hidden rule is that the starred panels (A, E, F) have cones arranged in a linear sequence, each supporting the next in a path across the panel, forming a continuous line from one side to the other. In contrast, the non-starred panels (B, C, D) have cones arranged with some supports but not in a single continuous linear path.

**Answer:** The hidden rule is that the panels with a yellow star have cones arranged in a continuous linear path from one edge to the opposite edge, each supporting the next cone, forming a single continuous line.<｜end▁of▁sentence｜>","So, to sum up, I think the hidden rule is that the starred panels (A, E, F) have cones arranged in a linear path from one side of the panel to the other, each supporting the next, while the non-starred ones (B, C, D) have cones arranged with some supports but not in a single linear path.",0.0,0.0
PLAN_neg_0.5,2,3,2803,exactly one small blue cone,"The hidden rule that distinguishes the starred panels (A, B, E) from the unstarred panels (C, D, F) is that the starred panels have a continuous arrangement of cones forming a closed loop or a connected chain, whereas the unstarred panels have cones arranged in a way that does not form such a cycle or connected path. This is characterized by the connections between the cones, where each cone in the starred panels is in contact with the next, forming a continuous path, whereas the unstarred panels either have isolated cones or a different structure without such connections.

**Answer:** The hid","Therefore, the hidden rule is that starred panels have a continuous cycle or connected chain of cones, while unstarred ones do not.",0.0,0.0
PLAN_neg_0.5,2,9,2809,exactly one small blue cone,"The hidden rule is that a panel is marked with a yellow star if at least one of its cones does not touch the floor. If all cones are in contact with the floor, the panel is not starred.

**Answer:** The hidden rule is that a panel is starred if any of its cones do not touch the floor; otherwise, it is unstarred.<｜end▁of▁sentence｜>","So the hidden rule is that a panel is starred if it has at least one cone that doesn't touch the floor; otherwise, it's unstarred.",0.0,0.0
PLAN_neg_0.5,3,3,3803,at least two tilted blue cones,"The hidden rule is that a panel is marked with a yellow star if it contains at least one central cone positioned on the floor that serves as a support for other cones. This central cone is used as a base for other cones to rest upon, creating a structure where one or more cones are supported by this central point. 

Thus, the best guess is:

**The rule is that a panel is starred if it contains one or more central cones resting on the floor that support other cones.**<｜end▁of▁sentence｜>","So, the presence of one or more central cones on the floor that are used as a base for others.",0.0,0.0
PLAN_neg_0.5,3,6,3806,at least two tilted blue cones,"The hidden rule that distinguishes the starred panels (A, C, and F) from the unstarred ones (B, D, and E) is that the starred panels have a continuous chain of cones where each cone is either on the floor or supported by the next cone in a linear or overlapping structure. Non-star panels have arrangements that are more varied or clustered without such a continuous chain.

**Answer:** The hidden rule is that panels with yellow stars have a continuous chain of cones, each either on the floor or supported by the next, forming a linear or overlapping structure, while non-star panels do not follow ","Therefore, the rule might be: Panels with a yellow star have a continuous chain of cones, each either on the floor or supported by the next, forming a linear or overlapping structure.",0.0,0.0
PLAN_neg_0.5,4,1,4801,a pair of stacked cones with different colours,"The hidden rule that distinguishes the starred panels is that they contain at least two cones that are mutually supporting each other, creating a balanced arrangement where each cone supports and is supported by another. Non-star panels have a linear hierarchy where one cone supports another without mutual support.

**Answer:** The hidden rule is that a panel is marked with a yellow star if it contains at least two cones that are mutually supporting each other, forming balanced pairs, while non-star panels have a linear hierarchy of support without such mutual arrangements.<｜end▁of▁sentence｜>","Otherwise, it is not.",0.0,0.0
PLAN_neg_0.5,4,2,4802,a pair of stacked cones with different colours,"The hidden rule that distinguishes the starred panels is that the first two cones are leaning on each other, creating a mutual support structure. This pattern is observed in Panels A, C, and F, each of which have their first two cones forming such a pair. In contrast, non-starred panels do not have this mutual leaning relationship between the initial cones.

**Answer:** Panels with a yellow star have their first two cones leaning on each other, forming a mutual support structure.<｜end▁of▁sentence｜>","Thus, the hidden rule could be: ""A panel has a yellow star if the first two cones are leaning on each other, forming a mutual support structure.""",0.0,0.0
PLAN_neg_0.5,4,3,4803,a pair of stacked cones with different colours,"The hidden rule is that a panel is marked with a yellow star if and only if the number of contacts (edges where cones touch each other) is a prime number. Specifically:

- **Panel A**: 2 contacts (prime) → Star.
- **Panel B**: 2 contacts (non-prime) → Not a star.
- **Panel C**: 5 contacts (prime) → Star.
- **Panel D**: 2 contacts (non-prime) → Not a star.
- **Panel E**: 2 contacts (non-prime) → Not a star.
- **Panel F**: 3 contacts (prime) → Star.

Thus, the rule is that a panel is starred if the number of contacts is a prime number.<｜end▁of▁sentence｜>",So the rule is: Panels with a prime number of contacts are starred.,0.0,0.0
PLAN_neg_0.5,4,4,4804,a pair of stacked cones with different colours,"The hidden rule that distinguishes the starred panels is that a panel is marked with a yellow star if and only if there exists at least one pair of cones where one cone is both supporting and being supported by another cone, creating a mutual support relationship. This mutual support is present in Panels A, C, and F, each containing such a pair, while the other panels do not have such a relationship.

**Answer:** The hidden rule is that a panel has a yellow star if and only if there is a mutual support between two cones, meaning one cone is both supporting and being supported by another.<｜end▁","Therefore, the hidden rule is that a panel has a yellow star if and only if there is a mutual support between two cones.",0.0,0.0
PLAN_neg_0.5,4,5,4805,a pair of stacked cones with different colours,"The hidden rule is that starred panels (A, C, F) each contain at least one pair of cones that are mutually supporting each other, forming a reciprocal resting structure, whereas non-starred panels (B, D, E) do not have any such mutual supports. 

**Answer:** The hidden rule is that starred panels (A, C, F) each contain at least one pair of cones that are mutually supporting each other, forming a reciprocal resting structure, while non-starred panels (B, D, E) do not have any such mutual supports.<｜end▁of▁sentence｜>","So the best guess is that the hidden rule is that a starred panel contains at least one pair of cones where each cone is resting on the other, forming a mutual support structure, while non-starred panels do not have such pairs.",0.0,0.0
PLAN_neg_0.5,4,6,4806,a pair of stacked cones with different colours,"The hidden rule is that a panel contains a yellow star if and only if it has at least one pair of cones that are mutually supporting each other, meaning each cone rests on the other's base, forming a resting-on-lying pair.

**Answer:** The hidden rule is that a panel has a yellow star if it contains at least one pair of cones that are mutually supporting each other, forming a resting-on-lying pair.<｜end▁of▁sentence｜>","Therefore, the answer is: The hidden rule is that a panel has a yellow star if it contains at least one pair of cones that are mutually supporting each other, forming a resting-on-lying pair.",0.0,0.0
PLAN_neg_0.5,4,9,4809,a pair of stacked cones with different colours,"The hidden rule is that a panel has a yellow star if and only if all the cones are arranged in a continuous stacking sequence where each cone supports the next, forming a continuous chain without gaps.<｜end▁of▁sentence｜>","Therefore, the rule is that a panel has a yellow star if and only if all the cones are arranged in a continuous stacking sequence where each cone supports the next, forming a continuous chain without gaps.",0.0,0.0
PLAN_neg_1.0,1,1,1801,at least one red cone,"The hidden rule is that a panel is starred if every cone within it is both supported by another cone and supports another, forming a closed loop without any start or end. This pattern is observed in panels A, E, and F.

**Answer:** The hidden rule is that a panel is starred if every cone in it is both supported by another cone and supports another, forming a closed loop without any start or end.<｜end▁of▁sentence｜>","So, my best guess is that the hidden rule is that a panel is starred if every cone in it is both supported by another and supports another, forming a closed loop without any start or end.",0.0,0.0
PLAN_neg_1.0,1,3,1803,at least one red cone,"The hidden rule is that the panels with a yellow star contain all three colors (Red, Green, Blue), while the non-starred panels contain only two of those colors. Therefore, the answer is:

**The yellow stars are on panels that include all three colors (Red, Green, Blue), while the non-starred panels contain only two colors.**

**Answer:** The yellow star panels contain all three colors (Red, Green, Blue), while non-starred ones contain only two.<｜end▁of▁sentence｜>","Therefore, the answer is that the yellow stars are on panels that include all three colors, while the others have only two.",0.0,0.0
PLAN_neg_1.0,1,4,1804,at least one red cone,"The hidden rule is that a panel has a yellow star if its cone arrangement forms a closed loop where each cone is supported by another, creating a continuous cycle. This is true for panels A, E, and F, while the other panels do not form such a cycle.

**Answer:** The hidden rule is that a panel has a yellow star if its cone arrangement forms a closed loop where each cone is supported by another, creating a continuous cycle.<｜end▁of▁sentence｜>","So the hidden rule is: A panel has a yellow star if its cone arrangement forms a closed loop, where each cone is supported by another, creating a cycle.",0.0,0.0
PLAN_neg_1.0,1,8,1808,at least one red cone,"The hidden rule is that a panel is starred if and every if its cones use three or more different colors. Thus, the rule is:

**The yellow star is awarded to panels where the cones use three or more distinct colors.**

So, the answer is:

The hidden rule is that a panel has a yellow star if and only if its cones use three or more different colors.<｜end▁of▁sentence｜>","So the rule is that if a panel's cones use three or more different colors, it's a yellow star.",0.0,0.0
PLAN_neg_1.0,1,10,1810,at least one red cone,"The hidden rule is that a panel has a yellow star if and if it contains three distinct colors in its cone arrangements. Therefore, the star panels (A, E, F) each have three unique colors, while the non-star panels (B, C, D) have only two.

**Answer:**

The hidden rule is that a panel contains a yellow star if and only if it contains three different colors in its cone arrangements. Therefore, the yellow-star panels (A, E, F) each have three unique colors, while the non-star panels (B, C, D) have only two unique colors. 

**Final Answer:**

The yellow-star panels (A, E, F) are those with three d","So, that's the guess.",0.0,0.0
PLAN_neg_1.0,2,2,2802,exactly one small blue cone,"The hidden rule is that a panel has a yellow star if all five cones are arranged in a single connected cluster. Otherwise, it does not. Therefore, the answer is:

The hidden rule is that the panel is a star if all five cones form a single connected cluster, otherwise, it is not. So, the yellow star is given to panels with a single connected cluster of five cones.

The answer is: **The hidden rule is that a panel has a yellow star if all five cones are arranged in a single connected cluster.**<｜end▁of▁sentence｜>","Therefore, the rule is: If all five cones are arranged in a single connected cluster, the panel has a yellow star; otherwise, it does not.",0.0,0.0
PLAN_neg_1.0,2,8,2808,exactly one small blue cone,"The hidden rule is that the number of different colors used in the cones is three. Therefore, the yellow star is awarded to panels that have exactly three distinct colors in their cone arrangements.

**Answer: The rule is that the panel contains exactly three different colors.**<｜end▁of▁sentence｜>","So, the hidden rule is that the number of different colors used in the cones is three.",0.0,0.0
PLAN_neg_1.0,2,9,2809,exactly one small blue cone,"The hidden rule is that a panel is marked with a yellow star if its first and last cone are the same color, making the arrangement symmetrical. If the first and last cones are different colors, the panel does not have a yellow star.

**Answer:** The hidden rule is that a panel has a yellow star if its first and last cone are the same color.<｜end▁of▁sentence｜>","So, the answer is that the star panels have their first and last cones of the same color, whereas non-star panels do not.",0.0,0.0
PLAN_neg_1.0,3,1,3801,at least two tilted blue cones,"The hidden rule is that a panel is marked with a yellow star if and most of its cone arrangements include exactly two Lying cones. This rule is consistent across all six panels, with Panels A and F having two Lying cones, while the others have one or three, thus determining their status as stars or not.

**Answer:** The hidden rule is that a panel is marked with a yellow star if and only if it contains exactly two Lying cones.<｜end▁of▁sentence｜>","Or more precisely, ""A panel is marked with a yellow star if and its coners include exactly two Lying cones.""",0.0,0.0
PLAN_neg_1.0,3,2,3802,at least two tilted blue cones,"The hidden rule is that a panel is starred if its cones have three different orientations. Specifically, if a panel's cones use three distinct directions such as Lying right, Lying left, and Upright, it is marked with a yellow star. If a panel's cones only use two or fewer orientations, it does not have a yellow star.

**Answer:**

The hidden rule is that a panel is marked with a yellow star if its cones have three distinct orientations. Therefore, the best guess is that the rule is that a panel is starred when its cones have three different orientations.<｜end▁of▁sentence｜>",So the answer is that the rule is that a panel is starred if and always has three different orientations in its cones.,0.0,0.0
PLAN_neg_1.0,3,3,3803,at least two tilted blue cones,"The hidden rule is that the star panels have their cones colored in an alternating color pattern, while non-star panels do not. Therefore, the answer is:

**The star panels (A, C, F) have their cones arranged with alternating colors, while non-star panels (B, D, E) do not.**

**Answer:**

The hidden rule is that the panels with yellow stars have their cone colors arranged in an alternating pattern, whereas the non-star panels do not follow this color alternation.<｜end▁of▁sentence｜>","If it doesn't, the colors don't alternate.",0.0,0.0
PLAN_neg_1.0,3,6,3806,at least two tilted blue cones,"The hidden rule is that a panel is a yellow star if it contains at least two cones of the same color, one positioned on the left side and another on the right side of the panel. This rule distinguishes the yellow star panels from the others because all yellow star panels meet this condition, while the non-yellow star panels do not.

**Answer:** The hidden rule is that a panel is a yellow star if it contains at least two cones of the same color, one on the left side and one on the right side.<｜end▁of▁sentence｜>",This rule distinguishes the yellow star panels from the others.,0.0,0.0
PLAN_neg_1.0,4,1,4801,a pair of stacked cones with different colours,"The hidden rule is that a panel is marked with a yellow star if it contains a continuous chain of cones where each cone is both supporting and being supported by another, forming a balanced, interconnected structure. This is in contrast to non-star panels where the support is one-directional or less connected.

**Answer:** The hidden rule is that a star panel contains a continuous chain of cones where each is both supporting and being supported by another, forming a balanced, interconnected structure.<｜end▁of▁sentence｜>","I think the best conclusion is that the hidden rule is that a star panel has a continuous chain of mutual support where each cone is both supporting and being supported by another, forming a balanced, interconnected structure.",0.0,0.0
PLAN_neg_1.0,4,2,4802,a pair of stacked cones with different colours,"The hidden rule is that the arrangement is a single path where each cone is connected to exactly one other cone, forming a straight line without any overlaps or clusters. This pattern is observed in the starred panels (A, C, F), while the non-star panels (B, D, E) have clusters or internal connections.

**Answer:** The yellow star panels are those where all cones are connected in a single path without any overlaps or internal connections, forming a straight line.<｜end▁of▁sentence｜>","So the hidden rule is that the arrangement is a single path where each cone is connected to exactly one other cone, making it a straight line without any overlaps or clusters.",0.0,0.0
PLAN_neg_1.0,4,3,4803,a pair of stacked cones with different colours,"The hidden rule is that a yellow star panel contains seven cones arranged in a continuous support chain, each one supporting the next, forming a complete path across the panel. This is why panels A, C, and F are starred.

**Answer:** The yellow star panels are those where all seven cones form a continuous support chain, each one supporting the next, creating a complete path across the panel.<｜end▁of▁sentence｜>","So I'll conclude that the hidden rule is that a yellow star panel has a continuous path of seven cones, each supporting the next, forming a complete chain.",0.0,0.0
PLAN_neg_1.0,4,8,4808,a pair of stacked cones with different colours,"The hidden rule is that a panel is a star if it contains exactly two non-uprigh cones or exactly two upside-down cones. 

**Answer:**

The rule is that a panel is marked with a yellow star if it has exactly two non-uprigh cones or exactly two upside-down cones. This criterion is satisfied by panels A, C, and F.<｜end▁of▁sentence｜>",So that's the hidden rule.,0.0,0.0
