set,population,task_id,trace_id,seed,ground_truth_rule,stated_rule_answer,last_rule_sentence,heuristic_correct,manual_correct
A,set_a,1,3,1003,at least one red cone,"The hidden rule is that the panels with a yellow star have at least one cone that is upside-down.

**Answer:** Panels with a yellow star have at least one upside-down cone.<｜end▁of▁sentence｜>","So my best guess is that the hidden rule is: ""Panels with a yellow star have at least one cone that is upside-down.""",0.0,0.0
A,set_a,1,5,1005,at least one red cone,"The hidden rule that distinguishes the starred panels (A, E, F) from the non-starred ones (B, C, D) is that the starred panels have their cone structures arranged in a single continuous linear chain where each cone is directly supporting the next, forming a connected path across the panel. In contrast, the non-starred panels have a different arrangement, such as nested structures or separate components, or do not form a single continuous chain.

**Answer:** The panels with yellow stars (A, E, F) have their cone structures arranged in a single continuous linear chain, each supporting the next, ",The non-starred ones either have a different arrangement or are not in a single chain.,0.0,0.0
A,set_a,1,8,1008,at least one red cone,"The hidden rule that distinguishes panels with a yellow star is that they contain at least one cone that is either tilted or lying, while non-starred panels have all cones in an upright orientation.

**Answer:** The hidden rule is that panels with a yellow star have at least one tilted or lying cone, whereas non-starred panels have all cones in an upright orientation.<｜end▁of▁sentence｜>","So, the hidden rule could be: ""Panels with a yellow star have at least one tilted or lying cone, while non-starred panels have all cones upright.""",0.0,0.0
A,set_a,1,11,1011,at least one red cone,"The hidden rule that distinguishes the starred panels from the unstarred ones is that the starred panels (A, E, F) have a linear chain of cones where each cone is stacked on top of the previous one, forming a single vertical structure. In contrast, the unstarred panels (B, C, D) have a more scattered arrangement with cones connected in a less linear, possibly branched or overlapping manner.

**Answer:** The hidden rule is that the panels with yellow stars have a linear chain of cones where each cone is stacked on top of the previous one, forming a vertical structure.<｜end▁of▁sentence｜>","So, based on that, I think the hidden rule is that the star panels have a linear chain of cones where each one is stacked on top of the previous, forming a single vertical line.",0.0,0.0
A,set_a,1,12,1012,at least one red cone,"The hidden rule is that a panel gets a yellow star if and only if it contains three distinct colors. Specifically, Panels A, E, and F each have three different colors (Red, Green, Blue), while Panels B, C, and D have two or one color, hence no star.

**Answer:** The hidden rule is that a panel is starred if it contains three distinct colors. Therefore, Panel A, E, and F each have three colors and are starred, while B, C, and D do not and are unstarred.<｜end▁of▁sentence｜>","So, the rule is that panels with three distinct colors get a yellow star.",0.0,0.0
A,set_a,1,14,1014,at least one red cone,"The hidden rule that distinguishes the starred panels (A, E, F) from the unstarred ones (B, C, D) is that the starred panels contain a continuous chain of cone-shaped objects connected in a specific direction—most likely to the right. Each cone in the chain is connected to the next, forming a linear sequence that spans the panel from left to right. In contrast, the unstarred panels have arrangements that are either more complex, nested, or not linear, without such a continuous chain.

**Answer:** The hidden rule is that starred panels (A, E, F) have a continuous chain of cone-shaped objects co","Therefore, the rule is that starred panels have a linear chain of cones connected in a specific direction, likely to the right, forming a path from left to right.",0.0,0.0
A,set_a,1,15,1015,at least one red cone,"The hidden rule that distinguishes the starred panels from the unstarred ones is that the starred panels (A, E, F) each have a single continuous chain of cones connected in a linear path, forming a sequence where each cone directly supports the next. This creates a straight or snake-like line from the floor to the top. In contrast, the unstarred panels (B, C, D) have more varied and complex arrangements with multiple connections or branches, leading to a less structured, often more intricate setup.

**Answer:** The star panels (A, E, F) each have a single continuous chain of cones connected in","Non-star panels have arrangements with multiple connections or branches, making the structure more complex.",0.0,0.0
A,set_a,1,16,1016,at least one red cone,"The hidden rule is that a panel has a yellow star if and only if it contains at least one cone that is both tilted and lying.

**Answer:** The rule is that a panel has a yellow star if and only if it contains at least one cone that is both tilted and lying.<｜end▁of▁sentence｜>","Therefore, my best guess is that the hidden rule is that a panel has a yellow star if and only if it contains at least one cone that is both tilted and lying.",0.0,0.0
A,set_a,1,18,1018,at least one red cone,"The hidden rule that distinguishes the starred panels is that a panel is starred if it contains at least one upside-down cone.

**Answer:** Panels A, E, and F have at least one upside-down cone, while the others do not, indicating that the hidden rule is: *A panel is starred if it contains at least one upside-down cone.*<｜end▁of▁sentence｜>","So panels A, E, and F have at least one upside-down cone, making them starred, while the others don't.",0.0,0.0
A,set_a,1,20,1020,at least one red cone,"The hidden rule is that a panel is marked with a yellow star if it uses three distinct colors in its cone arrangements, while panels without a star use only two colors.

**Answer:** Panels with a yellow star use three distinct colors, while those without use only two.<｜end▁of▁sentence｜>","Therefore, the hidden rule is: The panels with the yellow star are those that use three distinct colors in their cone arrangements, while the unstarred ones only use two.",0.0,0.0
A,set_a,1,23,1023,at least one red cone,"The hidden rule is that a panel is marked with a yellow star if it contains at least one cone with exactly four contacts. Panels without stars do not have any cones with four contacts.

**Answer:** The panels with a yellow star are those that have at least one cone with exactly four contacts.<｜end▁of▁sentence｜>","So the rule is that a panel is starred if it has a cone with exactly four contacts, and unstarred otherwise.",0.0,0.0
A,set_a,1,24,1024,at least one red cone,"The hidden rule is that a panel is marked with a yellow star if it contains at least one upside-down cone. This is because both Panel E and Panel F have at least one cone in the upside-down orientation, while the other panels do not.

**Answer:** A panel is starred if it contains at least one upside-down cone.<｜end▁of▁sentence｜>",So the rule is that a panel has a yellow star if it contains at least one upside-down cone.,0.0,0.0
A,set_a,1,26,1026,at least one red cone,"The hidden rule that distinguishes the starred panels from the unstarred ones is that the starred panels (A, E, F) exhibit a specific sequence of colors in their cone arrangements. Each starred panel follows a color pattern that alternates in a particular order, such as red, green, blue, red, green, blue, etc. Non-starred panels (B, C, D) do not follow this color sequence, instead using fewer color variations or a different pattern.

**Answer:** The hidden rule is that the starred panels (A, E, F) have a specific color sequence, alternating through red, green, and blue, while the non-starred p","So, the hidden rule might be that a star panel must have each cone's color following a specific order, like red, green, blue, red, etc., while non-star panels don't.",0.0,0.0
A,set_a,1,28,1028,at least one red cone,"The hidden rule is that the panels with a yellow star have a hierarchical structure where each cone is either nested inside another or supporting it, forming a connected chain or tree-like arrangement. In contrast, the non-starred panels have a linear, flat structure where cones are placed adjacent to each other without such hierarchical relationships.

**Answer:** The panels with yellow stars have a hierarchical structure where each cone is either nested inside another or supporting it, forming a connected chain or tree-like arrangement. Non-starred panels have a linear, flat structure with c","Therefore, the best guess is that the rule is: Panels with a yellow star have a hierarchical arrangement where each cone is either nested inside another or supporting it, forming a connected structure, while non-starred panels have a linear arrangement with cones placed adjacent to each other without such connections.",0.0,0.0
A,set_a,1,29,1029,at least one red cone,"The hidden rule that distinguishes the starred panels (A, E, F) from the unstarred ones (B, C, D) is that each starred panel contains at least one cone that is upside-down and resting on the floor. The unstarred panels do not have any cones in such a configuration.

**Answer:** The rule is that each starred panel has at least one cone that is upside-down and resting on the floor.<｜end▁of▁sentence｜>","So my best guess is that the hidden rule is: ""Each panel with a yellow star has at least one cone that is upside-down and resting on the floor.""",0.0,0.0
A,set_a,1,30,1030,at least one red cone,"The hidden rule is that a panel is marked with a yellow star if it contains both red and blue cones. If a panel contains only green and/or other colors without red or blue, it does not have a star.

**Answer:** A panel is starred if it contains at least one red cone and at least one blue cone.<｜end▁of▁sentence｜>","If it only has green and/or other colors, it doesn't have a star.",1.0,0.0
A,set_a,1,31,1031,at least one red cone,"The hidden rule is that a panel is marked with a yellow star if it contains at least one cone that is not upright. Specifically, if any cone in the panel is tilted or upside-down, the panel gets a star. Conversely, panels without stars have all their cones in an upright orientation.

**Answer:** The hidden rule is that a panel is starred if it contains at least one cone that is not upright (tilted or upside-down).<｜end▁of▁sentence｜>",So the rule is about the presence of any non-upright cone.,0.0,0.0
A,set_a,1,32,1032,at least one red cone,"The hidden rule that distinguishes the starred panels from the unstarred ones is that the starred panels (A, E, F) have a more interconnected structure where each cone is either directly or indirectly connected to others, forming a single connected component. In contrast, the unstarred panels (B, C, D) have a less interconnected structure, often linear or with fewer connections, leading to a more fragmented layout.<｜end▁of▁sentence｜>",Non-starred panels have a more linear or less connected structure.,0.0,0.0
A,set_a,1,33,1033,at least one red cone,"The hidden rule is that a panel is marked with a yellow star if and only if it features three distinct colors among its cones. Therefore, the panels with stars (A, E, F) each have three different colors, while the non-starred panels (B, C, D) have only two.

**Answer:** The hidden rule is that a panel is marked with a yellow star if it contains three distinct colors among its cone arrangements.<｜end▁of▁sentence｜>","So the hidden rule is that the panels with three distinct colors are starred, and those with two or fewer are not.",0.0,0.0
A,set_a,1,34,1034,at least one red cone,"The hidden rule is that a panel is marked with a yellow star if it contains cones with both ""Left"" and ""Right"" tilted orientations. If a panel has cones with only one type of tilt or ""Lying"" orientation, it does not have a star.

**Answer:** Panels are marked with a yellow star if they have cones that are both ""Left"" and ""Right"" tilted; otherwise, they are not.<｜end▁of▁sentence｜>","So, yes, the starred panels have both left and right tilts, while non-starred have only one type or lying, which is akin to one side.",0.0,0.0
A,set_a,1,35,1035,at least one red cone,"The hidden rule is that a panel is marked with a yellow star if it contains at least one upside-down cone. Therefore, the starred panels (A, E, F) have at least one upside-down cone, while the others do not.

**Answer:** The hidden rule is that a panel is marked with a yellow star if it contains at least one upside-down cone.<｜end▁of▁sentence｜>","Therefore, the hidden rule is that a panel is marked with a yellow star if any of its cones are upside-down.",0.0,0.0
A,set_a,1,36,1036,at least one red cone,"The hidden rule that distinguishes the starred panels from the unstarred ones is:

**""Each cone in the panel is both supporting another cone and being supported by another cone, creating a mutual support structure.""**

This rule applies specifically to the panels marked with a yellow star. In these panels, every cone is involved in a mutual relationship where it supports another cone and is itself supported by another. In contrast, the unstarred panels have a one-directional support structure where cones typically only support others without being supported themselves.

**Answer:** The hidden ","So, to state the rule: ""Each cone in the panel is both supporting another cone and being supported by another cone, creating a mutual support structure.""",0.0,0.0
A,set_a,1,38,1038,at least one red cone,"The hidden rule is that the panels with a yellow star have a continuous chain of connected cones, each supporting the next in a specific arrangement, while the non-star panels do not follow this connected chain structure.<｜end▁of▁sentence｜>","So, I think the hidden rule is that the panels with yellow stars have a chain of cones where each cone is connected to the next in a specific way, forming a continuous structure, while non-star panels don't follow this.",0.0,0.0
A,set_a,1,39,1039,at least one red cone,"The hidden rule that distinguishes panels with a yellow star from those without is that a panel earns a star if it contains at least one cone that both supports another cone and is itself supported by another cone, forming a mutual support structure. This creates a hub-and-spoke relationship where one cone serves as a central support for others, while another cone supports it, unlike non-star panels which typically have a more linear or one-directional support structure.

**Answer:** Panels with a yellow star have at least one cone that both supports another cone and is supported by another co","So, the hidden rule might be: ""A panel has a yellow star if there exists at least one cone that is both supporting another cone and being supported by another cone, creating a mutual support structure.""",0.0,0.0
A,set_a,2,7,2007,exactly one small blue cone,"The hidden rule is that the first and last cones in the arrangement must be the same color. This is true for Panels A and E, which are starred. Therefore, the best guess is:

**The first and last cones must be the same color.**<｜end▁of▁sentence｜>",So the hidden rule might be that the first and last cones are the same color.,0.0,0.0
A,set_a,2,8,2008,exactly one small blue cone,"The hidden rule is that a panel is marked with a yellow star if it contains a cone that is both supported by another cone and supports another cone, forming a mutual supporting structure. This creates a specific arrangement where one cone rests on another and is in turn supported by it, unlike the non","So, the star panels have such a mutual supporting pair, while non-star panels don't.",0.0,0.0
A,set_a,2,10,2010,exactly one small blue cone,"The hidden rule is that the panels with yellow stars (A, B, E) have their cone arrangements in a linear chain from left to right, each connected to the next, starting and ending on the floor. The non-starred panels (C, D, F) have a more complex arrangement with clusters or nested structures.

**Answer:** The panels with yellow stars have their cone arrangements in a linear chain from left to right, each connected to the next, starting and ending on the floor.<｜end▁of▁sentence｜>","Therefore, the rule is that the starred panels have a linear chain of cones from left to right, each connected to the next, starting and ending on the floor, while non-starred have a different, more complex arrangement.",0.0,0.0
A,set_a,2,12,2012,exactly one small blue cone,"The hidden rule is that a panel is marked with a yellow star if it features two distinct clusters of cones, one on the left side and another on the right side. Each cluster consists of a specific number of cones, with the left cluster being on the left and the right cluster on the right, creating a symmetrical arrangement.

**Answer:** Panels A, B, and E each have two clusters of cones on opposite sides of the panel, while the others do not, making them the starred panels.<｜end▁of▁sentence｜>","So, putting it together, the hidden rule could be: ""The panel is starred if it has two clusters of cones, one on the left side and one on the right side of the panel, each cluster containing a specific number of cones.""",0.0,0.0
A,set_a,2,14,2014,exactly one small blue cone,"The hidden rule that distinguishes the starred panels (A and B) from the unstarred ones is that each cone is in contact with the cone to its immediate right, forming a linear chain. This pattern is consistent in both Panel A and Panel B, where each cone is supported by or touches the next one to its right. In contrast, the other panels have arrangements that do not follow this strict linear chain structure.

**Answer:** The hidden rule is that each cone is in contact with the cone immediately to its right, forming a linear chain.<｜end▁of▁sentence｜>","Therefore, my best guess is that the hidden rule is that each cone is in contact with the cone immediately to its right, forming a linear chain.",0.0,0.0
A,set_a,2,15,2015,exactly one small blue cone,"The hidden rule is that a panel is marked with a yellow star if exactly one of its cones does not touch the floor. This distinguishes Panels A and E as starred, while the others have all cones on the floor.

**Answer:** The hidden rule is that a panel is starred if exactly one of its cones does not touch the floor.<｜end▁of▁sentence｜>","Therefore, the rule is that the panel is starred if exactly one cone does not touch the floor.",0.0,0.0
A,set_a,2,17,2017,exactly one small blue cone,"The hidden rule is that a panel receives a yellow star if the first cone is connected to another cone (i.e., it's not isolated). If the first cone is isolated, the panel does not have a star.

**Answer:** A panel is starred if its first cone is connected to another cone; otherwise, it isn't.<｜end▁of▁sentence｜>","So the hidden rule is that a panel gets a yellow star if the first cone is connected to another cone; otherwise, it doesn't.",0.0,0.0
A,set_a,2,18,2018,exactly one small blue cone,"The hidden rule that distinguishes the starred panels from the unstarred ones is that the colors of the cones must alternate without any two adjacent cones having the same color. This pattern is consistent with Panels A and F, which have their colors alternating perfectly, while the other panels have at least one instance where adjacent cones share the same color.

**Answer:** The hidden rule is that the colors of the cones must alternate without any two adjacent cones having the same color.<｜end▁of▁sentence｜>",,0.0,0.0
A,set_a,2,21,2021,exactly one small blue cone,"The hidden rule that distinguishes the starred panels from the unstarred ones is that the starred panels (A, B, E) have their cones arranged in a continuous linear chain where each cone is connected to the next in a specific direction, forming a continuous line. The unstarred panels (C, D, F) have their cones arranged in a more random or disconnected manner.

**Answer:** The panels with yellow stars have their cone arrangements in a continuous linear chain, while the others do not.<｜end▁of▁sentence｜>","Non-special panels (C, D, F) have cones arranged in a more random or disconnected manner.",0.0,0.0
A,set_a,2,23,2023,exactly one small blue cone,"The hidden rule that distinguishes the starred panels from the unstarred ones is that the starred panels (A and B) have a single linear chain of connected cones, whereas the unstarred panels (C, D, E, F) have multiple clusters of cones.

**Answer:** The star panels (A and B) have a single linear chain of cones, while the other panels have multiple clusters.<｜end▁of▁sentence｜>","So, after considering various possibilities, I think the hidden rule is that the star panels (A and B) have a linear arrangement of cones connected one after another, forming a single chain, while the non-starred panels have multiple clusters of cones.",0.0,0.0
A,set_a,2,26,2026,exactly one small blue cone,"The hidden rule that distinguishes the starred panels is that they follow a linear sequence where each cone is connected in a specific order, either left to right or right to left, with each subsequent cone placed adjacent to the previous one. Unstarred panels have more complex arrangements with nesting or overlaps without following this linear path.

**Answer:** The hidden rule is that starred panels have a linear sequence of connected cones, each adjacent to the previous one, forming a path from left to right or right to left.<｜end▁of▁sentence｜>","Therefore, my best guess is that the rule is: ""The arrangement follows a linear sequence where each cone is connected in a specific order, either left to right or right to left, with each subsequent cone placed adjacent to the previous one.""",0.0,0.0
A,set_a,2,28,2028,exactly one small blue cone,"The hidden rule is that a panel has a yellow star if the number of color changes between adjacent cones is odd. If the number of color changes is even, the panel does not have a star.

**Answer:** Panels with an odd number of color changes between adjacent cones have a yellow star.<｜end▁of▁sentence｜>","So I think the rule is that if the number of color changes between adjacent cones is odd, the panel has a yellow star; otherwise, it doesn't.",0.0,0.0
A,set_a,2,31,2031,exactly one small blue cone,"The hidden rule is that the panels with the yellow star have cones arranged in a straight line from left to right, each leaning on the cone to its immediate left, forming a continuous chain. This is different from the non-starred panels, which have more varied arrangements, such as clusters, nested structures, or different connectivity.

**Answer:** The hidden rule is that the panels with yellow stars have cones arranged in a straight line from left to right, each leaning on the cone to its immediate left, forming a continuous chain.<｜end▁of▁sentence｜>","So, the rule is: ""Each cone is leaning on the cone immediately to its left, forming a straight line from left to right.""",0.0,0.0
A,set_a,2,34,2034,exactly one small blue cone,"The hidden rule is that a panel is marked with a yellow star if the first and last cones have the same color. If they differ, the panel is unstarred.

**Answer:** A panel is starred if its first and last cone have the same color.<｜end▁of▁sentence｜>",So the hidden rule is that a panel is starred if its first and last cone have the same color.,0.0,0.0
A,set_a,2,37,2037,exactly one small blue cone,"The hidden rule that distinguishes the starred panels from the unstarred ones is that a panel is starred if and only if all its cones form a single connected structure, meaning every cone is connected to at least one other cone, either directly or indirectly. If any cone is isolated or only connected on one side without the other, the panel is unstarred.

**Step-by-Step Explanation:**

1. **Identify the Structure of Each Panel:**
   - **Starred Panels (A, B, E):**
     - **Panel A:** All five cones form a connected cluster where each cone touches or overlaps with another, creating a single con","If any cone is isolated or only connected on one side without the other, the panel is unstarred.",0.0,0.0
A,set_a,2,38,2038,exactly one small blue cone,"The hidden rule that distinguishes the starred panels is that they form a circular arrangement where each cone rests on the next, creating a continuous chain around the panel. This is seen in Panels A and B, which each have five cones arranged in a circular, interconnected manner. Panels C, D, E, and F do not have this circular arrangement, hence they are not starred.

**Answer:** The hidden rule is that the starred panels have a circular arrangement of cones, each resting on the next in a continuous chain.<｜end▁of▁sentence｜>","Therefore, the answer is that the panels with a yellow star are those arranged in a circular, connected chain, each cone resting on the next, forming a circular pattern.",0.0,0.0
A,set_a,3,6,3006,at least two tilted blue cones,"The hidden rule is that a panel is marked with a yellow star if the number of color changes when moving from left to right across the panel is even. 

**Answer:** The rule is that a panel is starred if the number of color changes from left to right is even.<｜end▁of▁sentence｜>","Therefore, the hidden rule is that a panel is marked with a yellow star if the number of color changes when moving from left to right across the panel is even.",0.0,0.0
A,set_a,3,15,3015,at least two tilted blue cones,"The hidden rule is: **""Panels with a yellow star have exactly one color used once, while non-star panels have all colors appearing at least twice.""**

**Step-by-Step Explanation:**

1. **Identify Starred and Unstarred Panels:**
   - Starred panels: A, C, F.
   - Unstarred panels: B, D, E.

2. **Analyze Color Distribution:**
   - For each star panel (A, C, F), check how many times each color appears.
     - Panel A: Colors are Blue (2 cones), Red (2 cones), Green (1 cone).
     - Panel C: Colors are Green (2), Blue (2), Red (1).
     - Panel F: Colors are Red (2), Blue (2), Green (1).
   - Each","So the rule is: Panels with a yellow star have exactly one color used once, while non-star panels have all colors used at least twice.",0.0,0.0
A,set_a,3,19,3019,at least two tilted blue cones,"The hidden rule that distinguishes starred panels from unstarred ones is that a panel is starred if its cones are arranged in a connected structure where each cone is either supporting or overlapping with the next one, forming a chain or cluster. This pattern is observed in Panels A, C, and F, which are the starred ones, while Panels B, D, and E do not exhibit this connected structure.

**Answer:** The hidden rule is that a panel is starred if its cones are arranged in a connected structure where each cone supports or overlaps with the next, forming a chain or cluster.<｜end▁of▁sentence｜>","Therefore, the best guess is that the hidden rule is that the panel is starred if the cones are arranged in a connected structure where each cone is supporting or overlapping with the next, forming a chain or cluster.",0.0,0.0
A,set_a,3,20,3020,at least two tilted blue cones,"The hidden rule that distinguishes the starred panels is that they have a linear chain structure where each cone (after the first) is both supported by and supports another cone, forming a single continuous chain. Non-starred panels have a more complex arrangement with branching structures where some cones support multiple others without being supported themselves.

**Answer:** The hidden rule is that starred panels (A, C, F) have a linear arrangement where each cone after the first is both supported by and supports another cone, forming a single continuous chain. Non-starred panels (B, D, E) ","Non-starred panels have a more complex arrangement where cones can support multiple others without being supported themselves.""",0.0,0.0
A,set_a,3,24,3024,at least two tilted blue cones,"The hidden rule that distinguishes the starred panels from the unstarred ones is that the first cone in the starred panels (A, C, F) has a ""medium gap"" to the next cone, while in the non-star panels (B, D, E), the first cone has a different type of gap, such as ""large,"" ""small,"" or ""immediate.""

**Final Answer:**

The hidden rule is that a panel is starred if and only if the first cone has","Star panels have a 'medium gap', while non-star have other gaps.",0.0,0.0
A,set_a,3,29,3029,at least two tilted blue cones,"The hidden rule that distinguishes the starred panels is that they form a single linear chain where each cone rests on exactly one other cone, creating a sequential structure. Non-star panels, in contrast, have a more interconnected network where cones support multiple others. Thus, the panels with yellow stars are those with a linear chain of supporting cones.

**Answer:** The panels with yellow stars are those where the cones form a single linear chain, each resting on the previous one, creating a sequential structure.<｜end▁of▁sentence｜>","Therefore, the hidden rule could be: ""A panel is starred if its cone arrangement forms a single linear chain where each cone is supported by exactly one other cone, creating a sequence where each subsequent cone rests on the previous one.""",0.0,0.0
A,set_a,3,31,3031,at least two tilted blue cones,"The hidden rule is that the starred panels (A, C, F) have their cones arranged in a strictly increasing order, each either to the right of the previous one or stacked on top, forming a path that moves either to the right or upwards without branching. Non-starred panels (B, D, E) have cones arranged in a more random or branching manner without following this strict order.

**Answer:** The hidden rule is that the starred panels (A, C, F) have cones arranged in a strictly increasing order, each placed either to the right of the previous one or stacked on top, forming a path that moves either to t","Therefore, my best guess is that the hidden rule is that the starred panels have cones arranged in a strictly increasing order from left to right or stacked upwards, forming a path, while non-starred panels do not follow this strict ordering.",0.0,0.0
A,set_a,3,35,3035,at least two tilted blue cones,"The hidden rule that distinguishes the starred panels (A, C, F) from the unstarred ones (B, D, E) is that the starred panels contain at least two cones that mutually support each other, forming a reciprocal relationship. Specifically, in these panels, there is a pair where one cone is positioned to support another, and the other in turn supports the first, creating a balanced interaction. In contrast, the unstarred panels do not have such mutual support structures.

**Answer:** The hidden rule is that starred panels (A, C, F) each contain a pair of cones that mutually support each other, formi","So, the best guess is that the rule is about having a mutual support or a reciprocal relationship between two cones, where one supports the other and is supported by it.",0.0,0.0
A,set_a,3,39,3039,at least two tilted blue cones,"The hidden rule is that a panel is starred if it has an even number of color changes between its cone colors in order. Otherwise, it is not starred.

**Answer:** Panels with an even number of color changes between consecutive cone colors are starred; those with an odd number are not.<｜end▁of▁sentence｜>","So the best guess is that the panels with an even number of color transitions between their cone colors in sequence are starred, and others are not.",0.0,0.0
A,set_a,4,2,4002,a pair of stacked cones with different colours,"The hidden rule is that the starred panels (A, C, F) each contain a sequence of cones arranged in a chain where each cone is leaning on and supporting the next one, forming a connected structure. The non-star panels (B, D, E) do not have such a chain, with their cones either nested, placed separately, or arranged without this interactive relationship.

**Answer:** The hidden rule is that starred panels (A, C, F) each have a chain of cones where each supports the next, forming a connected structure, while non-star panels (B, D, E) do not have such a chain.<｜end▁of▁sentence｜>","Therefore, the hidden rule is likely that the starred panels (A, C, F) have a chain of cones where each supports the next, creating a connected structure, while non-star panels (B, D, E) do not have such a chain and instead have cones arranged differently, either nested or separate.",0.0,0.0
A,set_a,4,4,4004,a pair of stacked cones with different colours,"The hidden rule is that the starred panels (A, C, F) have their cones arranged in interconnected pairs or clusters, whereas the non-starred panels (B, D, E) have cones arranged more isolated from each other.

**Step-by-Step Explanation:**

1. **Analyzing Each Panel's Cone Interactions:**
   - **Starred Panels (A, C, F):** Each cone in these panels is part of a pair or cluster, interacting with another cone. For example, Panel A has pairs like (1-2), (4-5), and (6-7), with Cone 3 adjacent. Panel C has pairs (1-2), (4-5), and (6-7), with Cone 3-4 stacking. Panel F has pairs (2-3), (4-5), and (6-","Therefore, the best guess is that the hidden rule is that starred panels (A, C, F) have their cones arranged in interconnected pairs or clusters, while non-starred panels (B, D, E) have cones arranged more isolated from each other.",0.0,0.0
A,set_a,4,5,4005,a pair of stacked cones with different colours,"The hidden rule that distinguishes the starred panels (A, C, F) from the unstarred ones (B, D, E) is that the starred panels have exactly four cones resting on the floor, while the unstarred panels have five or more cones on the floor.

**Answer:** The rule is that a panel is starred if it has exactly four cones on the floor.<｜end▁of▁sentence｜>","So, the hidden rule is that the panel is starred if and only if it has exactly four cones on the floor.",0.0,0.0
A,set_a,4,9,4009,a pair of stacked cones with different colours,"The hidden rule that distinguishes the starred panels from the unstarred ones is:

**Rule:** The starred panels (A, C, F) have a more intricate, complex arrangement of cones with significant overlapping and interactive relationships, while the non-starred panels (B, D, E) have a simpler, more linear or nested arrangement without such complex interactions.

**Answer:** The starred panels (A, C, F) have a more intricate, complex arrangement of cones with significant overlapping and interactive relationships, whereas the non-starred panels (B, D, E) have a simpler, more linear or nested arrangeme","So, my best guess is that the hidden rule is: Panels with stars have a more intricate, complex arrangement of cones with significant overlapping and interactive relationships, while non-starred panels have a simpler, more linear or nested arrangement without such complex interactions.",0.0,0.0
A,set_a,4,12,4012,a pair of stacked cones with different colours,"The hidden rule is that a panel gets a yellow star if at least one of its cones is stacked on another cone. If all cones are either on the floor or adjacent, the panel does not have a star.

**Step-by-Step Explanation:**

1. **Identify Stacked Cones:** Examine each panel to determine if any cone is stacked on another. A stacked cone is one that is placed on top of another cone.

2. **Determine Star Presence:** If a panel has any stacked cones, it is marked with a yellow star. If all cones are either on the floor or adjacent without stacking, the panel lacks a star.

3. **Apply to Each Panel:**","Panels without any stacking (i.e., all cones are either on the floor or adjacent) do not have a star.",0.0,0.0
A,set_a,4,14,4014,a pair of stacked cones with different colours,"The hidden rule that distinguishes the starred panels (A, C, F) from the unstarred ones (B, D, E) is that the starred panels exhibit a more complex, interconnected structure. They feature cones arranged in intricate, nested, or layered configurations, often with a mix of upright and tilted orientations. These cones form chains where one supports another, creating a hierarchical or hierarchical structure. In contrast, the unstarred panels have a simpler arrangement, often linear or in straightforward clusters, with cones aligned straight or in less complex groupings. This intricate, interconnec",,0.0,0.0
A,set_a,4,16,4016,a pair of stacked cones with different colours,"The hidden rule that distinguishes the starred panels is that they form a single connected chain where each cone rests on the next, creating a continuous structure. If there are multiple separate clusters or breaks in the chain, the panel is not marked with a star.

**Answer:** The panels with yellow stars are those where all cones form a single continuous chain, each resting on the next, creating a connected structure.<｜end▁of▁sentence｜>","Therefore, the best guess is that the hidden rule is about the arrangement forming a single connected chain of cones, each resting on the next, with no breaks.",0.0,0.0
A,set_a,4,18,4018,a pair of stacked cones with different colours,"The hidden rule that distinguishes the starred panels (A, C, F) from the others is that a panel is starred if its cone arrangement forms an intricate, interconnected, nested structure where each cone rests on or supports another, creating a complex and dependent pattern. The non-starred panels (B, D, E) have less interaction and a more linear or straightforward arrangement.

**Answer:** Panels A, C, and F are starred because their cone arrangements form an intricate, interconnected, nested structure where each cone supports or overlaps with another, creating a complex and dependent pattern.<｜e","Therefore, the hidden rule is likely that a panel is starred if its cone arrangement forms an interconnected, nested structure where each cone rests on or supports another, creating a complex pattern.",0.0,0.0
A,set_a,4,19,4019,a pair of stacked cones with different colours,"The hidden rule that distinguishes the starred panels from the unstarred ones is that a panel is marked with a yellow star if it contains two or more stacked pairs of cones. This means that if a panel has at least two instances where one cone is resting on top of another, it is considered starred. 

**Answer:** The hidden rule is that a panel is starred if it has two or more stacked pairs of cones.<｜end▁of▁sentence｜>","Therefore, the best guess is that the hidden rule is the number of stacked cone pairs; if there are two or more, it's starred.",0.0,0.0
A,set_a,4,22,4022,a pair of stacked cones with different colours,"The hidden rule that distinguishes the starred panels from the unstarred ones is that the starred panels (A, C, F) exhibit a pattern where each cone is either supporting or being supported by another, forming a chain-like structure with more interactions. In contrast, the unstarred panels (B, D, E) have more isolated cones with fewer interactions. This difference in interaction patterns and color alternation likely reflects the hidden rule.

**Answer:** The panels with a yellow star have cones arranged in a chain-like structure where each cone supports or is supported by another, creating an i","So, after considering all these aspects, I think the hidden rule is that the star panels have a pattern where each cone is either supporting or being supported by another, creating a chain-like structure with more interactions, while non-star panels have more isolated, individual cones with fewer interactions.",0.0,0.0
A,set_a,4,23,4023,a pair of stacked cones with different colours,"The hidden rule is that a panel is marked with a yellow star if and only if its cones are arranged in a linked chain where each cone is either supporting the next or the previous one, forming pairs. This means that in starred panels, every cone is part of a pair, creating a continuous chain of support. Non-starred panels either have cones arranged in a single linear chain without such pairs or with some cones isolated. Therefore, the best guess is:

**""A panel is starred if its cones form a linked chain of pairs where each cone supports another, creating a continuous chain; otherwise, it is no","Otherwise, it does not have a star.""",0.0,0.0
A,set_a,4,25,4025,a pair of stacked cones with different colours,"The hidden rule is:

**""Panels marked with a yellow star have their cones arranged in a complex, interconnected manner where each cone interacts with at least one other cone through overlapping, resting, or supporting relationships. Non-starred panels have cones that are either isolated or arranged in a simpler, linear fashion without such interactions.""**<｜end▁of▁sentence｜>","Non-starred panels have cones that are either isolated or arranged in a simpler, linear fashion without such interactions.",0.0,0.0
A,set_a,4,26,4026,a pair of stacked cones with different colours,"The hidden rule that distinguishes the starred panels from the unstarred ones is based on the complexity of the cone arrangements. Starred panels (A, C, F) feature a more intricate, interdependent structure where cones overlap, lean on each other, or form specific shapes, creating a complex three-dimensional effect. In contrast, unstarred panels (B, D, E) have a simpler setup with cones placed more individually, without such complex interactions.

**Answer:** The hidden rule is that a panel has a yellow star if its cones are arranged in a complex, interdependent manner, with multiple cones ove","So the rule could be: ""A panel has a yellow star if its cones are arranged in a complex, interlocking manner, with multiple cones supporting each other in a non-symmetrical way, creating a specific 3D effect.""",0.0,0.0
A,set_a,4,28,4028,a pair of stacked cones with different colours,"The hidden rule is that the starred panels (A, C, F) have a higher degree of interaction between their cones, with more overlapping, leaning, or nested structures, while the non-starred panels (B, D, E) have cones that are either isolated or arranged in a simpler, linear fashion.

**Answer:** The hidden rule is that panels with yellow stars have their cones arranged with greater interaction, such as overlapping, nesting, or leaning, compared to non-starred panels which have more isolated or linear cone arrangements.<｜end▁of▁sentence｜>","So, the hidden rule is that the starred panels have cones that interact more intricately, with overlapping, nesting, or leaning structures, while the non-starred have more isolated or linear arrangements.",0.0,0.0
A,set_a,4,29,4029,a pair of stacked cones with different colours,"The hidden rule that distinguishes the starred panels (A, C, F) from the unstarred ones (B, D, E) is that only the starred panels have **exactly two lying cones**. The non-starred panels have one or fewer lying cones.<｜end▁of▁sentence｜>",So that could be the rule.,0.0,0.0
A,set_a,4,31,4031,a pair of stacked cones with different colours,"The hidden rule that distinguishes the starred panels (A, C, F) from the unstarred ones (B, D, E) is that the starred panels have their cones arranged in a continuous chain where each cone is leaning on the next one, forming a connected structure. The non-starred panels either have cones that are not connected in this way or have a different interaction pattern.

**Answer:** Panels A, C, and F have a continuous chain of cones where each leans on the next, forming a connected structure. The others do not follow this rule.<｜end▁of▁sentence｜>","So the hidden rule is: ""A panel has a yellow star if its cones are arranged in a continuous chain where each cone is leaning on the next one, forming a connected structure.""",0.0,0.0
A,set_a,4,32,4032,a pair of stacked cones with different colours,"The hidden rule is that the panels with yellow stars have at least two cones stacked on top of each other, while the non-star panels have all cones either resting on the floor or only one cone stacked.

**Answer:** The rule is that panels with a yellow star have at least two cones stacked on top of each other, whereas panels without a star have cones that are either resting on the floor or only have one cone stacked.<｜end▁of▁sentence｜>","Alternatively, ""Star panels have at least two stacked cones, non-star have none or only single stacks.",0.0,0.0
A,set_a,4,34,4034,a pair of stacked cones with different colours,"The hidden rule is that the starred panels (A, C, F) have a structure where cones are arranged in a vertical stack, each supporting the next in a continuous tower, forming a vertical cascade. In contrast, the unstarred panels (B, D, E) have a more linear or separate arrangement without such nesting.

**Answer:** The panels with yellow stars have cones arranged in a vertical stack, each supporting the next, forming a continuous tower. The unstarred panels have a more linear or separate arrangement without such nesting.<｜end▁of▁sentence｜>","Therefore, the best guess is that the hidden rule is the arrangement of cones in a vertical stack where each smaller cone rests on top of a larger one, forming a tower, and this structure is present in the starred panels (A, C, F), whereas the unstared (B, D, E) have a different, possibly linear or separate arrangement.",0.0,0.0
A,set_a,4,39,4039,a pair of stacked cones with different colours,"The hidden rule that distinguishes the starred panels (A, C, F) from the non-starred ones (B, D, E) is based on the complexity of the cone interactions. The starred panels feature intricate, interconnected arrangements where cones overlap, rest on each other, and form more dynamic structures. In contrast, the non-starred panels have simpler, more isolated cone groupings without such complex interactions. Therefore, the rule is:

**The yellow-starred panels have cones that are more intricately interconnected, overlapping, or arranged in a complex, dynamic structure, while the non-starred panels","Specifically, the panels with yellow stars have cones that are more interconnected, overlapping, or arranged in a way that creates a more intricate and dynamic structure compared to the non-starred ones which have more straightforward or isolated cone placements.",0.0,0.0
A,set_a,4,40,4040,a pair of stacked cones with different colours,"The hidden rule is that the panel must have exactly three different colors, with two colors appearing three times each and one color appearing two times. This is true for panels A, C, and F, which are the ones with yellow stars.<｜end▁of▁sentence｜>","Therefore, the panels with yellow stars are those where the cone colors satisfy this condition.",0.0,0.0
B,set_b_standard,1,2,1502,at least one red cone,"The hidden rule is that the panel is marked with a yellow star if the cones are arranged in a single continuous linear chain from left to right, each supporting the next one without nesting or lying orientations. Each cone is either on the floor or directly supported by the preceding cone, creating a straight, unbroken sequence.

**Final Answer:**
The panels with yellow stars are those where the cones form a continuous, linear chain from left to right, each supporting the next without nesting or lying orientations. All cones are placed on the floor or in a straight line, creating a single unbr","So, the best guess is that the hidden rule is that the panel is starred if the cones form a continuous linear chain from left to right, each supporting the next, with all on the floor or in a straight line without nesting or lying orientations.",0.0,0.0
B,set_b_standard,1,3,1503,at least one red cone,"The hidden rule is that the starred panels (A, E, F) contain all three colors (Red, Green, Blue), while the unstarred panels (B, C, D) contain only one or two colors.

**Final Answer:**
The hidden rule is that starred panels (A, E, F) contain all three colors (Red, Green, Blue), while unstarred panels (B, C, D) contain only one or two colors.<｜end▁of▁sentence｜>","So the rule is that the star panels are the only ones with all three colors present, while the non-starred have only one or two colors.",0.0,0.0
B,set_b_standard,1,4,1504,at least one red cone,The hidden rule is that a panel is marked with a yellow star if and only if it uses three distinct colors in its cone arrangements.<｜end▁of▁sentence｜>,"So I think the hidden rule is: ""A panel is marked with a yellow star if and only if it uses three distinct colors in its cone arrangements.""",0.0,0.0
B,set_b_standard,1,6,1506,at least one red cone,"The hidden rule that distinguishes the star panels (A, E, F) from the non-star panels (B, C, D) is that the star panels have at least one cone that touches the left or right border of the panel, while the non-star panels do not have any cones touching the borders.

**Final Answer:**
The hidden rule is that the starred panels (A, E, F) have at least one cone touching the left or right edge of the panel, whereas the non-starred panels (B, C, D) do not have any cones touching the panel's borders.<｜end▁of▁sentence｜>",That could be the rule.,0.0,0.0
B,set_b_standard,1,7,1507,at least one red cone,"The hidden rule is that a panel is marked with a yellow star if it has more than three color segments in its cone arrangement. 

**Final Answer:**
The hidden rule is that a panel is marked with a yellow star if the number of color segments in its cone arrangement exceeds three.<｜end▁of▁sentence｜>",So the hidden rule is that a panel is marked with a yellow star if it has more than three color segments in its cone arrangement.,0.0,0.0
B,set_b_standard,1,8,1508,at least one red cone,"The hidden rule is: **A panel is marked with a yellow star if and only if it uses three distinct colors.** The starred panels (A, E, F) each use three different colors, while the unstarred panels (B, C, D) use two or fewer.<｜end▁of▁sentence｜>","So the rule is that the panel is starred if it uses three different colors; otherwise, it's unstarred.",0.0,0.0
B,set_b_standard,1,9,1509,at least one red cone,"The hidden rule is that panels with a yellow star have a specific number of cones arranged in a linear sequence where each cone is either directly on top of another or adjacent, forming a continuous chain or tower. Non-star panels have a different arrangement where the cones are not connected in such a way.

**Final Rule:** Panels with a yellow star have cones arranged in a linear chain or tower where each cone is either on top of another or adjacent, creating a continuous structure. Non-star panels have cones arranged in a different, more varied or disconnected manner.<｜end▁of▁sentence｜>","My best hypothesis is that the hidden rule is that the star panels have a specific number of cones arranged in a way that each is either on top of another or adjacent, forming a continuous structure, while non-star panels have cones arranged differently.",0.0,0.0
B,set_b_standard,1,10,1510,at least one red cone,"The hidden rule is: A panel is marked with a yellow star if and only if it contains at least one cone that touches the left edge of the panel and at least one cone that touches the right edge of the panel. Panels without a star do not have any cone touching both the left and right edges.

**Final Answer:**

The panels with yellow stars have cones that touch both the left and right edges of the panel, while non-star panels have cones that touch only one side (either left or right, but not both).<｜end▁of▁sentence｜>","Panels without a star do not have any cone touching both the left and right edges.""",0.0,0.0
B,set_b_extended,1,11,1511,at least one red cone,"The hidden rule that distinguishes the starred panels (E and F) from the unstarred ones is that the starred panels have a specific number of cones arranged in a way that each supports the next, forming a chain or cycle. Specifically, Panel E forms a cycle where cones support each other in a closed loop, while Panel F forms a linear chain where each cone supports the next in a sequence. The non-starred panels have a more random or disconnected arrangement of cones.

**Final Answer:**

The rule is that the starred panels (E and F) have cones arranged in a chain or cycle, where each cone supports","I'll go with the hypothesis that the star panels have a specific number of cones arranged in a way that each supports the next, forming a chain, while the non-star panels have a more random arrangement.",0.0,0.0
B,set_b_extended,1,12,1512,at least one red cone,"The hidden rule that distinguishes the starred panels from the unstarred ones is based on the complexity of the cone arrangements. Specifically, the starred panels (A, E, F) exhibit a higher degree of interdependency, layered structures, and intricate hierarchical relationships among their cones. In contrast, the non-starred panels (B, C, D) have simpler, linear, or basic arrangements where cones are placed next to each other without the deeper interactions. Thus, the rule is:

**""A panel is marked with a yellow star if its cone arrangement exhibits a complex, layered, and interconnected struc","Therefore, the rule might be: ""Panels with a yellow star have a more complex, layered, and interconnected arrangement of cones compared to those without the star.",0.0,0.0
B,set_b_extended,1,13,1513,at least one red cone,"The hidden rule is that starred panels (A, E, F) have a linear chain of cones connected end-to-end in a specific order, forming a single continuous path, while non-starred panels (B, C, D) have a more complex or nested arrangement where cones are either nested inside each other or arranged in a different pattern that doesn't form a single continuous chain.

**Final Answer:**

The hidden rule is that starred panels (A, E, F) have a linear chain of cones connected end-to-end, forming a single continuous path, while non-starred panels (B, C, D) have a more complex or nested arrangement where cone","So, my best guess is that the hidden rule is that starred panels (A, E, F) have a linear chain of cones connected end-to-end, forming a single continuous path, while non-starred panels (B, C, D) have a more complex or nested arrangement where cones are either nested inside each other or arranged in a different pattern that doesn't form a single continuous chain.",0.0,0.0
B,set_b_extended,1,14,1514,at least one red cone,"The hidden rule that distinguishes the starred panels (A, E, F) from the unstarred ones (B, C, D) is that the starred panels have a significantly more complex and interconnected arrangement of cones. They exhibit a higher degree of interaction between the cones, with intricate positional relationships, nesting, and hierarchical structures. In contrast, the unstarred panels have simpler arrangements with fewer such interactions, often a more linear or straightforward configuration. Therefore, the presence of stars indicates a more elaborate and interconnected cone structure.

**Final Rule:** A ","The number of cones and their positions matter, but the key factor is the level of interaction between them.",0.0,0.0
B,set_b_extended,1,15,1515,at least one red cone,"The hidden rule is that a panel has a yellow star if its first cone is positioned on the left side of the panel and its last cone is positioned on the right side of the panel.

**Final Answer:**

The panels with yellow stars are those where the first cone is on the left and the last cone is on the right.<｜end▁of▁sentence｜>","So, based on that, I think the hidden rule is that the panel has a yellow star if its first cone is on the left side of the panel and its last cone is on the right side of the panel.",0.0,0.0
B,set_b_extended,1,16,1516,at least one red cone,"The hidden rule is that a panel is marked with a yellow star if its cone sequence changes color more than twice. If the color changes two or fewer times, it does not receive a star.

**Final Answer:**

The panels with a yellow star are those where the cone colors change more than twice.<｜end▁of▁sentence｜>","So, I think that's the rule.",0.0,0.0
B,set_b_extended,1,17,1517,at least one red cone,"The hidden rule that distinguishes the starred panels is that they exhibit a structure where each cone either supports or is nested inside another cone, forming a connected hierarchy. The non-starred panels do not follow this hierarchical nesting or support structure.

**Final Rule:** A panel is marked with a yellow star if its cone arrangements form a connected hierarchy where each cone either supports, is nested within, or directly connects to another cone, creating a chain or cluster structure.<｜end▁of▁sentence｜>",,0.0,0.0
B,set_b_extended,1,18,1518,at least one red cone,"The hidden rule that distinguishes the starred panels (A, E, and F) from the unstarred ones (B, C, D) is that the starred panels have a linear arrangement where each cone is connected in a single, unbroken chain. Each cone (except the first and last) touches only one other cone, forming a straight line. In contrast, the unstarred panels have more complex arrangements with multiple connections and overlaps, forming a network of supports rather than a simple linear chain.

**Final Answer:**
The panels with yellow stars (A, E, F) have a linear chain of cones connected in a single, unbroken path, ","So the hidden rule is that starred panels (A and E and F) have a linear chain of cones connected in a single path, each connected to the next, while non-starred (B, C, D) have more complex, interconnected structures with multiple connections.",0.0,0.0
B,set_b_extended,1,19,1519,at least one red cone,"The hidden rule that distinguishes the starred panels (A, E, F) from the unstarred panels (B, C, D) is that the starred panels have a linear chain of cones, each connected to the next, forming a single continuous sequence. The non-starred panels, on the other hand, either have a nested structure or a more complex arrangement without a single linear chain.

**Final Rule:** Starred panels (A, E, F) have a single continuous chain of cones connected in a linear sequence, while unstarred panels (B, C, D) either have nested structures or more complex arrangements without a single continuous chain.<｜",The non-star panels have either nested structures or more complex arrangements without a single linear chain.,0.0,0.0
B,set_b_extended,1,20,1520,at least one red cone,"The hidden rule is that a panel is marked with a yellow star if and only if it contains exactly two cones that are not oriented upright. These two non-Upright cones are either tilted or upside-down.

**Final Answer:**
The hidden rule is that a panel is starred if it contains exactly two cones that are not oriented upright (i.e., they are either tilted or upside-down).<｜end▁of▁sentence｜>",So that's the best guess I can come up with based on the data.,0.0,0.0
B,set_b_extended,1,22,1522,at least one red cone,The hidden rule is that a panel is marked with a yellow star if and only if it contains three distinct colors among its cone arrangements.<｜end▁of▁sentence｜>,So my best guess is that the hidden rule is: A panel is marked with a yellow star if and only if it uses three different colors in its cone arrangements.,0.0,0.0
B,set_b_extended,1,23,1523,at least one red cone,"The hidden rule that distinguishes the starred panels (E and F) from the unstarred panels (A, B, C, D) is that the starred panels exhibit a more intricate and interconnected structure where each cone is either supporting the next one in a chain or forming a cluster. In contrast, the unstarred panels have a more linear or less connected arrangement.

**Final Rule:** Starred panels (E and F) have a structure where each cone is either supporting the next one in a chain or forming a cluster, creating a more intricate and interconnected pattern, while the non-starred panels have a more linear or le","Therefore, the hidden rule is likely that the starred panels (E and F) have a structure where each cone is either supporting the next one in a chain or forming a cluster, creating a more intricate and interconnected pattern, while the non-starred panels have a more linear or less connected arrangement.",0.0,0.0
B,set_b_extended,1,24,1524,at least one red cone,"The hidden rule is that the star panels (E and F) have a continuous chain of connected cones, forming a path across the panel, while the non-star panels do not. This chain consists of each cone being connected to the next, creating a sequential arrangement that spans the panel.

**Final Answer:**
The hidden rule is that the starred panels (E and F) each contain a continuous chain of connected cones, forming a sequential path across the panel, while the non-star panels do not have such a continuous chain.<｜end▁of▁sentence｜>","So my best guess is that the hidden rule is that the star panels have a connected chain of cones where each is connected to the next, forming a path across the panel, while non-star panels do not have such a continuous chain.",0.0,0.0
B,set_b_extended,1,25,1525,at least one red cone,"The hidden rule is that a panel is marked with a yellow star if it contains three or more distinct colors in its cone arrangements. Panels A, E, and F each have three distinct colors, while the others have only two, hence the stars.

**Final Answer:**
The rule is: A panel is starred if it uses three or more distinct colors in its cone arrangements.<｜end▁of▁sentence｜>",So the hidden rule is: Panels with three or more distinct colors are starred; those with two or fewer are not.,0.0,0.0
B,set_b_extended,1,26,1526,at least one red cone,"The hidden rule that distinguishes the starred panels from the unstarred ones is that a panel is marked with a yellow star if and only if it contains at least one cone that is upside-down. This is consistent with the presence of upside-down cones in Panels A, E, and F, which are the starred ones, while the other panels lack such cones.

**Final Answer:**

The panels with a yellow star are those that contain at least one upside-down cone.<｜end▁of▁sentence｜>",So my best guess is that the hidden rule is that a panel is starred if it contains at least one cone that is upside-down.,0.0,0.0
B,set_b_extended,1,27,1527,at least one red cone,"The hidden rule that distinguishes the starred panels from the unstarred ones is that the starred panels (A, E, F) have a more complex arrangement involving both nesting and overlapping of cone structures, creating a more intricate and interconnected design, whereas the unstarred panels (B, C, D) have a linear arrangement with cones either nested in a simple chain or in a straightforward linear order without such complexities.<｜end▁of▁sentence｜>","Therefore, the rule might be that a panel is starred if the arrangement involves both nesting and overlapping of cones, creating a more intricate structure.",0.0,0.0
B,set_b_extended,1,29,1529,at least one red cone,"The hidden rule that distinguishes the starred panels from the unstarred ones is that a panel is marked with a yellow star if and only if it contains at least one cone of the color Red. Therefore, Panels A, E, and F are starred because they include Red cones, while Panels B, C, D lack any Red cones and are unstarred.

**Final Answer:**
The hidden rule is that a panel is marked with a yellow star if it contains at least one Red cone.<｜end▁of▁sentence｜>","Therefore, Panels A, E, F have stars because they contain Red cones, and the others don't because they don't have any Red cones.",1.0,1.0
B,set_b_extended,1,31,1531,at least one red cone,"The hidden rule is: **A panel is starred if it contains at least one upside-down cone.**

**Final Answer:**
The rule is that a panel is starred if it contains at least one upside-down cone.<｜end▁of▁sentence｜>","Because only A, E, and F have upside-down cones, and they are the starred panels.",0.0,0.0
B,set_b_extended,1,32,1532,at least one red cone,"The hidden rule is that a panel is starred if the number of color transitions between its cone colors is even. Specifically, in the given examples, this means panels with two color changes (from red to green to blue, or green to blue to red) are starred, while those with one color transition (green to blue or blue to green) are not.

**Final Answer:**
The panels with a yellow star are those where the number of color transitions between the cone colors is even. Specifically, if a panel's cone colors change from one to another more than once, it is starred.<｜end▁of▁sentence｜>","Therefore, the hidden rule is: A panel is starred if the number of color transitions between its cone colors is even (specifically two in the given examples), and not starred if the number is odd (specifically one in the examples).",1.0,0.0
B,set_b_extended,1,33,1533,at least one red cone,"The hidden rule is that a panel is marked with a yellow star if it contains all three colors: Red, Green, and Blue. This is because each starred panel (A, E, F) includes cones of all three colors, while the non-starred panels (B, C, D) are missing at least one color.

**Final Answer:**
The hidden rule is that a panel is starred if it contains cones of all three colors: Red, Green, and Blue.<｜end▁of▁sentence｜>","Red, Green, and Blue.",0.0,0.0
B,set_b_extended,1,34,1534,at least one red cone,"The hidden rule that distinguishes the starred panels from the unstarred ones is:

**The starred panels (A, E, F) have a more complex, interconnected arrangement of cones where each cone is either supporting or resting on another, with varied orientations, while the unstarred panels (B, C, D) have a simpler arrangement with fewer connections and orientations.**

**Final Answer:**
The panels with yellow stars have a more intricate, interconnected arrangement of cones with varied orientations, while unstarred panels have simpler, less connected arrangements.<｜end▁of▁sentence｜>","So, my hypothesis is that the rule is: Panels with a yellow star have a more complex, interconnected arrangement of cones where each cone is either supporting or resting on another, with varied orientations, while non-starred panels have a simpler arrangement with fewer connections and orientations.",0.0,0.0
B,set_b_extended,1,36,1536,at least one red cone,"The hidden rule that distinguishes the starred panels (A, E, F) from the non-star panels (B, C, D) is that the starred panels exhibit a more varied color sequence with more frequent color changes compared to the non-star panels. Specifically, the star panels have a more dynamic color arrangement, often cycling through different colors, while the non-star panels tend to have a more uniform or less varied color sequence.

**Final Answer:**

The hidden rule is that the starred panels (A, E, F) have a more varied and dynamic color arrangement with more frequent color changes, distinguishing them f","So the hidden rule is that the star panels have more color variety, or the rule is that the star panels have a specific pattern in their color arrangement, such as a cyclical or varied color sequence.",0.0,0.0
B,set_b_extended,1,37,1537,at least one red cone,"The hidden rule that distinguishes the starred panels from the unstarred ones is that the starred panels have at least one cone nested inside another, creating a hierarchical structure, while the unstarred panels have a more linear or flat arrangement without such nesting.

**Final Answer:**
The hidden rule is that the starred panels have at least one cone nested inside another, creating a hierarchical structure, while the unstarred panels have a more linear or flat arrangement without such nesting.<｜end▁of▁sentence｜>",,0.0,0.0
B,set_b_extended,1,38,1538,at least one red cone,"The hidden rule is that panels with a yellow star have their cones arranged in a sequence starting from the far left edge and ending at the far right edge, forming a linear chain. Non-starred panels have their cones arranged more centrally, without a cone on the far left or far right.

**Final Answer:**

The hidden rule is that the panels with a yellow star have their cones arranged in a linear sequence starting from the far left edge and ending at the far right edge, while non-starred panels have their cones more centrally located, not starting or ending on the edges.<｜end▁of▁sentence｜>","Non-starred panels have their cones more centrally located, not starting or ending on the edges.",0.0,0.0
B,set_b_extended,1,39,1539,at least one red cone,"The hidden rule is that a panel is marked with a yellow star if and only if it contains at least three distinct colors of cone-shaped objects. If the panel uses two or fewer colors, it is not starred.

**Final Answer:**

The rule is that a panel is starred if it contains at least three different colors of cones; otherwise, it is not starred.<｜end▁of▁sentence｜>","If it has two or fewer, it's not starred.",0.0,0.0
B,set_b_extended,1,40,1540,at least one red cone,"The hidden rule that distinguishes the starred panels (E and F) from the unstarred ones is that the starred panels have a mutual support cycle where each cone in the cycle supports another, forming a closed loop. In contrast, the non-starred panels have a linear or tree-like structure without such a cycle.

**Final Answer:**
The hidden rule is that the starred panels (E and F) have a mutual support cycle among their cones, forming a closed loop, while the unstarred panels have a linear or tree-like structure without such cycles.<｜end▁of▁sentence｜>","So the rule would be: Star panels have a mutual support cycle where each cone in the cycle supports another, creating a closed loop.",0.0,0.0
B,set_b_standard,2,2,2502,exactly one small blue cone,"The hidden rule is: **A panel is starred if the central cone's color matches the color of at least one of the clusters it connects.**

**Step-by-step explanation:**

1. **Identify Central Cone Color:**
   - For each panel, locate the central cone (the one connecting the left and right clusters).

2. **Check Color Match:**
   - Determine the color of this central cone.
   - Check if this color matches the color of either the left cluster or the right cluster.

3. **Determine Starred Status:**
   - If the central cone's color matches the color of at least one cluster, the panel is starred.
   - ","So, the hidden rule is that a panel is starred if the central cone's color matches the color of at least one of the clusters it's connecting.",0.0,0.0
B,set_b_standard,2,5,2505,exactly one small blue cone,"The hidden rule is that a panel is marked with a yellow star if its cone arrangement forms a connected graph where each cone is connected to at least two others, creating a network. If the cones are arranged in a linear or less interconnected way, the panel is not starred.

**Final Answer:**
A panel is starred if its cone arrangement forms a connected graph where each cone is connected to at least two others, creating a network. If the cones are arranged in a linear or less interconnected way, the panel is not starred.<｜end▁of▁sentence｜>","If the cones are arranged in a linear or less interconnected way, the panel isn't starred.",0.0,0.0
B,set_b_standard,2,6,2506,exactly one small blue cone,"The hidden rule is that a panel is marked with a yellow star if every cone is either resting on the floor or leaning on another cone, forming a connected cluster where each cone is supported. Panels without this arrangement do not have stars.

Final Answer: **""A panel is marked with a yellow star if every cone is either on the floor or resting on another cone, forming a connected cluster. Otherwise, it is not marked with a star.""**<｜end▁of▁sentence｜>",So the hypothesis is: Panels with all cones either on the floor or resting on another cone are starred; others are not.,0.0,0.0
B,set_b_standard,2,9,2509,exactly one small blue cone,"The hidden rule that distinguishes the starred panels (A, B, and E) from the unstarred panels (C, D, and F) is that the starred panels have exactly two cone-shaped objects that touch the edges of the panel, while the unstarred panels have four or more cones touching the edges.

**Final Answer:**

The rule is: A panel is marked with a yellow star if and only if exactly two of its cones touch the left or right edges of the panel.<｜end▁of▁sentence｜>","Therefore, the best guess is that the rule is about the number of cones touching the panel's edges.",0.0,0.0
B,set_b_standard,2,10,2510,exactly one small blue cone,"The hidden rule is: Panels that have exactly three color segments in their cone arrangements are marked with a yellow star. Those with more or fewer segments do not have a star.

**Final Answer:**
The rule is that a panel has a yellow star if its cone colors form exactly three distinct segments.<｜end▁of▁sentence｜>",So I think that's the rule.,0.0,0.0
B,set_b_extended,2,11,2511,exactly one small blue cone,"The hidden rule is that a panel is marked with a yellow star if it contains a cone that is both supported by another cone and supports another cone, forming a bridge in the arrangement. This distinguishes the starred panels (A, B, E) from the non-starred ones (C, D, F).

**Final Answer:**

The panels with yellow stars are those where there is a cone that is both supported by another cone and supports another cone, forming a bridge in the arrangement.<｜end▁of▁sentence｜>","So, I think the rule is that a panel has a yellow star if there's a cone that is both supported by another cone and supports another cone, creating a bridge in the arrangement.",0.0,0.0
B,set_b_extended,2,14,2514,exactly one small blue cone,"The hidden rule that distinguishes the starred panels (A, B, E) from the unstarred ones (C, D, F) is that the starred panels have cone arrangements that form a connected path from the left edge to the right edge of the panel. This can be a linear chain or clusters connected by a central cone, allowing the entire arrangement to span horizontally across the panel.

**Final Answer:**

The hidden rule is that the panels with yellow stars have cone arrangements where there is a connected path from the left edge to the right edge of the panel, forming either a linear chain or clusters connected by a","Therefore, the hidden rule is that the panels with the yellow star have their cone arrangements connected in such a way that there's a path from the left edge to the right edge, forming a connected chain or cluster that spans the panel horizontally.",0.0,0.0
B,set_b_extended,2,17,2517,exactly one small blue cone,"The hidden rule that distinguishes the starred panels is that they form a circular cluster where each cone is connected to the next, creating a continuous chain or a central point. Non-starred panels either have a more linear arrangement or a less connected structure.

**Final Answer:**
The hidden rule is that the panel must have a circular cluster of cones where each cone is connected to the next, forming a continuous chain or a central point.<｜end▁of▁sentence｜>",,0.0,0.0
B,set_b_extended,2,18,2518,exactly one small blue cone,"The hidden rule is: **The panel is starred if the largest cone and the smallest cone are the same color. If they are different, the panel is unstarred.**

**Final Answer:**
The panels are starred if the largest and smallest cones share the same color. Otherwise, they are unstarred.<｜end▁of▁sentence｜>","In C, D, F, they're different, so unstarred.",0.0,0.0
B,set_b_extended,2,19,2519,exactly one small blue cone,"The hidden rule is that the first and last cones in the arrangement must be the same color.

**Final Answer:**

The hidden rule is that the first and last cones in each panel must be of the same color.<｜end▁of▁sentence｜>",So the hidden rule is that the first and last cones in the arrangement must be the same color.,0.0,0.0
B,set_b_extended,2,22,2522,exactly one small blue cone,"The hidden rule is that a panel is marked with a yellow star if at least one of its cone-shaped objects is not resting on the floor. This distinguishes the starred panels (A, B, E) from the unstarred ones (C, D, F), as each starred panel has at least one elevated cone, while all unstarred panels have all cones on the floor.

**Final Answer:**
The panels with yellow stars are those where at least one cone is not resting on the floor.<｜end▁of▁sentence｜>","Therefore, the hidden rule is that a panel is marked with a yellow star if at least one of its cones is not resting on the floor.",0.0,0.0
B,set_b_extended,2,25,2525,exactly one small blue cone,"The hidden rule that distinguishes the starred panels from the unstarred ones is:

**""Panels with a yellow star have their cone structures arranged in a connected, nested, or mutually supporting cluster where each cone rests on or overlaps with others, creating a complex, interconnected network. Panels without the star have cones arranged in a linear or simpler, less interconnected structure.""**

So, the final answer is:

**""Panels with a yellow star have a complex, interconnected cone structure, while those without a star have a more linear or simple arrangement.""**<｜end▁of▁sentence｜>","Panels without the star have cones arranged in a linear or simpler, less interconnected structure.""",0.0,0.0
B,set_b_extended,2,27,2527,exactly one small blue cone,"The hidden rule that distinguishes the starred panels (A, B, and E) from the unstarred ones (C, D, and F) is that the starred panels contain at least one tilted cone. Specifically, in Panels A, B, and E, there is at least one cone that is either lying on its side or tilted, while Panels C, D, and F have all their cones in an upright orientation.

**Final Answer:**
The rule is that any panel with at least one tilted or lying cone is starred.<｜end▁of▁sentence｜>","So the rule is about the presence of any tilted cone, regardless of the number.",0.0,0.0
B,set_b_extended,2,28,2528,exactly one small blue cone,"The hidden rule that distinguishes the starred panels is that each starred panel has a cluster of cones where the smallest cone is positioned at the far left, and the largest cone is either positioned at the far right or in the center. This pattern is consistent across Panels A, B, and E.

**Final Answer:**

The hidden rule is that each starred panel has a cluster where the smallest cone is at the far left, and the largest cone is either at the far right or in the center.<｜end▁of▁sentence｜>","So my best guess is that the hidden rule is: The panel must have a cluster where the smallest cone is at the far left, and the largest cone is either at the far right or in the center.",0.0,0.0
B,set_b_extended,2,29,2529,exactly one small blue cone,"The hidden rule is that panels with a yellow star have two distinct clusters of cones, one on the left and one on the right, while panels without a yellow star have a single cluster, typically on the right.

**Final Answer:**

The panels with yellow stars have two clusters of cones (left and right), whereas the unstarred panels have a single cluster.<｜end▁of▁sentence｜>","So, my best guess is that the rule is: ""Panels with a yellow star have two clusters of cones (left and right), while those without have a single cluster.""",0.0,0.0
B,set_b_extended,2,32,2532,exactly one small blue cone,"The hidden rule that distinguishes the starred panels from the unstarred ones is that a panel is starred if and only if its first and last cones are of the same color.

**Final Answer:**
The hidden rule is that a panel is marked with a yellow star if its first and last cones are of the same color.<｜end▁of▁sentence｜>","Otherwise, it's not.",0.0,0.0
B,set_b_extended,2,34,2534,exactly one small blue cone,"The hidden rule is: **A panel has a yellow star if its first and last cones are the same color. Otherwise, it does not.**

**Step-by-Step Explanation:**

1. **Identify the First and Last Cones' Colors:**
   - For each panel, note the color of the first (leftmost) and last (rightmost) cones.

2. **Compare the Colors:**
   - If both the first and last cones share the same color, the panel has a yellow star.
   - If they are different, the panel does not have a star.

3. **Apply to Each Panel:**
   - **Panel A:** First is Green, last is Green → Star.
   - **Panel B:** First is Red, last is Green ","So the rule is: If the first and last cones are the same color, the panel has a yellow star; otherwise, it doesn't.",0.0,0.0
B,set_b_extended,2,35,2535,exactly one small blue cone,"The hidden rule that distinguishes the starred panels (A, B, E) from the unstarred panels (C, D, F) is that the starred panels have their cones arranged in clusters where each cone is positioned to rest on the previous one, forming a sequential support system or a chain-like structure. This creates a specific visual pattern that is not present in the non-starred panels.

**Final Answer:**

The rule is that panels with a yellow star have their cones arranged in a specific connected sequence where each cone rests on the previous","Alternatively, ""Panels with a yellow star have their cones arranged in a specific connected sequence where each cone is supported by the one before it, creating a chain-like structure.""",0.0,0.0
B,set_b_extended,2,36,2536,exactly one small blue cone,"The hidden rule is: **""Panels with yellow stars have a continuous chain of cones from the leftmost to the rightmost, each either resting on the floor or the base of the next cone, forming a connected sequence. Non-star panels do not have such a continuous chain.""**<｜end▁of▁sentence｜>","""

Alternatively, the hidden rule could be that in star panels, the arrangement forms a connected chain from the leftmost to the rightmost cone, with each cone resting on the previous one or the floor, whereas in non-star panels, there's a break in this chain.",0.0,0.0
B,set_b_extended,3,14,3514,at least two tilted blue cones,"The hidden rule is that a panel is marked with a yellow star if every adjacent pair of cones has different colors. If any two adjacent cones share the same color, the panel is not marked with a star.

**Final Answer:**

A panel is marked with a yellow star if each adjacent pair of cones has a different color. If any two adjacent cones share the same color, the panel is not marked with a star.<｜end▁of▁sentence｜>","So, the rule is: A panel is starred if every adjacent pair of cones has different colors; otherwise, it is not.",0.0,0.0
B,set_b_extended,3,16,3516,at least two tilted blue cones,"The hidden rule is that a panel is starred if its index is 1, 3, or 6.

**Final Answer:**
The panels with indices 1, 3, and 6 are starred.<｜end▁of▁sentence｜>","So the rule is: The panel is starred if its index is 1, 3, or 6.",0.0,0.0
B,set_b_extended,3,18,3518,at least two tilted blue cones,"The hidden rule that distinguishes the starred panels (A, C, F) from the unstarred panels (B, D, E) is that the starred panels have a single base cone which supports one or more other cones on top, forming a vertical stack. In contrast, the unstarred panels have multiple cones arranged in clusters where each cone supports one or more others in a more interconnected, horizontal fashion. Thus, the key differentiator is the presence of a single base cone with stacked elements versus a network of supporting cones. 

**Final Answer:**
The panels with yellow stars are those that have a single base c",Others are not.,0.0,0.0
B,set_b_extended,3,19,3519,at least two tilted blue cones,"The hidden rule is that panels with yellow stars have an odd number of cones resting on the floor, while non-star panels have an even number of cones on the floor.

**Final Answer:**
The hidden rule is that panels with yellow stars have an odd number of cones on the floor, while those without stars have an even number of cones on the floor.<｜end▁of▁sentence｜>","So, the hidden rule is that the star panels have an odd number of cones on the floor, while the non-star panels have an even number.",0.0,0.0
B,set_b_extended,3,20,3520,at least two tilted blue cones,"The hidden rule is: A panel is marked with a yellow star if the first cone is located on the right side of the panel or on the floor. If the first cone is on the left side, the panel is not marked with a star.

**Final Answer:**

The rule is: A panel has a yellow star if its first cone is on the right side or on the floor.<｜end▁of▁sentence｜>","Otherwise, it's not marked with a star.",0.0,0.0
B,set_b_extended,3,23,3523,at least two tilted blue cones,"The hidden rule that distinguishes the starred panels is that each starred panel has a symmetrical arrangement of cones, with each cone having a corresponding mirror image on the opposite side, creating perfect symmetry across the central axis of the panel.<｜end▁of▁sentence｜>","Therefore, the hidden rule is likely that a panel is starred if the cones are arranged in perfect mirror pairs, creating symmetry across the panel's central axis.",0.0,0.0
B,set_b_extended,3,24,3524,at least two tilted blue cones,The hidden rule is: A panel is marked with a yellow star if it contains at least one cone that is both on the base and supporting another cone above it.<｜end▁of▁sentence｜>,"Therefore, the best guess is that the rule is: a panel is marked with a yellow star if it contains a cone that is both on the base and supporting another cone above it.",0.0,0.0
B,set_b_extended,3,27,3527,at least two tilted blue cones,"The hidden rule is that a panel is marked with a yellow star if it contains at least one cone that is both supporting and being supported by another cone within the same panel. This creates a mutual or nested support structure, distinguishing them from non-starred panels which have more linear or single-directional supports.

**Final Answer:**
The panels with yellow stars are those where at least one cone is both supporting and being supported by another cone within the same panel, creating a mutual or nested support structure.<｜end▁of▁sentence｜>","This creates a mutual or nested support structure, unlike non-starred panels which have more linear or single-directional supports.",0.0,0.0
B,set_b_extended,3,28,3528,at least two tilted blue cones,"The hidden rule that distinguishes the starred panels from the unstarred panels is based on the spatial arrangement of the cones. Specifically, a panel is marked with a yellow star if the cones on the floor form a single continuous chain where each cone is supported by the one before it, creating a linear progression. If the cones on the floor have multiple supports or form branches, the panel does not have a star.

**Final Answer:**

The hidden rule is that a panel has a yellow star if the cones on the floor form a single continuous chain where each cone rests on the previous one, creating a ",Those with multiple supports or branches are non-star.,0.0,0.0
B,set_b_extended,3,30,3530,at least two tilted blue cones,"The hidden rule that distinguishes the starred panels from the unstarred ones is that the starred panels have their cone arrangements in a connected chain, where each cone supports or is supported by another, forming either a linear sequence or a vertical stack. This creates a continuous chain of interactions among the cones, which is not the case for unstarred panels. 

**Final Answer:** The panels with yellow stars are those where the cone arrangements form a connected chain, either linearly supporting each other or stacked vertically.<｜end▁of▁sentence｜>","So, the hidden rule could be: ""A panel is starred if its cones are arranged in a connected chain, either linearly supporting each other or stacked vertically.""",0.0,0.0
B,set_b_extended,3,37,3537,at least two tilted blue cones,"The hidden rule is that a panel is marked with a yellow star if the number of color transitions in its cone arrangement is four. This is because the star panels (A, C, F) each have four color transitions, while the non-star panels (B, D, E) have three or fewer.

**Final Answer:**
A panel is marked with a yellow star if the number of color transitions in its cone arrangement is four.<｜end▁of▁sentence｜>","Otherwise, it is not.",0.0,0.0
B,set_b_standard,4,2,4502,a pair of stacked cones with different colours,"The hidden rule that distinguishes the starred panels (A, C, and F) from the unstarred ones is that each starred panel contains two cone-shaped objects positioned in opposite corners of the panel, overlapping each other. These two cones are often of the same color and orientation, such as both being tilted or lying, and they form a symmetrical structure within the panel.<｜end▁of▁sentence｜>","So, putting it all together, I think the hidden rule is that the starred panels (A, C, F) have two cones that are placed in opposite corners of the panel, overlapping each other.",0.0,0.0
B,set_b_standard,4,3,4503,a pair of stacked cones with different colours,"The hidden rule that distinguishes the star panels from the non-star panels is that the star panels have at least one cone that is both supporting and being supported by another cone, forming a mutual resting structure. This creates a kind of interdependency where each cone rests on another, and that other cone is also resting on a third, creating a cycle. In contrast, the non-star panels have cones that either only support or are supported, without this mutual relationship.

**Final Answer:**
The panels with yellow stars have at least one cone that is both supporting and being supported by an","Therefore, I think the hidden rule is that the panel has a cone that is both supporting and being supported by another cone, creating a mutual resting structure.",0.0,0.0
B,set_b_standard,4,5,4505,a pair of stacked cones with different colours,"The hidden rule that distinguishes the starred panels (A, C, F) from the unstarred ones (B, D, E) is that the starred panels exhibit a linear chain of cones where each cone rests on the next, forming a continuous sequence. In contrast, the unstarred panels have a different arrangement, often with clusters or isolated structures.

**Final Answer:**

The panels with yellow stars (A, C, F) have a linear chain where each cone rests on the next, forming a continuous sequence. The non-starred panels (B, D, E) do not follow this pattern, instead having clusters or different structures.<｜end▁of▁senten","Therefore, the rule is: ""Panels with a yellow star have a linear chain of cones where each cone rests on the next, forming a continuous sequence.""",0.0,0.0
B,set_b_standard,4,9,4509,a pair of stacked cones with different colours,"The hidden rule is that a panel is marked with a yellow star if every cone within it is either supporting another cone or is itself supported by another cone, creating a mutual or interconnected structure. If any cone is standalone without supporting or being supported, the panel is not marked with a star.

Final Answer:
**Rule:** A panel is marked with a yellow star if every cone is part of a mutual supporting structure, where each cone either supports another or is supported by another. If any cone is standalone, the panel is not starred.<｜end▁of▁sentence｜>","If any cone stands alone without supporting or being supported by another, it is not starred.",0.0,0.0
B,set_b_standard,4,10,4510,a pair of stacked cones with different colours,"The hidden rule that distinguishes the starred panels (A, C, F) from the unstarred ones (B, D, E) is that a panel is starred if all its cones form a single connected structure where each cone supports or is supported by another, creating a unified chain or cluster. In contrast, unstarred panels have multiple disconnected structures or standalone cones.

**Final Answer:**
The panels with yellow stars are those where all the cone structures form a single connected chain or cluster, with each cone supporting or being supported by another, creating a unified structure. Unstarred panels have multip","So the rule is that the panel is starred if and only if all the cones are part of a single connected structure where each cone supports or is supported by another, forming a single connected chain or cluster.",0.0,0.0
B,set_b_extended,4,11,4511,a pair of stacked cones with different colours,"The hidden rule is that panels with a yellow star have exactly two tilted cones, whereas panels without a yellow star have only one tilted cone.

**Final Answer:**

The hidden rule is that the panels with a yellow star have exactly two tilted cones, while those without a yellow star have only one tilted cone.<｜end▁of▁sentence｜>","So the rule is: Panels with a yellow star have two tilted cones, while those without have one.",0.0,0.0
B,set_b_extended,4,12,4512,a pair of stacked cones with different colours,"The hidden rule is that a panel has a yellow star if it contains a pair or cluster of cones where one cone rests on another in a way that creates a connected, interconnected structure, resulting in a more complex and dynamic arrangement compared to non-starred panels.<｜end▁of▁sentence｜>","Therefore, the hidden rule is likely that a panel has a yellow star if it contains a pair or cluster of cones where one cone rests on another in a way that creates a connected structure, leading to a more complex and interactive arrangement.",0.0,0.0
B,set_b_extended,4,13,4513,a pair of stacked cones with different colours,"The hidden rule is that the starred panels (A, C, F) each have exactly two cones that are tilted, while the unstarred panels (B, D, E) have only one tilted cone.

**Final Answer:**
The hidden rule is that the panels with yellow stars (A, C, F) each have exactly two tilted cones, while the unstarred panels (B, D, E) have only one tilted cone.<｜end▁of▁sentence｜>","So my best hypothesis is that the hidden rule is that the starred panels (A, C, F) each have exactly two cones that are tilted, while the non-starred (B, D, E) have only one.",0.0,0.0
B,set_b_extended,4,15,4515,a pair of stacked cones with different colours,"The hidden rule that distinguishes the starred panels (A, C, and F) from the unstarred ones (B, D, and E) is that the starred panels exhibit a longer chain of mutual support where each cone in","Therefore, the hidden rule is that the starred panels have a longer chain of mutual support where each cone is both supporting and supported by another cone, forming a more interconnected structure.",0.0,0.0
B,set_b_extended,4,16,4516,a pair of stacked cones with different colours,"The hidden rule that distinguishes the starred panels (A, C, F) from the unstarred panels (B, D, E) is that the starred panels have five distinct color blocks in their cone arrangements, whereas the unstarred panels have four. This is the best hypothesis based on the analysis.

**Final Answer:**
The hidden rule is that a panel is marked with a yellow star if and only if it contains exactly five distinct color blocks in its cone arrangement.<｜end▁of▁sentence｜>","Therefore, the hidden rule could be that if a panel has five color blocks, it's a star; otherwise, it's not.",0.0,0.0
B,set_b_extended,4,17,4517,a pair of stacked cones with different colours,"The hidden rule that distinguishes the starred panels (A, C, F) from the unstarred ones (B, D, E) is based on the complexity of the cone interaction networks. Starred panels have a highly interconnected structure where each cone forms mutual dependencies with others, creating a complex and dense network. In contrast, unstarred panels have a more linear or simpler interaction where cones are arranged in a chain or less interconnected manner. Therefore, the rule is:

**""Starred panels (A, C, F) have a more interconnected, complex network of cone interactions, where each cone both supports and is",Unstarred panels have a more linear or simpler interaction where each cone supports only the next one in a chain.,0.0,0.0
B,set_b_extended,4,18,4518,a pair of stacked cones with different colours,"The hidden rule that distinguishes the starred panels is that they exhibit a mutual support relationship between at least two pairs of cones, where each cone in the pair supports the other, forming a cycle. Non-star panels lack such mutual support cycles, instead having a more linear or hierarchical structure.<｜end▁of▁sentence｜>","So the rule might be: ""A panel is a star if and only if it has at least one pair of cones where each supports the other, creating a mutual supporting relationship.""",0.0,0.0
B,set_b_extended,4,19,4519,a pair of stacked cones with different colours,The hidden rule is: **A panel is marked with a yellow star if it contains at least one cone that is resting on top of another cone.**<｜end▁of▁sentence｜>,"So, the hidden rule is: ""A panel is marked with a yellow star if it contains at least one cone that is resting on top of another cone.""",0.0,0.0
B,set_b_extended,4,20,4520,a pair of stacked cones with different colours,"The hidden rule that distinguishes the starred panels (A, C, and F) from the unstarred ones (B, D, E) is that in the starred panels, the cones form a continuous chain where each cone (except the first and last) is both resting on and being supported by another cone, creating a closed loop. In contrast, the unstarred panels do not have this cyclic interaction pattern.

**Final Answer:**

The hidden rule is that the starred panels (A, C, and F) have a chain of cones where each cone (except the first and last) is both resting on and supporting another cone, forming a closed loop. Unstarred panels","Therefore, the starred panels (A, C, F) follow this rule, while the others do not.",0.0,0.0
B,set_b_extended,4,22,4522,a pair of stacked cones with different colours,"The hidden rule that distinguishes the starred panels (A, C, F) from the unstarred ones (B, D, E) is that the starred panels form a linear chain where each cone is supported by the one before it, creating a continuous, unbroken structure. The non-starred panels have a different arrangement, often with more nested or branched structures where the support isn't in a single, linear sequence.

**Final Rule:**
Panels with yellow stars (A, C, F) have a linear chain of cones, each supporting the next in a continuous, unbroken structure. The other panels (B, D, E) do not follow this rule, with differe",The others do not follow this rule.,0.0,0.0
B,set_b_extended,4,23,4523,a pair of stacked cones with different colours,"The hidden rule is that a panel is marked with a yellow star if the arrangement of cones within it is highly complex, with each cone interacting with others in an intricate, interconnected manner, creating a more detailed and visually dynamic structure. The star panels have a more elaborate and interconnected arrangement of cones, while the non-starred ones have simpler, more linear or isolated structures.<｜end▁of▁sentence｜>","In other words, the star panels have a more elaborate and interconnected arrangement of cones, while the non-starred ones have simpler, more linear or isolated structures.",0.0,0.0
B,set_b_extended,4,24,4524,a pair of stacked cones with different colours,"The hidden rule is that a panel is marked with a yellow star if it contains at least two cones that are mutually supporting each other in a complex nested or overlapping arrangement, forming a loop or chain. This intricate interaction between cones is the distinguishing feature of starred panels.<｜end▁of▁sentence｜>",This mutual support seems to be the key feature of the starred panels.,0.0,0.0
B,set_b_extended,4,26,4526,a pair of stacked cones with different colours,"The hidden rule is that a panel earns a yellow star if and only if every distinct color used in the arrangement appears the same number of times. This means that all color counts are equal, ensuring a balanced distribution across the panel's cone colors.

**Final Answer:**

The hidden rule is that a panel is marked with a yellow star if and only if every distinct color used appears the same number of times.<｜end▁of▁sentence｜>",,0.0,0.0
B,set_b_extended,4,27,4527,a pair of stacked cones with different colours,"The hidden rule that distinguishes the starred panels from the unstarred ones is that a panel is starred if and only if it contains at least one pair of cones where each cone is supporting the other, creating a mutual support structure.

**Final Answer:**

The hidden rule is that a panel is marked with a yellow star if and only if it contains at least one pair of cones where each cone is supporting the other, creating a mutual supporting structure. This mutual support is the distinguishing feature of the starred panels.<｜end▁of▁sentence｜>","So, based on this, I think that's the rule.",0.0,0.0
B,set_b_extended,4,29,4529,a pair of stacked cones with different colours,"The hidden rule that distinguishes the starred panels (A, C, F) from the unstarred ones (B, D, E) is that the starred panels have a nested, chain-like structure where each cone is either on the floor or stacked on top of another cone, creating a continuous sequence. The unstarred panels have a more linear or less interconnected arrangement.<｜end▁of▁sentence｜>","Therefore, the hidden rule is likely that the starred panels have a nested structure where each subsequent cone is either on the floor or stacked on top of another, creating a chain-like formation.",0.0,0.0
B,set_b_extended,4,30,4530,a pair of stacked cones with different colours,"The hidden rule is that a panel is marked with a yellow star if it has exactly two lying cones. This is because among the six panels, only those with two lying cones (A, C, and F) are starred, while the others have either one or none, which are not starred.

**Answer:** The hidden rule is that a panel is marked with a yellow star if and only if it contains exactly two lying cones.<｜end▁of▁sentence｜>","Therefore, the hidden rule is that a panel is marked with a yellow star if and only if it has exactly two lying cones.",0.0,0.0
B,set_b_extended,4,31,4531,a pair of stacked cones with different colours,"The hidden rule is that a panel is marked with a yellow star if it contains at least one cone that is lying on its side, creating an intricate interlocking structure with other cones.<｜end▁of▁sentence｜>","Therefore, the hidden rule might be that a panel has a yellow star if it contains at least one cone that is lying on its side, creating an interlocking arrangement with other cones.",0.0,0.0
B,set_b_extended,4,32,4532,a pair of stacked cones with different colours,"The hidden rule that distinguishes the starred panels (A, C, F) from the unstarred ones (B, D, E) is that the starred panels exhibit a cycle or mutual support structure among their cones, where each cone supports another, creating a closed loop. In contrast, the unstarred panels have a more linear or less complex arrangement without such cycles.

**Final Answer:**

The hidden rule is that the starred panels (A, C, F) have cones arranged in a mutual support cycle, where each cone supports another, forming a closed loop. The unstarred panels (B, D, E) do not have such cycles, having a more linea","So, my best guess is that the hidden rule is that the starred panels have a cycle of cones mutually supporting each other, forming a closed loop, while non-star panels do not.",0.0,0.0
B,set_b_extended,4,33,4533,a pair of stacked cones with different colours,The hidden rule is that the panels with yellow stars have both a vertical stack of three or more cones and a horizontal overlapping pair of two cones.<｜end▁of▁sentence｜>,"Therefore, the hidden rule is: Panels with both a vertical stack of three or more cones and a horizontal overlapping pair of two cones are the ones with the yellow star.",0.0,0.0
B,set_b_extended,4,34,4534,a pair of stacked cones with different colours,The hidden rule is that a panel is marked with a yellow star if the number of color changes between consecutive cones is odd.<｜end▁of▁sentence｜>,So that's a possible rule.,0.0,0.0
B,set_b_extended,4,35,4535,a pair of stacked cones with different colours,"The hidden rule that distinguishes the starred panels is that they have a chain-like structure where each cone is either supporting or being supported by another, creating a connected sequence. This pattern is present in panels A, C, and F, which are marked with yellow stars. The other panels (B, D, E) do not exhibit this connected chain structure, thus they are not starred.

**Final Answer:**
The hidden rule is that a panel is marked with a yellow star if its cone arrangements form a chain where each cone is connected by supporting or being supported by another, creating a continuous sequence","Therefore, the rule is: ""A panel is marked with a yellow star if its cones are arranged in a chain where each cone either supports or is supported by another, creating a connected sequence.""",0.0,0.0
B,set_b_extended,4,36,4536,a pair of stacked cones with different colours,"The hidden rule is that the panels with yellow stars have a triangle-like arrangement of three or more cones, each supporting the next, forming a triangular or looped structure. This is observed in Panels A, C, D, and F, which all have such configurations, whereas Panels B and E do not, hence they lack the stars.

**Final Answer:**

The hidden rule is that a panel has a yellow star if it contains a triangular arrangement of cones, where each cone rests on the next, forming a triangle or similar structure.<｜end▁of▁sentence｜>","So, the hidden rule might be: ""Panels with a triangle-like arrangement of three or more cones, each supporting the next, have a yellow star.""",0.0,0.0
B,set_b_extended,4,38,4538,a pair of stacked cones with different colours,"The hidden rule that distinguishes the starred panels (A, C, F) from the unstarred ones (B, D, E) is that the starred panels have at least two cones that are either lying or tilted, which support each other to form a mutual base. In contrast, the unstarred panels lack such a mutual support structure between two cones; instead, one cone is typically upright, supporting another. Therefore, the presence of a pair of non-upright cones mutually supporting each other identifies a starred panel.

**Final Answer:**
The panels with a yellow star are those where at least two cones are either lying or ti","Thus, the hidden rule is that the starred panels have at least two cones that are lying or tilted, supporting each other, forming a mutual base, while the unstarred do not.",0.0,0.0
B,set_b_extended,4,39,4539,a pair of stacked cones with different colours,"The hidden rule that distinguishes the starred panels from the unstarred ones is that a panel has a yellow star if and only if it has at least one cone that is stacked on top of another cone. The starred panels (A, C, and F) all have instances where one cone rests directly on top of another, while the unstarred panels (B, D, and E) have all cones resting on the floor without any stacking.

**Final Answer:**

The panels with a yellow star are those where at least one cone is stacked on top of another. The rule is: **A panel is marked with a yellow star if and only if it contains at least one co","So, the rule is: A panel has a yellow star if and only if it has at least one cone that is stacked on top of another.",0.0,0.0
B,set_b_extended,4,40,4540,a pair of stacked cones with different colours,"The hidden rule that distinguishes the starred panels (A, C, F) from the unstarred (B, D, E) is that the starred panels contain at least one ""stacked"" cone that is ""resting on the floor,"" forming a chain or cluster that starts on the floor, while the unstarred panels do not have such a structure.

**Final Answer:**

The hidden rule is that the starred panels (A, C, F) each contain at least one ""stacked"" cone that is resting on the floor, forming a continuous chain or cluster starting from the floor. The unstarred panels (B, D, E) do not have such a structure.<｜end▁of▁sentence｜>","So, after all this, I think the hidden rule is that the starred panels (A, C, F) have at least one ""stacked"" cone that is ""resting on the floor,"" forming a chain or cluster that starts on the floor.",0.0,0.0
