,ORIENT,DESCRIBE,SYNTHESIZE,HYPO,TEST,JUDGE,PLAN,MONITOR,RULE
ORIENT,1.0,-0.10663774633857971,-0.018048171535205406,-0.056703508456180975,-0.04693006611439371,-0.061176247049766416,-0.10951061936725978,-0.04603903262176859,0.007768925721839005
DESCRIBE,-0.10663774633857971,0.9999999999999999,-0.14853918980583283,-0.1232984446252033,-0.12258958102362434,-0.12250848164177217,-0.16865173522154442,-0.11736624538377462,-0.06550751238386332
SYNTHESIZE,-0.018048171535205406,-0.14853918980583283,0.9999999999999998,-0.16735189124723937,-0.2490081394528193,-0.20018545818046482,-0.16444723081374718,-0.14992403894496442,-0.07966302120277306
HYPO,-0.056703508456180975,-0.1232984446252033,-0.16735189124723937,1.0000000000000004,-0.04576418144697819,-0.1079181741263258,-0.14028073631911267,-0.20586121906478658,-0.11591321278759552
TEST,-0.04693006611439371,-0.12258958102362434,-0.2490081394528193,-0.04576418144697819,1.0000000000000007,-0.013986571563039661,-0.17494955477839602,-0.20805738509855248,-0.0499799210421121
JUDGE,-0.061176247049766416,-0.12250848164177217,-0.20018545818046482,-0.1079181741263258,-0.013986571563039661,1.000000000000001,-0.14932463595664114,-0.26272918783753246,-0.09269761541662623
PLAN,-0.10951061936725978,-0.16865173522154442,-0.16444723081374718,-0.14028073631911267,-0.17494955477839602,-0.14932463595664114,0.9999999999999999,-0.17812728729882168,-0.04004693860117536
MONITOR,-0.04603903262176859,-0.11736624538377462,-0.14992403894496442,-0.20586121906478658,-0.20805738509855248,-0.26272918783753246,-0.17812728729882168,1.0000000000000016,-0.08788226332364535
RULE,0.007768925721839005,-0.06550751238386332,-0.07966302120277306,-0.11591321278759552,-0.0499799210421121,-0.09269761541662623,-0.04004693860117536,-0.08788226332364535,0.9999999999999998
