,ORIENT,DESCRIBE,SYNTHESIZE,HYPO,TEST,JUDGE,PLAN,MONITOR,RULE
ORIENT,0.9999999999999998,-0.1074848767900767,-0.00907135293042383,-0.02893073797305132,-0.08212282625800232,-0.06410026166038826,-0.09862800907484104,-0.06759379333958167,0.00887018072129884
DESCRIBE,-0.1074848767900767,0.9999999999999996,-0.13114915378564107,-0.11661437403030314,-0.10414329417042548,-0.14499126633612497,-0.18777662753834748,-0.10596135778319318,-0.04666227517559791
SYNTHESIZE,-0.00907135293042383,-0.13114915378564107,1.0000000000000004,-0.16769158398689946,-0.23142628548983493,-0.19574382402837967,-0.1787652003251779,-0.1579844663382538,-0.10355149214514693
HYPO,-0.02893073797305132,-0.11661437403030314,-0.16769158398689946,1.0000000000000004,-0.04579390571735274,-0.1294774582748664,-0.16901226088639243,-0.19085115248963613,-0.1272388392877326
TEST,-0.08212282625800232,-0.10414329417042548,-0.23142628548983493,-0.04579390571735274,1.0000000000000016,-0.016656084150226777,-0.16627447275404775,-0.20656175465285592,-0.07286438403654683
JUDGE,-0.06410026166038826,-0.14499126633612497,-0.19574382402837967,-0.1294774582748664,-0.016656084150226777,0.9999999999999991,-0.11361061886571713,-0.26655584834470736,-0.07612777289777402
PLAN,-0.09862800907484104,-0.18777662753834748,-0.1787652003251779,-0.16901226088639243,-0.16627447275404775,-0.11361061886571713,0.9999999999999986,-0.18231632042055002,-0.04421197160137581
MONITOR,-0.06759379333958167,-0.10596135778319318,-0.1579844663382538,-0.19085115248963613,-0.20656175465285592,-0.26655584834470736,-0.18231632042055002,0.9999999999999996,-0.0702698823378773
RULE,0.00887018072129884,-0.04666227517559791,-0.10355149214514693,-0.1272388392877326,-0.07286438403654683,-0.07612777289777402,-0.04421197160137581,-0.0702698823378773,1.0000000000000002
