,ORIENT,DESCRIBE,SYNTHESIZE,HYPO,TEST,JUDGE,PLAN,MONITOR,RULE
ORIENT,1.0000000000000002,-0.10554700057007681,-0.07836219793061676,-0.01324356761935334,-0.023874336119836612,-0.03133130995465807,-0.11973264468186001,-0.0639868026283981,-0.00559534495580552
DESCRIBE,-0.10554700057007681,1.0000000000000007,-0.14157954842217305,-0.13506813894070446,-0.11736080526213823,-0.12739853246409324,-0.17035586428005303,-0.11221539546722857,-0.060225058338805454
SYNTHESIZE,-0.07836219793061676,-0.14157954842217305,0.999999999999999,-0.16072789629983367,-0.2102010007754619,-0.19292481334904685,-0.17710289843286653,-0.17795731467999498,-0.0723172751009414
HYPO,-0.01324356761935334,-0.13506813894070446,-0.16072789629983367,1.0000000000000013,-0.04944099394051476,-0.09211800841721075,-0.15041145930820762,-0.2033378950004911,-0.1300567484888827
TEST,-0.023874336119836612,-0.11736080526213823,-0.2102010007754619,-0.04944099394051476,0.9999999999999986,-0.04158769415306167,-0.17415280874667072,-0.20558425798691826,-0.060794024575567575
JUDGE,-0.03133130995465807,-0.12739853246409324,-0.19292481334904685,-0.09211800841721075,-0.04158769415306167,1.0000000000000009,-0.14693861873475114,-0.268816465604293,-0.07929974124850465
PLAN,-0.11973264468186001,-0.17035586428005303,-0.17710289843286653,-0.15041145930820762,-0.17415280874667072,-0.14693861873475114,0.9999999999999993,-0.16355590766572897,-0.038991486529684996
MONITOR,-0.0639868026283981,-0.11221539546722857,-0.17795731467999498,-0.2033378950004911,-0.20558425798691826,-0.268816465604293,-0.16355590766572897,1.0000000000000016,-0.08060981852580766
RULE,-0.00559534495580552,-0.060225058338805454,-0.0723172751009414,-0.1300567484888827,-0.060794024575567575,-0.07929974124850465,-0.038991486529684996,-0.08060981852580766,1.0000000000000013
