,ORIENT,DESCRIBE,SYNTHESIZE,HYPO,TEST,JUDGE,PLAN,MONITOR,RULE
ORIENT,0.9999999999999994,-0.07283589843637424,-0.06809415542594104,-0.05152762870614977,-0.0709206052082207,-0.07569881407958189,-0.08867027149090907,-0.036134948394645795,-0.031577858604355906
DESCRIBE,-0.07283589843637424,0.9999999999999998,-0.11846389661444373,-0.1590564789446282,-0.15500852143048102,-0.1360720032022351,-0.1324285102935383,-0.1434579476044382,-0.05359630101148737
SYNTHESIZE,-0.06809415542594104,-0.11846389661444373,0.9999999999999986,-0.15060359547847962,-0.23608012459794173,-0.18896651192981745,-0.19059260536185593,-0.2060728009339297,-0.09981424363320718
HYPO,-0.05152762870614977,-0.1590564789446282,-0.15060359547847962,1.0000000000000004,0.005913202114961609,-0.05067219003426372,-0.15435942247854698,-0.16429940527580106,-0.1790620331492343
TEST,-0.0709206052082207,-0.15500852143048102,-0.23608012459794173,0.005913202114961609,1.000000000000001,0.02183995512815365,-0.1672240269171023,-0.17916887258071798,-0.10595220381325332
JUDGE,-0.07569881407958189,-0.1360720032022351,-0.18896651192981745,-0.05067219003426372,0.02183995512815365,1.0000000000000004,-0.12412233460550703,-0.2852227193665147,-0.11131022924959867
PLAN,-0.08867027149090907,-0.1324285102935383,-0.19059260536185593,-0.15435942247854698,-0.1672240269171023,-0.12412233460550703,0.9999999999999998,-0.14697312056638637,-0.06920350213003151
MONITOR,-0.036134948394645795,-0.1434579476044382,-0.2060728009339297,-0.16429940527580106,-0.17916887258071798,-0.2852227193665147,-0.14697312056638637,0.9999999999999996,-0.09750781987313946
RULE,-0.031577858604355906,-0.05359630101148737,-0.09981424363320718,-0.1790620331492343,-0.10595220381325332,-0.11131022924959867,-0.06920350213003151,-0.09750781987313946,1.0000000000000007
