,ORIENT,DESCRIBE,SYNTHESIZE,HYPO,TEST,JUDGE,PLAN,MONITOR,RULE
ORIENT,0.9182389937106918,0.0440251572327044,0.0,0.0,0.0,0.0,0.03773584905660377,0.0,0.0
DESCRIBE,0.017933390264730998,0.8830059777967549,0.02049530315969257,0.0008539709649871904,0.035866780529461996,0.0,0.037574722459436376,0.004269854824935952,0.0
SYNTHESIZE,0.0,0.07061068702290077,0.5954198473282443,0.04580152671755725,0.16984732824427481,0.04580152671755725,0.019083969465648856,0.03435114503816794,0.019083969465648856
HYPO,0.0,0.001511144692104269,0.02040045334340763,0.837174159425765,0.06951265583679637,0.029467321496033247,0.024178315073668303,0.010578012844729883,0.007177937287495277
TEST,0.0,0.01401440733464309,0.06967910936476752,0.025147347740667975,0.8090373280943025,0.04073346430910282,0.02501637197118533,0.015717092337917484,0.0006548788474132286
JUDGE,0.0,0.0,0.027254707631318136,0.06838453914767097,0.10654112983151635,0.7319127849355798,0.0019821605550049554,0.05698711595639247,0.006937561942517344
PLAN,0.0069084628670120895,0.025906735751295335,0.024179620034542316,0.03454231433506045,0.04317789291882556,0.008635578583765112,0.8169257340241797,0.03454231433506045,0.0051813471502590676
MONITOR,0.0,0.008670520231213872,0.03468208092485549,0.06936416184971098,0.06358381502890173,0.09248554913294797,0.08092485549132948,0.6502890173410405,0.0
RULE,0.0,0.0,0.014492753623188406,0.13043478260869565,0.0,0.028985507246376812,0.014492753623188406,0.0,0.8115942028985508
