,ORIENT,DESCRIBE,SYNTHESIZE,HYPO,TEST,JUDGE,PLAN,MONITOR,RULE
ORIENT,0.9056603773584906,0.05660377358490566,0.0,0.0,0.0,0.0,0.03773584905660377,0.0,0.0
DESCRIBE,0.010247651579846286,0.8787361229718189,0.03159692570452605,0.0025619128949615714,0.04526046114432109,0.0,0.02391118701964133,0.007685738684884714,0.0
SYNTHESIZE,0.0,0.05343511450381679,0.5095419847328244,0.06297709923664122,0.2919847328244275,0.04198473282442748,0.01717557251908397,0.02099236641221374,0.0019083969465648854
HYPO,0.0,0.0011333585190782018,0.01926709482432943,0.7990177559501322,0.09973554967888175,0.04420098224404987,0.024933887419720437,0.009066868152625614,0.0026445032111824707
TEST,0.0,0.007727570399476097,0.033005893909626716,0.031041257367387033,0.8627373935821873,0.04099541584806811,0.017288801571709235,0.0066797642436149315,0.0005239030779305828
JUDGE,0.0,0.0019821605550049554,0.028245787908820614,0.07978196233894945,0.14222001982160554,0.6912784935579782,0.007433102081268583,0.04311199207135778,0.005946481665014866
PLAN,0.0069084628670120895,0.03281519861830743,0.013816925734024179,0.05872193436960276,0.10535405872193437,0.0051813471502590676,0.7530224525043178,0.024179620034542316,0.0
MONITOR,0.0,0.017341040462427744,0.028901734104046242,0.07803468208092486,0.1416184971098266,0.1531791907514451,0.07514450867052024,0.5057803468208093,0.0
RULE,0.0,0.0,0.028985507246376812,0.07246376811594203,0.014492753623188406,0.057971014492753624,0.014492753623188406,0.0,0.8115942028985508
