,ORIENT,DESCRIBE,SYNTHESIZE,HYPO,TEST,JUDGE,PLAN,MONITOR,RULE
ORIENT,0.9622641509433962,0.018867924528301886,0.0,0.0,0.0,0.0,0.018867924528301886,0.0,0.0
DESCRIBE,0.014517506404782237,0.89666951323655,0.027327070879590094,0.0008539709649871904,0.03159692570452605,0.0,0.024765157984628524,0.004269854824935952,0.0
SYNTHESIZE,0.0,0.04770992366412214,0.6125954198473282,0.04580152671755725,0.20801526717557253,0.03435114503816794,0.013358778625954198,0.03625954198473282,0.0019083969465648854
HYPO,0.0,0.0007555723460521345,0.018889308651303362,0.8409520211560257,0.07706837929731772,0.029845107669059314,0.021156025689459765,0.006044578768417076,0.005289006422364941
TEST,0.0,0.0091683038637852,0.05487884741322855,0.02200392927308448,0.842174197773412,0.04060248853962017,0.02108709888670596,0.009954158480681074,0.0001309757694826457
JUDGE,0.0,0.0,0.02527254707631318,0.06838453914767097,0.1045589692765114,0.7561942517343905,0.0009910802775024777,0.038156590683845394,0.006442021803766105
PLAN,0.008635578583765112,0.027633851468048358,0.015544041450777202,0.03626943005181347,0.0690846286701209,0.0034542314335060447,0.8117443868739206,0.027633851468048358,0.0
MONITOR,0.0,0.017341040462427744,0.028901734104046242,0.03757225433526012,0.06936416184971098,0.11271676300578035,0.06936416184971098,0.6647398843930635,0.0
RULE,0.0,0.0,0.014492753623188406,0.028985507246376812,0.0,0.0,0.014492753623188406,0.0,0.9420289855072463
