,ORIENT,DESCRIBE,SYNTHESIZE,HYPO,TEST,JUDGE,PLAN,MONITOR,RULE
ORIENT,0.9433962264150944,0.031446540880503145,0.0,0.0,0.0,0.0,0.025157232704402517,0.0,0.0
DESCRIBE,0.013663535439795047,0.8992314261315115,0.018787361229718188,0.0008539709649871904,0.03842869342442357,0.0008539709649871904,0.02220324508966695,0.005977796754910333,0.0
SYNTHESIZE,0.0,0.04007633587786259,0.6316793893129771,0.04198473282442748,0.18129770992366412,0.04770992366412214,0.02099236641221374,0.03435114503816794,0.0019083969465648854
HYPO,0.0,0.00037778617302606723,0.015489233094068758,0.8571968265961466,0.06384586324140537,0.03022289384208538,0.0207782395164337,0.007555723460521345,0.004533434076312807
TEST,0.0,0.007989521938441388,0.049901768172888016,0.024623444662737394,0.8451866404715128,0.041388343156516044,0.021872953503601834,0.008775376555337262,0.0002619515389652914
JUDGE,0.0,0.0,0.01734390485629336,0.06987115956392467,0.12041625371655104,0.7378592666005946,0.0019821605550049554,0.046085232903865216,0.006442021803766105
PLAN,0.0051813471502590676,0.024179620034542316,0.02072538860103627,0.044905008635578586,0.08290155440414508,0.0051813471502590676,0.8013816925734024,0.015544041450777202,0.0
MONITOR,0.0,0.017341040462427744,0.02023121387283237,0.04335260115606936,0.08670520231213873,0.14450867052023122,0.07225433526011561,0.615606936416185,0.0
RULE,0.0,0.0,0.0,0.057971014492753624,0.0,0.014492753623188406,0.014492753623188406,0.0,0.9130434782608695
