,ORIENT,DESCRIBE,SYNTHESIZE,HYPO,TEST,JUDGE,PLAN,MONITOR,RULE
ORIENT,0.89937106918239,0.05660377358490566,0.0,0.0,0.0,0.0,0.0440251572327044,0.0,0.0
DESCRIBE,0.007685738684884714,0.8889837745516652,0.02049530315969257,0.0034158838599487617,0.04953031596925705,0.0,0.02305721605465414,0.006831767719897523,0.0
SYNTHESIZE,0.0,0.05725190839694656,0.49427480916030536,0.05916030534351145,0.28435114503816794,0.05725190839694656,0.02099236641221374,0.02480916030534351,0.0019083969465648854
HYPO,0.0,0.0011333585190782018,0.013222516055912353,0.8118624858330186,0.09746883264072535,0.0460899131091802,0.01926709482432943,0.007555723460521345,0.003400075557234605
TEST,0.0005239030779305828,0.009430255402750491,0.03942370661427636,0.033005893909626716,0.8480681074001309,0.04361493123772102,0.01807465618860511,0.007203667321545514,0.0006548788474132286
JUDGE,0.0,0.002477700693756194,0.018334985133795837,0.07581764122893954,0.14568880079286423,0.7120911793855302,0.005450941526263627,0.03617443012884044,0.003964321110009911
PLAN,0.0069084628670120895,0.0535405872193437,0.02072538860103627,0.06390328151986183,0.10535405872193437,0.010362694300518135,0.7253886010362695,0.013816925734024179,0.0
MONITOR,0.0,0.02023121387283237,0.04046242774566474,0.06069364161849711,0.13872832369942195,0.16184971098265896,0.07225433526011561,0.5057803468208093,0.0
RULE,0.0,0.0,0.028985507246376812,0.08695652173913043,0.0,0.043478260869565216,0.014492753623188406,0.0,0.8260869565217391
