,ORIENT,DESCRIBE,SYNTHESIZE,HYPO,TEST,JUDGE,PLAN,MONITOR,RULE
ORIENT,0.9056603773584906,0.05660377358490566,0.0,0.0,0.0,0.0,0.03773584905660377,0.0,0.0
DESCRIBE,0.013663535439795047,0.8719043552519214,0.02134927412467976,0.0017079419299743809,0.05807002561912895,0.0008539709649871904,0.026473099914602904,0.005977796754910333,0.0
SYNTHESIZE,0.0,0.07633587786259542,0.48282442748091603,0.05152671755725191,0.28435114503816794,0.04198473282442748,0.01717557251908397,0.030534351145038167,0.015267175572519083
HYPO,0.0,0.0022667170381564035,0.018889308651303362,0.8061956932376275,0.09104646769928221,0.04797884397431054,0.018133736305251228,0.012844729882886286,0.0026445032111824707
TEST,0.0005239030779305828,0.01218074656188605,0.046889325474787164,0.03654223968565815,0.8216110019646365,0.0504256712508186,0.02017026850032744,0.011394891944990177,0.0002619515389652914
JUDGE,0.0004955401387512388,0.0004955401387512388,0.01734390485629336,0.07284440039643211,0.1605550049554014,0.6952428146679881,0.0044598612487611496,0.04509415262636274,0.003468780971258672
PLAN,0.0051813471502590676,0.044905008635578586,0.017271157167530225,0.07081174438687392,0.09326424870466321,0.010362694300518135,0.7115716753022453,0.044905008635578586,0.0017271157167530224
MONITOR,0.0,0.02023121387283237,0.04046242774566474,0.07514450867052024,0.10404624277456648,0.16184971098265896,0.08959537572254335,0.5086705202312138,0.0
RULE,0.0,0.0,0.028985507246376812,0.18840579710144928,0.028985507246376812,0.057971014492753624,0.014492753623188406,0.014492753623188406,0.6666666666666666
