id,source,task_id,trace_id,condition_or_set,stated_rule_answer,last_rule_sentence,heuristic_correct,combined_text
1,s2b,1,1,baseline,The hidden rule is that the panels with a yellow star have exactly,"So, the hidden rule is: The panel has exactly one cone that is upside-down (apex on floor), while the others are either upright or lying (which are considered different from upside-down).",0.0,"The hidden rule is that the panels with a yellow star have exactly  ||  LAST_RULE_SENTENCE: So, the hidden rule is: The panel has exactly one cone that is upside-down (apex on floor), while the others are either upright or lying (which are considered different from upside-down)."
2,s2b,1,2,baseline,"The hidden rule is that a panel is marked with a yellow star if its cones form a connected structure where each cone is either directly adjacent or nested within another cone, creating an interconnected tower or chain. Unstarred panels have cones that are either separate or connected differently, without forming such a connected structure. **Answer:** The hidden rule is that a panel is marked with a yellow star if the cones are arranged in a connected or nested structure, forming a single interconnected tower or chain, whereas unstarred panels have cones that are separate or connected differ","I think the rule is that the starred panels have a specific arrangement where the cones are connected or nested in a way that they form a single connected structure, while the unstarred ones have cones that are either separate or connected in a different way.",0.0,"The hidden rule is that a panel is marked with a yellow star if its cones form a connected structure where each cone is either directly adjacent or nested within another cone, creating an interconnected tower or chain. Unstarred panels have cones that are either separate or connected differently, without forming such a connected structure. **Answer:** The hidden rule is that a panel is marked with a yellow star if the cones are arranged in a connected or nested structure, forming a single interconnected tower or chain, whereas unstarred panels have cones that are separate or connected differ  ||  LAST_RULE_SENTENCE: I think the rule is that the starred panels have a specific arrangement where the cones are connected or nested in a way that they form a single connected structure, while the unstarred ones have cones that are either separate or connected in a different way."
3,s2b,1,3,baseline,"The hidden rule is that the panels with a yellow star (A, E, F) use all three colors (red, green, blue), whereas the unstarred panels (B, C, D) use fewer than three colors. Therefore, the distinguishing rule is that starred panels contain cones of all three colors, while non-starred panels use only one, two, or none of the three colors. **Answer:** The panels with yellow stars use all three colors (red, green, and blue), while the others use fewer.","So the rule is: ""Panels with a yellow star use all three colors (red, green, blue), while non-starred panels use one, two, or none.""",0.0,"The hidden rule is that the panels with a yellow star (A, E, F) use all three colors (red, green, blue), whereas the unstarred panels (B, C, D) use fewer than three colors. Therefore, the distinguishing rule is that starred panels contain cones of all three colors, while non-starred panels use only one, two, or none of the three colors. **Answer:** The panels with yellow stars use all three colors (red, green, and blue), while the others use fewer.  ||  LAST_RULE_SENTENCE: So the rule is: ""Panels with a yellow star use all three colors (red, green, blue), while non-starred panels use one, two, or none."""
4,s2b,1,4,baseline,"The hidden rule is that the panels with yellow stars (A, E, and F) have a linear sequence of cones where each cone is either supporting or resting on the next one in a specific direction, forming a chain. These panels typically have a clear hierarchical structure where each subsequent cone builds upon the previous one. In contrast, the non-starred panels (B, C, D) have a more complex arrangement with overlapping or nested structures without such a strict linear chain. **Answer:** The panels with yellow stars have a linear chain of cones where each cone supports or rests on the next, forming a","So, my best guess is that the rule is: The panels with yellow stars have a linear sequence of cones where each cone is either supporting or resting on the next one in a specific direction, forming a chain, while the non-starred panels have a more complex, overlapping, or nested arrangement without such a strict linear chain.",0.0,"The hidden rule is that the panels with yellow stars (A, E, and F) have a linear sequence of cones where each cone is either supporting or resting on the next one in a specific direction, forming a chain. These panels typically have a clear hierarchical structure where each subsequent cone builds upon the previous one. In contrast, the non-starred panels (B, C, D) have a more complex arrangement with overlapping or nested structures without such a strict linear chain. **Answer:** The panels with yellow stars have a linear chain of cones where each cone supports or rests on the next, forming a  ||  LAST_RULE_SENTENCE: So, my best guess is that the rule is: The panels with yellow stars have a linear sequence of cones where each cone is either supporting or resting on the next one in a specific direction, forming a chain, while the non-starred panels have a more complex, overlapping, or nested arrangement without such a strict linear chain."
5,s2b,1,7,baseline,"The hidden rule that distinguishes the starred panels (E and F) from the unstarred ones (A, B, C, D) is that the starred panels form a single connected structure where each cone is directly or indirectly linked to at least one other cone, creating a unified whole. In contrast, the unstarred panels have multiple disconnected clusters or separate groups of cones. **Final Answer:** The hidden rule is that a panel is marked with a yellow star if its cone arrangements form a single connected structure where each cone is linked to at least one other cone, creating a unified whole. Panels A, B, C,","So, the best guess is that the hidden rule is that the arrangement must form a single connected structure where each cone is connected to at least one other, creating a unified whole.",0.0,"The hidden rule that distinguishes the starred panels (E and F) from the unstarred ones (A, B, C, D) is that the starred panels form a single connected structure where each cone is directly or indirectly linked to at least one other cone, creating a unified whole. In contrast, the unstarred panels have multiple disconnected clusters or separate groups of cones. **Final Answer:** The hidden rule is that a panel is marked with a yellow star if its cone arrangements form a single connected structure where each cone is linked to at least one other cone, creating a unified whole. Panels A, B, C,  ||  LAST_RULE_SENTENCE: So, the best guess is that the hidden rule is that the arrangement must form a single connected structure where each cone is connected to at least one other, creating a unified whole."
6,s2b,1,8,baseline,"The hidden rule is that the panels with a yellow star have cones arranged in two or more clusters, while the panels without a star have cones arranged in a single cluster. This distinction in the arrangement of the cones into clusters differentiates the starred panels from the unstarred ones.","Therefore, the hidden rule could be: Panels with a yellow star have cones arranged in two or more clusters, while those without a star have cones arranged in a single cluster.",0.0,"The hidden rule is that the panels with a yellow star have cones arranged in two or more clusters, while the panels without a star have cones arranged in a single cluster. This distinction in the arrangement of the cones into clusters differentiates the starred panels from the unstarred ones.  ||  LAST_RULE_SENTENCE: Therefore, the hidden rule could be: Panels with a yellow star have cones arranged in two or more clusters, while those without a star have cones arranged in a single cluster."
7,s2b,1,9,baseline,"The hidden rule that distinguishes the starred panels (E and F) from the non-star panels (A, B, C, D) is that the starred panels have their cone colors arranged in a cyclic order, either a three-color cycle or a repeating three-color sequence. Specifically, Panel E cycles through Green, Red, Blue, while Panel F cycles through Green, Blue, Red, creating a repeating pattern. Non-star panels do not follow this cyclic color arrangement. **Answer:** The hidden rule is that the starred panels (E and F) have their cone colors arranged in a cyclic order, either a three-color cycle or a repeating sequ","So, to summarize, the hidden rule is that the star panels have their cones arranged in a cyclic color order, either repeating a sequence of three colors, while non-star panels do not have this arrangement.",0.0,"The hidden rule that distinguishes the starred panels (E and F) from the non-star panels (A, B, C, D) is that the starred panels have their cone colors arranged in a cyclic order, either a three-color cycle or a repeating three-color sequence. Specifically, Panel E cycles through Green, Red, Blue, while Panel F cycles through Green, Blue, Red, creating a repeating pattern. Non-star panels do not follow this cyclic color arrangement. **Answer:** The hidden rule is that the starred panels (E and F) have their cone colors arranged in a cyclic order, either a three-color cycle or a repeating sequ  ||  LAST_RULE_SENTENCE: So, to summarize, the hidden rule is that the star panels have their cones arranged in a cyclic color order, either repeating a sequence of three colors, while non-star panels do not have this arrangement."
8,s2b,1,10,baseline,"The hidden rule that distinguishes the starred panels (A, E, and F) from the unstarred ones (B, C, D) is that the starred panels feature a linear chain of cones where each cone is directly connected to the next, forming a continuous path. In contrast, the unstarred panels have more complex arrangements, often involving overlapping or disconnected structures.","Therefore, the hidden rule is: ""Starred panels have a linear chain of cones where each cone is directly connected to the next, forming a continuous path, while unstarred panels have more complex, overlapping, or disconnected arrangements.""",0.0,"The hidden rule that distinguishes the starred panels (A, E, and F) from the unstarred ones (B, C, D) is that the starred panels feature a linear chain of cones where each cone is directly connected to the next, forming a continuous path. In contrast, the unstarred panels have more complex arrangements, often involving overlapping or disconnected structures.  ||  LAST_RULE_SENTENCE: Therefore, the hidden rule is: ""Starred panels have a linear chain of cones where each cone is directly connected to the next, forming a continuous path, while unstarred panels have more complex, overlapping, or disconnected arrangements."""
9,s2b,2,2,baseline,"The hidden rule is that a panel is marked with a yellow star if its cones are arranged in a linear sequence, each connected end-to-end in a single, unbroken chain from left to right. Non-starred panels have cones arranged in clusters or other configurations, such as overlapping or branching structures. **Answer:** The panels with yellow stars have their cones arranged in a linear chain, each connected end-to-end in a single, unbroken sequence from left to right.","If they are arranged in clusters or in any other configuration, they are not starred.",0.0,"The hidden rule is that a panel is marked with a yellow star if its cones are arranged in a linear sequence, each connected end-to-end in a single, unbroken chain from left to right. Non-starred panels have cones arranged in clusters or other configurations, such as overlapping or branching structures. **Answer:** The panels with yellow stars have their cones arranged in a linear chain, each connected end-to-end in a single, unbroken sequence from left to right.  ||  LAST_RULE_SENTENCE: If they are arranged in clusters or in any other configuration, they are not starred."
10,s2b,2,3,baseline,"The hidden rule is that the panels with yellow stars (A, B, and E) have their cones arranged in a linear chain from left to right, each resting on the next one, forming a straight line across the panel. The non-starred panels (C, D, and F) have their cones arranged in clusters with overlapping or nested structures. **Answer:** The panels with yellow stars have their cones arranged in a straight linear chain, each resting on the next, forming a single path from left to right. The non-starred panels have their cones arranged in clusters with overlapping or nested structures.","So, after considering all these, I think the hidden rule is that the starred panels (A, B, E) have cones arranged in a linear chain where each cone is placed to the right of the previous one, forming a straight line, each resting on the next, while the non-starred panels have cones arranged in clusters with overlapping or nested structures.",0.0,"The hidden rule is that the panels with yellow stars (A, B, and E) have their cones arranged in a linear chain from left to right, each resting on the next one, forming a straight line across the panel. The non-starred panels (C, D, and F) have their cones arranged in clusters with overlapping or nested structures. **Answer:** The panels with yellow stars have their cones arranged in a straight linear chain, each resting on the next, forming a single path from left to right. The non-starred panels have their cones arranged in clusters with overlapping or nested structures.  ||  LAST_RULE_SENTENCE: So, after considering all these, I think the hidden rule is that the starred panels (A, B, E) have cones arranged in a linear chain where each cone is placed to the right of the previous one, forming a straight line, each resting on the next, while the non-starred panels have cones arranged in clusters with overlapping or nested structures."
11,s2b,2,5,baseline,"The hidden rule is that the panels with a yellow star have all their cones arranged in a single connected cluster, whereas the non-starred panels have their cones arranged in two or more disconnected clusters.","So, my best guess is that the hidden rule is: ""Panels with a yellow star have all their cones arranged in a single connected cluster, while panels without a yellow star have their cones arranged in two or more disconnected clusters.""",0.0,"The hidden rule is that the panels with a yellow star have all their cones arranged in a single connected cluster, whereas the non-starred panels have their cones arranged in two or more disconnected clusters.  ||  LAST_RULE_SENTENCE: So, my best guess is that the hidden rule is: ""Panels with a yellow star have all their cones arranged in a single connected cluster, while panels without a yellow star have their cones arranged in two or more disconnected clusters."""
12,s2b,2,7,baseline,"The hidden rule is that the panels with a yellow star have a single linear arrangement of five cones in a straight line from left to right, each only connected to the next one, forming a straight chain. The non-starred panels have more complex arrangements, such as two clusters or a hub-and-spoke structure. **Answer:** The panels with the yellow star have a single linear chain of five cones arranged in a straight line from left to right, each only connected to the next one, forming a straight chain.","So my best guess is that the hidden rule is that the panels with the yellow star have a single linear chain of five cones from left to right, each only connected to the next, forming a straight line.",0.0,"The hidden rule is that the panels with a yellow star have a single linear arrangement of five cones in a straight line from left to right, each only connected to the next one, forming a straight chain. The non-starred panels have more complex arrangements, such as two clusters or a hub-and-spoke structure. **Answer:** The panels with the yellow star have a single linear chain of five cones arranged in a straight line from left to right, each only connected to the next one, forming a straight chain.  ||  LAST_RULE_SENTENCE: So my best guess is that the hidden rule is that the panels with the yellow star have a single linear chain of five cones from left to right, each only connected to the next, forming a straight line."
13,s2b,2,8,baseline,"The hidden rule that distinguishes the starred panels (A, B, E) is that their cones are arranged in a continuous linear chain where each cone is connected to the next in the specified order, forming a path from left to right without any breaks or overlaps except where necessary for the cluster. This creates a specific sequence that the non-starred panels do not follow. **Answer:** The hidden rule is that the cones on the starred panels (A, B, and E) are arranged in a continuous linear chain, each connected to the next in sequence, forming a path from left to right without breaks or overlaps,","Therefore, the best guess is that the hidden rule is that the arrangement must form a continuous linear chain where each cone is connected to the next in the specified order, forming a path from left to right without any breaks or overlaps except where necessary for the cluster.",0.0,"The hidden rule that distinguishes the starred panels (A, B, E) is that their cones are arranged in a continuous linear chain where each cone is connected to the next in the specified order, forming a path from left to right without any breaks or overlaps except where necessary for the cluster. This creates a specific sequence that the non-starred panels do not follow. **Answer:** The hidden rule is that the cones on the starred panels (A, B, and E) are arranged in a continuous linear chain, each connected to the next in sequence, forming a path from left to right without breaks or overlaps,  ||  LAST_RULE_SENTENCE: Therefore, the best guess is that the hidden rule is that the arrangement must form a continuous linear chain where each cone is connected to the next in the specified order, forming a path from left to right without any breaks or overlaps except where necessary for the cluster."
14,s2b,2,10,baseline,"The hidden rule is that a panel has a yellow star if the number of resting contacts (where one cone rests on another) among its cones is four. If there are three or fewer resting contacts, it does not have a star. **Answer:** Panels with four resting contacts among their cones have a yellow star.","Therefore, the hidden rule is that panels with four resting contacts between cones have yellow stars.",0.0,"The hidden rule is that a panel has a yellow star if the number of resting contacts (where one cone rests on another) among its cones is four. If there are three or fewer resting contacts, it does not have a star. **Answer:** Panels with four resting contacts among their cones have a yellow star.  ||  LAST_RULE_SENTENCE: Therefore, the hidden rule is that panels with four resting contacts between cones have yellow stars."
15,s2b,3,2,baseline,"The hidden rule that distinguishes the starred panels (A, C, F) from the unstarred (B, D, E) is that in the starred panels, the first and last cones are positioned on opposite ends","So, the best guess is that the rule is about the position of the first and last cones being on opposite ends in the starred panels, whereas in the unstarred, they are on the same side.",0.0,"The hidden rule that distinguishes the starred panels (A, C, F) from the unstarred (B, D, E) is that in the starred panels, the first and last cones are positioned on opposite ends  ||  LAST_RULE_SENTENCE: So, the best guess is that the rule is about the position of the first and last cones being on opposite ends in the starred panels, whereas in the unstarred, they are on the same side."
16,s2b,3,9,baseline,"The hidden rule is that a panel is starred if every cone is either resting on the floor or positioned on a side with a corner raised. If any cone is stacked on another, the panel is not starred. **Answer:** A panel is starred if all its cones are either on the floor or on a side with a corner raised; otherwise, it is not starred.",""" So the best guess is: ""All panels with stars have every cone either on the floor or on a side with a corner raised; those without stars have at least one cone stacked on another.""",0.0,"The hidden rule is that a panel is starred if every cone is either resting on the floor or positioned on a side with a corner raised. If any cone is stacked on another, the panel is not starred. **Answer:** A panel is starred if all its cones are either on the floor or on a side with a corner raised; otherwise, it is not starred.  ||  LAST_RULE_SENTENCE: "" So the best guess is: ""All panels with stars have every cone either on the floor or on a side with a corner raised; those without stars have at least one cone stacked on another."""
17,s2b,3,10,baseline,"The hidden rule is that the starred panels (A, C, F) each contain at least one pair of cones where one cone is resting on another, forming a mutual support structure. The non-starred panels (B, D, E) do not have such mutual support pairs. Therefore, the best guess is: **Answer:** The star panels have at least one pair of cones where one is resting on another, forming a mutual support structure, while the non-star panels do not.","So, after analyzing all the panels, I think the hidden rule is that the star panels have at least one pair of cones where one is resting on another, creating a mutual support structure, while the non-star panels do not have such mutual support.",0.0,"The hidden rule is that the starred panels (A, C, F) each contain at least one pair of cones where one cone is resting on another, forming a mutual support structure. The non-starred panels (B, D, E) do not have such mutual support pairs. Therefore, the best guess is: **Answer:** The star panels have at least one pair of cones where one is resting on another, forming a mutual support structure, while the non-star panels do not.  ||  LAST_RULE_SENTENCE: So, after analyzing all the panels, I think the hidden rule is that the star panels have at least one pair of cones where one is resting on another, creating a mutual support structure, while the non-star panels do not have such mutual support."
18,s2b,4,1,baseline,"The hidden rule is that each panel with a yellow star has exactly three cones of one color, while the other two colors appear exactly twice each. Panels without stars do not have such a strict color distribution. **Answer:** The hidden rule is that each panel with a yellow star has exactly three cones of one color, while the other two colors appear exactly twice each. Panels without stars do not have such a strict color distribution.","Panels without stars do not have such a strict color distribution.""",0.0,"The hidden rule is that each panel with a yellow star has exactly three cones of one color, while the other two colors appear exactly twice each. Panels without stars do not have such a strict color distribution. **Answer:** The hidden rule is that each panel with a yellow star has exactly three cones of one color, while the other two colors appear exactly twice each. Panels without stars do not have such a strict color distribution.  ||  LAST_RULE_SENTENCE: Panels without stars do not have such a strict color distribution."""
19,s2b,4,2,baseline,"The hidden rule that distinguishes the starred panels (A, C, F) from the unstarred ones (B, D, E) is that the first two cones in the starred panels are arranged in a supporting or interacting position, typically one on top of the other or leaning against each other, forming a hierarchical structure. In contrast, the unstarred panels do not have this kind of interaction between their first two cones. **Answer:** The panels with yellow stars are those where the first two cones are arranged in a supporting or interacting position, forming a hierarchical structure.","So, putting it all together, I think the hidden rule is that a panel is starred if the first two cones are arranged in a supporting or interacting position, creating a kind of hierarchical structure, while non-starred panels have the first two cones either both upright or both lying without such interaction.",0.0,"The hidden rule that distinguishes the starred panels (A, C, F) from the unstarred ones (B, D, E) is that the first two cones in the starred panels are arranged in a supporting or interacting position, typically one on top of the other or leaning against each other, forming a hierarchical structure. In contrast, the unstarred panels do not have this kind of interaction between their first two cones. **Answer:** The panels with yellow stars are those where the first two cones are arranged in a supporting or interacting position, forming a hierarchical structure.  ||  LAST_RULE_SENTENCE: So, putting it all together, I think the hidden rule is that a panel is starred if the first two cones are arranged in a supporting or interacting position, creating a kind of hierarchical structure, while non-starred panels have the first two cones either both upright or both lying without such interaction."
20,s2b,4,3,baseline,"The hidden rule is that a panel is starred if its cones form a nested or overlapping chain structure, where each cone either rests on or overlaps with another, creating a tree-like arrangement. If the cones are arranged in a linear chain without nesting or overlapping, the panel is unstarred. **Answer:** Panels A, C, and F are starred because their cones form a nested or overlapping chain structure, while panels B, D, and E have a linear arrangement without nesting or overlapping.","Otherwise, it's unstarred.",0.0,"The hidden rule is that a panel is starred if its cones form a nested or overlapping chain structure, where each cone either rests on or overlaps with another, creating a tree-like arrangement. If the cones are arranged in a linear chain without nesting or overlapping, the panel is unstarred. **Answer:** Panels A, C, and F are starred because their cones form a nested or overlapping chain structure, while panels B, D, and E have a linear arrangement without nesting or overlapping.  ||  LAST_RULE_SENTENCE: Otherwise, it's unstarred."
21,s2b,4,4,baseline,"The hidden rule that distinguishes the starred panels (A, C, F) from the unstarred (B, D, E) is that the starred panels have exactly two cones stacked on top of each other, while the unstarred panels have no cones stacked. **Answer:** The hidden rule is that the starred panels (A, C, F) each have exactly two cones stacked on top of each other, whereas the unstarred panels (B, D, E) have no cones stacked.","So the hidden rule is that the starred panels have exactly two cones stacked, while the non-starred have none.",0.0,"The hidden rule that distinguishes the starred panels (A, C, F) from the unstarred (B, D, E) is that the starred panels have exactly two cones stacked on top of each other, while the unstarred panels have no cones stacked. **Answer:** The hidden rule is that the starred panels (A, C, F) each have exactly two cones stacked on top of each other, whereas the unstarred panels (B, D, E) have no cones stacked.  ||  LAST_RULE_SENTENCE: So the hidden rule is that the starred panels have exactly two cones stacked, while the non-starred have none."
22,s2b,4,10,baseline,"The hidden rule is that the panels with yellow stars (A, C, F) each have exactly two cones that are lying (either right or left 90 degrees). The non-starred panels (B, D, E) have fewer than two lying cones, either one or none. **Answer:** The panels with yellow stars have exactly two lying cones, while those without a star have one or none.",So the hidden rule is that the panels with yellow stars have exactly two lying cones.,0.0,"The hidden rule is that the panels with yellow stars (A, C, F) each have exactly two cones that are lying (either right or left 90 degrees). The non-starred panels (B, D, E) have fewer than two lying cones, either one or none. **Answer:** The panels with yellow stars have exactly two lying cones, while those without a star have one or none.  ||  LAST_RULE_SENTENCE: So the hidden rule is that the panels with yellow stars have exactly two lying cones."
23,s2b,1,1,HYPO_pos_0.5,"The hidden rule is: A panel is marked with a yellow star if it contains at least one cone that is Red. If all cones are non-Red, the panel does not have a star.","If all cones are non-Red, then it's not starred.",1.0,"The hidden rule is: A panel is marked with a yellow star if it contains at least one cone that is Red. If all cones are non-Red, the panel does not have a star.  ||  LAST_RULE_SENTENCE: If all cones are non-Red, then it's not starred."
24,s2b,1,4,HYPO_pos_0.5,"The hidden rule is that a panel is marked with a yellow star if it contains both Red and Blue cones. If it only has Green and/or Blue cones, it is not marked with a star. **Answer:** Panels with both Red and Blue cones are marked with a yellow star.",I think that's the best guess.,1.0,"The hidden rule is that a panel is marked with a yellow star if it contains both Red and Blue cones. If it only has Green and/or Blue cones, it is not marked with a star. **Answer:** Panels with both Red and Blue cones are marked with a yellow star.  ||  LAST_RULE_SENTENCE: I think that's the best guess."
25,s2b,1,5,HYPO_pos_0.5,"The hidden rule is that a panel is marked with a yellow star if it features three distinct colors in its cone arrangements. Panels A, E, and F each have three distinct colors (Red, Green, Blue), while panels B, C, D only have two distinct colors, hence they are not starred. **Answer:** The hidden rule is that a panel is starred if it contains three distinct colors. Thus, panels A, E, and F are starred, while B, C, and D are not.",So the hidden rule is that a panel is marked with a yellow star if and only if it has three different colors in its cone arrangements.,0.0,"The hidden rule is that a panel is marked with a yellow star if it features three distinct colors in its cone arrangements. Panels A, E, and F each have three distinct colors (Red, Green, Blue), while panels B, C, D only have two distinct colors, hence they are not starred. **Answer:** The hidden rule is that a panel is starred if it contains three distinct colors. Thus, panels A, E, and F are starred, while B, C, and D are not.  ||  LAST_RULE_SENTENCE: So the hidden rule is that a panel is marked with a yellow star if and only if it has three different colors in its cone arrangements."
26,s2b,1,7,HYPO_pos_0.5,"The hidden rule is that a panel is starred if it uses three different colors of cones. If it uses only one or two colors, it is unstarred. **Answer:** The panels are starred if they use three different colors; otherwise, they are unstarred.","So, my best guess is that the hidden rule is: Panels with three different colors of cones are starred, while those with one or two are not.",0.0,"The hidden rule is that a panel is starred if it uses three different colors of cones. If it uses only one or two colors, it is unstarred. **Answer:** The panels are starred if they use three different colors; otherwise, they are unstarred.  ||  LAST_RULE_SENTENCE: So, my best guess is that the hidden rule is: Panels with three different colors of cones are starred, while those with one or two are not."
27,s2b,1,8,HYPO_pos_0.5,The hidden rule is that a panel is starred if it contains at least one cone of the color Red.,"So, my best guess is that the hidden rule is: ""A panel is starred if it contains at least one cone of the color Red.""",1.0,"The hidden rule is that a panel is starred if it contains at least one cone of the color Red.  ||  LAST_RULE_SENTENCE: So, my best guess is that the hidden rule is: ""A panel is starred if it contains at least one cone of the color Red."""
28,s2b,3,10,HYPO_pos_0.5,"The hidden rule is that a panel is starred if and only if it has exactly one cone that is not on the floor. This is because panels A, C, and F each have one cone (Cone 3 in A and F, Cone 3 in C) that is not on the floor, while the other three panels (B, D, E) have all their cones on the floor. **Answer:** The panels with a yellow star are those that have exactly one cone not on the floor.","So the best guess is that the rule is that if there's exactly one cone that's not on the floor, it's starred.",0.0,"The hidden rule is that a panel is starred if and only if it has exactly one cone that is not on the floor. This is because panels A, C, and F each have one cone (Cone 3 in A and F, Cone 3 in C) that is not on the floor, while the other three panels (B, D, E) have all their cones on the floor. **Answer:** The panels with a yellow star are those that have exactly one cone not on the floor.  ||  LAST_RULE_SENTENCE: So the best guess is that the rule is that if there's exactly one cone that's not on the floor, it's starred."
29,s2b,4,3,HYPO_pos_0.5,"The hidden rule that distinguishes the starred panels (A, C, F) from the non-starred ones (B, D, E) is: **""A panel is starred if its cones are arranged in a more complex, interconnected way where each cone interacts with others through overlapping, leaning, or resting, with specific orientations, creating a dynamic and intricate structure.""**","So, my best guess is that the hidden rule is: ""The panel is starred if the cones are arranged in a more complex, interconnected way where each cone interacts with others through overlapping, leaning, or resting, with specific orientations, creating a dynamic and intricate structure.""",0.0,"The hidden rule that distinguishes the starred panels (A, C, F) from the non-starred ones (B, D, E) is: **""A panel is starred if its cones are arranged in a more complex, interconnected way where each cone interacts with others through overlapping, leaning, or resting, with specific orientations, creating a dynamic and intricate structure.""**  ||  LAST_RULE_SENTENCE: So, my best guess is that the hidden rule is: ""The panel is starred if the cones are arranged in a more complex, interconnected way where each cone interacts with others through overlapping, leaning, or resting, with specific orientations, creating a dynamic and intricate structure."""
30,s2b,4,4,HYPO_pos_0.5,"The hidden rule is that a panel is marked with a yellow star if and only if the second cone is both lying and situated under the first cone. This is true for panels A, C, and F, while the other panels do not meet this criterion. Therefore, the rule is: **The panel is starred if the second cone is lying and resting directly under the first cone.**","Therefore, the rule is that a panel is starred if and only if the second cone is Lying and is under the first cone.",0.0,"The hidden rule is that a panel is marked with a yellow star if and only if the second cone is both lying and situated under the first cone. This is true for panels A, C, and F, while the other panels do not meet this criterion. Therefore, the rule is: **The panel is starred if the second cone is lying and resting directly under the first cone.**  ||  LAST_RULE_SENTENCE: Therefore, the rule is that a panel is starred if and only if the second cone is Lying and is under the first cone."
31,s2b,4,5,HYPO_pos_0.5,"The hidden rule is that the starred panels (A, C, F) have cones arranged in a mutual support network where each cone is both supporting and being supported by another, creating a chain or network of mutual interactions. In contrast, non-starred panels (B, D, E) have a one-directional support where cones either support or are supported but not both. Thus, the key is that starred panels have mutual support interactions among their cones. **Answer:** The hidden rule is that panels with yellow stars have cones arranged in a mutual support network where each cone is both supporting and being suppo","Therefore, the hidden rule is that in starred panels, every cone is both supporting and being supported by another, creating a mutual support network.",0.0,"The hidden rule is that the starred panels (A, C, F) have cones arranged in a mutual support network where each cone is both supporting and being supported by another, creating a chain or network of mutual interactions. In contrast, non-starred panels (B, D, E) have a one-directional support where cones either support or are supported but not both. Thus, the key is that starred panels have mutual support interactions among their cones. **Answer:** The hidden rule is that panels with yellow stars have cones arranged in a mutual support network where each cone is both supporting and being suppo  ||  LAST_RULE_SENTENCE: Therefore, the hidden rule is that in starred panels, every cone is both supporting and being supported by another, creating a mutual support network."
32,s2b,4,7,HYPO_pos_0.5,"The hidden rule is that a panel is marked with a yellow star if at least one of its cones is resting on another cone. If none of the cones are resting on another, the panel is not starred. **Answer:** A panel has a yellow star if at least one cone is resting on another cone; otherwise, it does not.","Thus, the best guess is that the rule is: A panel has a yellow star if at least one cone is resting on another cone; otherwise, it does not.",0.0,"The hidden rule is that a panel is marked with a yellow star if at least one of its cones is resting on another cone. If none of the cones are resting on another, the panel is not starred. **Answer:** A panel has a yellow star if at least one cone is resting on another cone; otherwise, it does not.  ||  LAST_RULE_SENTENCE: Thus, the best guess is that the rule is: A panel has a yellow star if at least one cone is resting on another cone; otherwise, it does not."
33,s2b,4,9,HYPO_pos_0.5,"The hidden rule is that a panel is marked with a yellow star if it contains a vertical chain of cones where each cone supports or is supported by the next one, forming a continuous structure. Non-starred panels do not have such a chain. **Answer:** The panels with yellow stars have a vertical chain of cones where each one supports the next, forming a connected structure. Non-starred panels do not have such chains.","Therefore, the rule seems to be that the starred panels have a vertical chain of cones where each one supports or is supported by another, forming a connected structure.",0.0,"The hidden rule is that a panel is marked with a yellow star if it contains a vertical chain of cones where each cone supports or is supported by the next one, forming a continuous structure. Non-starred panels do not have such a chain. **Answer:** The panels with yellow stars have a vertical chain of cones where each one supports the next, forming a connected structure. Non-starred panels do not have such chains.  ||  LAST_RULE_SENTENCE: Therefore, the rule seems to be that the starred panels have a vertical chain of cones where each one supports or is supported by another, forming a connected structure."
34,s2b,4,10,HYPO_pos_0.5,"The hidden rule is that a panel is marked with a yellow star if it contains at least one pair of cones where one rests on the other, and the other rests on the first, creating a mutual resting interaction. If no such pair exists, the panel is not starred.","Therefore, the best guess is that the hidden rule is the presence of such mutual resting pairs.",0.0,"The hidden rule is that a panel is marked with a yellow star if it contains at least one pair of cones where one rests on the other, and the other rests on the first, creating a mutual resting interaction. If no such pair exists, the panel is not starred.  ||  LAST_RULE_SENTENCE: Therefore, the best guess is that the hidden rule is the presence of such mutual resting pairs."
35,s2b,1,3,HYPO_pos_1.0,The hidden rule is that a panel is starred if it contains three or more different colors.,"So, the answer would be that the hidden rule is that a panel has a yellow star if it features three or more different colors, otherwise, it doesn't.",0.0,"The hidden rule is that a panel is starred if it contains three or more different colors.  ||  LAST_RULE_SENTENCE: So, the answer would be that the hidden rule is that a panel has a yellow star if it features three or more different colors, otherwise, it doesn't."
36,s2b,1,5,HYPO_pos_1.0,"The hidden rule is that any panel containing at least one cone colored Red is labeled with a yellow star. Thus, the rule is: **Rule:** A panel is starred (has a yellow star) if and only if it contains at least one cone with the color ""Red.""",So the hidden rule is that any panel with a Red cone has a yellow star.,1.0,"The hidden rule is that any panel containing at least one cone colored Red is labeled with a yellow star. Thus, the rule is: **Rule:** A panel is starred (has a yellow star) if and only if it contains at least one cone with the color ""Red.""  ||  LAST_RULE_SENTENCE: So the hidden rule is that any panel with a Red cone has a yellow star."
37,s2b,1,8,HYPO_pos_1.0,"The hidden rule is that a panel is starred if it contains exactly three distinct colors of cones. This is because Panels A, E, and F each have three different colors (Red, Green, Blue) while the others have two or fewer, leading to their status as starred panels.",So the answer is that panels with exactly three distinct colors have yellow stars.,0.0,"The hidden rule is that a panel is starred if it contains exactly three distinct colors of cones. This is because Panels A, E, and F each have three different colors (Red, Green, Blue) while the others have two or fewer, leading to their status as starred panels.  ||  LAST_RULE_SENTENCE: So the answer is that panels with exactly three distinct colors have yellow stars."
38,s2b,2,3,HYPO_pos_1.0,"The hidden rule is that a panel has a yellow star if its cones are arranged in a linear chain where each cone is on the base and connected to the next, forming a single continuous path. Otherwise, the panel does not have a yellow star.",Others do not.,0.0,"The hidden rule is that a panel has a yellow star if its cones are arranged in a linear chain where each cone is on the base and connected to the next, forming a single continuous path. Otherwise, the panel does not have a yellow star.  ||  LAST_RULE_SENTENCE: Others do not."
39,s2b,2,7,HYPO_pos_1.0,"The hidden rule is that a panel is starred if it has two clusters of cones, while those with a single cluster are not starred. Thus, the answer is: **The rule is that a panel is starred if it has two clusters of cones, otherwise, it is not starred.**","So the answer is that the hidden rule is ""Panels that have two clusters of cones are starred.""",0.0,"The hidden rule is that a panel is starred if it has two clusters of cones, while those with a single cluster are not starred. Thus, the answer is: **The rule is that a panel is starred if it has two clusters of cones, otherwise, it is not starred.**  ||  LAST_RULE_SENTENCE: So the answer is that the hidden rule is ""Panels that have two clusters of cones are starred."""
40,s2b,3,1,HYPO_pos_1.0,"The hidden rule is that a panel has a yellow star if the number of cones on the floor is equal to the total number of cones in that panel. Thus, panels A, C, and F meet this criterion, while B, D, and E do not. **Answer:** The rule is that a panel has a yellow star if the number of cones on the floor equals the total number of cones in the panel.",So I think that's the rule.,0.0,"The hidden rule is that a panel has a yellow star if the number of cones on the floor is equal to the total number of cones in that panel. Thus, panels A, C, and F meet this criterion, while B, D, and E do not. **Answer:** The rule is that a panel has a yellow star if the number of cones on the floor equals the total number of cones in the panel.  ||  LAST_RULE_SENTENCE: So I think that's the rule."
41,s2b,3,5,HYPO_pos_1.0,"The hidden rule is that a panel is starred if all its cones are on the floor, either lying or standing. If any cone is on top of another, the panel is not starred. **Answer:** The rule is that a panel is starred if every cone is on the floor, either lying or standing. If any cone is on top of another, the panel is not starred.","So, to sum up, the hidden rule is that a panel is starred if every cone is on the floor, either lying or standing.",0.0,"The hidden rule is that a panel is starred if all its cones are on the floor, either lying or standing. If any cone is on top of another, the panel is not starred. **Answer:** The rule is that a panel is starred if every cone is on the floor, either lying or standing. If any cone is on top of another, the panel is not starred.  ||  LAST_RULE_SENTENCE: So, to sum up, the hidden rule is that a panel is starred if every cone is on the floor, either lying or standing."
42,s2b,4,10,HYPO_pos_1.0,"The hidden rule is that a panel is a star if the cones have more complex interactions, such as resting on, overlapping, or supporting each other, rather than having simpler interactions like ""base on floor"" or ""isolated."" **Answer:** A panel is a star if the cones have complex interactions, such as resting on, overlapping, or supporting each other, rather than having simpler interactions like ""base on floor"" or ""isolated.""","If they have simpler interactions, like just ""base on floor"" or ""isolated,"" then they are not stars.",0.0,"The hidden rule is that a panel is a star if the cones have more complex interactions, such as resting on, overlapping, or supporting each other, rather than having simpler interactions like ""base on floor"" or ""isolated."" **Answer:** A panel is a star if the cones have complex interactions, such as resting on, overlapping, or supporting each other, rather than having simpler interactions like ""base on floor"" or ""isolated.""  ||  LAST_RULE_SENTENCE: If they have simpler interactions, like just ""base on floor"" or ""isolated,"" then they are not stars."
43,s2b,1,1,HYPO_neg_0.5,"The hidden rule is that each panel with a yellow star has all its cones arranged in a single unbroken chain, connected one after the other, without any breaks. Panels without a star do not meet this criterion. **Final Answer:** The panels with yellow stars have all their cone structures arranged in a single unbroken chain, while those without a star do not.",""" I think that's the rule.",0.0,"The hidden rule is that each panel with a yellow star has all its cones arranged in a single unbroken chain, connected one after the other, without any breaks. Panels without a star do not meet this criterion. **Final Answer:** The panels with yellow stars have all their cone structures arranged in a single unbroken chain, while those without a star do not.  ||  LAST_RULE_SENTENCE: "" I think that's the rule."
44,s2b,1,3,HYPO_neg_0.5,"The hidden rule that distinguishes the yellow star panels (A, E, F) from the non-yellow star panels (B, C, D) is that the yellow star panels exhibit a significantly more complex and dynamic arrangement of cones. They feature a higher number of cones with varied orientations (tilted, upright, upside-down), intricate interactions, and multiple points of contact between cones. In contrast, the non-yellow star panels have a more structured, hierarchical arrangement with clear nesting and less dynamic interactions. **Answer:** The yellow star panels (A, E, F) are distinguished by their highly dyna","So, the hidden rule might be that the yellow star panels have a more dynamic, interactive, and complex arrangement of cones compared to the non-yellow ones.",0.0,"The hidden rule that distinguishes the yellow star panels (A, E, F) from the non-yellow star panels (B, C, D) is that the yellow star panels exhibit a significantly more complex and dynamic arrangement of cones. They feature a higher number of cones with varied orientations (tilted, upright, upside-down), intricate interactions, and multiple points of contact between cones. In contrast, the non-yellow star panels have a more structured, hierarchical arrangement with clear nesting and less dynamic interactions. **Answer:** The yellow star panels (A, E, F) are distinguished by their highly dyna  ||  LAST_RULE_SENTENCE: So, the hidden rule might be that the yellow star panels have a more dynamic, interactive, and complex arrangement of cones compared to the non-yellow ones."
45,s2b,1,4,HYPO_neg_0.5,The hidden rule is that a panel is marked with a yellow star if the color of the first cone is different from the colors of the remaining cones on that panel. **Step-by-Step Explanation:** 1. **Identify Each Panel's First Cone Color:** - **Panel A:** First cone is Red; other cones are Green and Blue. - **Panel B:** First cone is Green; others are Green and Blue. - **Panel C:** First cone is Blue; others are Blue and Green. - **Panel D:** First cone is Blue; others are Blue and Green. - **Panel E:** First cone is Green; others are Red and Blue. - **Panel F:** First cone is G,"So, the hidden rule is that a panel has a yellow star if the first cone's color is different from the rest of the cones on the panel.",0.0,"The hidden rule is that a panel is marked with a yellow star if the color of the first cone is different from the colors of the remaining cones on that panel. **Step-by-Step Explanation:** 1. **Identify Each Panel's First Cone Color:** - **Panel A:** First cone is Red; other cones are Green and Blue. - **Panel B:** First cone is Green; others are Green and Blue. - **Panel C:** First cone is Blue; others are Blue and Green. - **Panel D:** First cone is Blue; others are Blue and Green. - **Panel E:** First cone is Green; others are Red and Blue. - **Panel F:** First cone is G  ||  LAST_RULE_SENTENCE: So, the hidden rule is that a panel has a yellow star if the first cone's color is different from the rest of the cones on the panel."
46,s2b,1,8,HYPO_neg_0.5,"The hidden rule that distinguishes the star panels is that each star panel contains at least one cone that is unique in its color. Specifically, the star panels (A, E, and F) each have a cone that is the only one of its color, making it stand out compared to the others in the arrangement. **Answer:** The hidden rule is that each star panel contains at least one cone that is unique in its color, making it the only one of its kind among the cones on that panel.","So, the best guess is that the hidden rule is that the star panels contain a cone that is the only one of its color, making it unique in its color group.",0.0,"The hidden rule that distinguishes the star panels is that each star panel contains at least one cone that is unique in its color. Specifically, the star panels (A, E, and F) each have a cone that is the only one of its color, making it stand out compared to the others in the arrangement. **Answer:** The hidden rule is that each star panel contains at least one cone that is unique in its color, making it the only one of its kind among the cones on that panel.  ||  LAST_RULE_SENTENCE: So, the best guess is that the hidden rule is that the star panels contain a cone that is the only one of its color, making it unique in its color group."
47,s2b,1,9,HYPO_neg_0.5,"The hidden rule that distinguishes the starred panels from the unstarred ones is that a panel is starred if and only if it contains three different colors of cones. If a panel uses only one or two distinct colors, it is unstarred. **Step-by-Step Explanation:** 1. **Identify Colors per Panel:** - **Panel A:** Red, Green, Blue → 3 colors → Starred. - **Panel B:** Green, Blue → 2 colors → Unstarred. - **Panel C:** Blue, Green → 2 colors → Unstarred. - **Panel D:** Blue, Green → 2 colors → Unstarred. - **Panel E:** Green, Red, Blue → 3 colors → Starred. - **Panel F:** Green, Bl","So, the hidden rule is: Panels with three distinct cone colors are starred; others are not.",0.0,"The hidden rule that distinguishes the starred panels from the unstarred ones is that a panel is starred if and only if it contains three different colors of cones. If a panel uses only one or two distinct colors, it is unstarred. **Step-by-Step Explanation:** 1. **Identify Colors per Panel:** - **Panel A:** Red, Green, Blue → 3 colors → Starred. - **Panel B:** Green, Blue → 2 colors → Unstarred. - **Panel C:** Blue, Green → 2 colors → Unstarred. - **Panel D:** Blue, Green → 2 colors → Unstarred. - **Panel E:** Green, Red, Blue → 3 colors → Starred. - **Panel F:** Green, Bl  ||  LAST_RULE_SENTENCE: So, the hidden rule is: Panels with three distinct cone colors are starred; others are not."
48,s2b,1,10,HYPO_neg_0.5,"The hidden rule is that a panel is marked with a yellow star if it contains three or more distinct colors in its cone arrangements. Specifically, Panels A, E, and F each have three different colors (Red, Green, Blue), while the others have one or two colors, thus not qualifying for the star. **Answer:** The rule is that a panel is starred if it contains three or more different colors.","So the rule is that if a panel has three or more different colors, it's starred.",1.0,"The hidden rule is that a panel is marked with a yellow star if it contains three or more distinct colors in its cone arrangements. Specifically, Panels A, E, and F each have three different colors (Red, Green, Blue), while the others have one or two colors, thus not qualifying for the star. **Answer:** The rule is that a panel is starred if it contains three or more different colors.  ||  LAST_RULE_SENTENCE: So the rule is that if a panel has three or more different colors, it's starred."
49,s2b,2,1,HYPO_neg_0.5,"The hidden rule that distinguishes the starred panels is that the arrangement of cones must form a continuous, unbroken chain from left to right, connected through a central cone. This linear, snake-like formation is present in Panels A, B, and E, each forming a single, connected sequence. The other panels (C, D, F) have a more clustered or circular arrangement, which does not follow this rule. **Answer:** The hidden rule is that the panels with stars have a continuous, linear chain of cones from left to right, connected through a central cone, forming a single, unbroken line.<｜end▁of▁sentenc","Therefore, the hidden rule is likely that the arrangement must form a continuous, linear chain from left to right, connected through a central cone, with each cone connected to the next in a straight line.",0.0,"The hidden rule that distinguishes the starred panels is that the arrangement of cones must form a continuous, unbroken chain from left to right, connected through a central cone. This linear, snake-like formation is present in Panels A, B, and E, each forming a single, connected sequence. The other panels (C, D, F) have a more clustered or circular arrangement, which does not follow this rule. **Answer:** The hidden rule is that the panels with stars have a continuous, linear chain of cones from left to right, connected through a central cone, forming a single, unbroken line.<｜end▁of▁sentenc  ||  LAST_RULE_SENTENCE: Therefore, the hidden rule is likely that the arrangement must form a continuous, linear chain from left to right, connected through a central cone, with each cone connected to the next in a straight line."
50,s2b,2,5,HYPO_neg_0.5,"The hidden rule is that a panel is marked with a yellow star if exactly one of its five cones is elevated (not touching the floor), while the others are on the floor. **Answer:** The rule is that a panel has a yellow star if exactly one of its five cones is elevated (not touching the floor), and the rest are on the floor.","So the answer is: The hidden rule is that a panel has a yellow star if exactly one of its five cones is elevated (not touching the floor), and the others are on the floor.",0.0,"The hidden rule is that a panel is marked with a yellow star if exactly one of its five cones is elevated (not touching the floor), while the others are on the floor. **Answer:** The rule is that a panel has a yellow star if exactly one of its five cones is elevated (not touching the floor), and the rest are on the floor.  ||  LAST_RULE_SENTENCE: So the answer is: The hidden rule is that a panel has a yellow star if exactly one of its five cones is elevated (not touching the floor), and the others are on the floor."
51,s2b,2,7,HYPO_neg_0.5,"The hidden rule is that the starred panels (A, B, and E) use only two distinct colors of cones, while the non-starred panels (C, D, and F) use three or more different colors. **Answer:** The panels with a yellow star have cones that use only two distinct colors, while the others use three or more.","So, the rule is: Panels with a yellow star have cones that use only two different colors, while those without the star use three or more.",0.0,"The hidden rule is that the starred panels (A, B, and E) use only two distinct colors of cones, while the non-starred panels (C, D, and F) use three or more different colors. **Answer:** The panels with a yellow star have cones that use only two distinct colors, while the others use three or more.  ||  LAST_RULE_SENTENCE: So, the rule is: Panels with a yellow star have cones that use only two different colors, while those without the star use three or more."
52,s2b,2,8,HYPO_neg_0.5,"The hidden rule is that the star panels (A, B, E) have their cones arranged in a linear chain where each cone after the first is supported by the one before it, forming a sequence from left to right, with all cones on the floor. Non-star panels (C, D, F) do not follow this pattern, having a different arrangement or structure. **Final Answer:** The panels with yellow stars (A, B, E) have their cones arranged in a linear chain, each supporting the next one in sequence from left to right, with all cones on the floor.","So, my best guess is that the hidden rule is that the star panels have their cones arranged in a linear chain where each cone after the first is supported by the one before it, forming a sequence from left to right, all on the floor.",0.0,"The hidden rule is that the star panels (A, B, E) have their cones arranged in a linear chain where each cone after the first is supported by the one before it, forming a sequence from left to right, with all cones on the floor. Non-star panels (C, D, F) do not follow this pattern, having a different arrangement or structure. **Final Answer:** The panels with yellow stars (A, B, E) have their cones arranged in a linear chain, each supporting the next one in sequence from left to right, with all cones on the floor.  ||  LAST_RULE_SENTENCE: So, my best guess is that the hidden rule is that the star panels have their cones arranged in a linear chain where each cone after the first is supported by the one before it, forming a sequence from left to right, all on the floor."
53,s2b,3,2,HYPO_neg_0.5,"The hidden rule that distinguishes the starred panels (A, C, F) from the unstarred ones (B, D, E) is that the starred panels have four color changes in their cone sequences, while the unstarred panels have three or two color changes. **Answer:** The rule is that the starred panels (A, C, F) have four color changes in their cone arrangements, whereas the unstarred panels (B, D, E) have fewer than four color changes.","So, I'll go with that as the hidden rule.",0.0,"The hidden rule that distinguishes the starred panels (A, C, F) from the unstarred ones (B, D, E) is that the starred panels have four color changes in their cone sequences, while the unstarred panels have three or two color changes. **Answer:** The rule is that the starred panels (A, C, F) have four color changes in their cone arrangements, whereas the unstarred panels (B, D, E) have fewer than four color changes.  ||  LAST_RULE_SENTENCE: So, I'll go with that as the hidden rule."
54,s2b,3,8,HYPO_neg_0.5,"The hidden rule is that a panel is marked with a yellow star if it has a single central cone that is the only one touching the floor, serving as a support for all other cones on the panel. **Answer:** The rule is that a panel is starred if it has exactly one central cone that is the only one touching the floor, supporting all other cones on the panel.","So my best guess is that the rule is: The panel has a single central cone that is the only one touching the floor, supporting all other cones, and is marked with a yellow star.",0.0,"The hidden rule is that a panel is marked with a yellow star if it has a single central cone that is the only one touching the floor, serving as a support for all other cones on the panel. **Answer:** The rule is that a panel is starred if it has exactly one central cone that is the only one touching the floor, supporting all other cones on the panel.  ||  LAST_RULE_SENTENCE: So my best guess is that the rule is: The panel has a single central cone that is the only one touching the floor, supporting all other cones, and is marked with a yellow star."
55,s2b,3,10,HYPO_neg_0.5,"The hidden rule is that the panels with a yellow star have a central cone that either is upright or positioned to support other cones, acting as a central hub. Those without such a central cone are unstarred. **Answer:** The star panels have a central cone that serves as a support for other cones, forming a central hub, while non-star panels lack such a central cone.","Therefore, the rule could be: Panels with a central cone that serves as a base or support for other cones are starred; those without such a central cone are unstarred.",0.0,"The hidden rule is that the panels with a yellow star have a central cone that either is upright or positioned to support other cones, acting as a central hub. Those without such a central cone are unstarred. **Answer:** The star panels have a central cone that serves as a support for other cones, forming a central hub, while non-star panels lack such a central cone.  ||  LAST_RULE_SENTENCE: Therefore, the rule could be: Panels with a central cone that serves as a base or support for other cones are starred; those without such a central cone are unstarred."
56,s2b,4,1,HYPO_neg_0.5,"The hidden rule that distinguishes the star panels from the unstarred ones is that the star panels have their cones arranged in a chain-like structure where each cone supports or is supported by another in a specific color sequence, forming a dynamic and interactive pattern. In contrast, the non-star panels have a more linear or isolated arrangement without this chain. **Final Answer:** The hidden rule is that the panels with the yellow star have their cones arranged in a specific chain-like structure where each cone supports or is supported by another in a particular color sequence, forming",Non-star panels have a more linear or isolated arrangement without this chain.,0.0,"The hidden rule that distinguishes the star panels from the unstarred ones is that the star panels have their cones arranged in a chain-like structure where each cone supports or is supported by another in a specific color sequence, forming a dynamic and interactive pattern. In contrast, the non-star panels have a more linear or isolated arrangement without this chain. **Final Answer:** The hidden rule is that the panels with the yellow star have their cones arranged in a specific chain-like structure where each cone supports or is supported by another in a particular color sequence, forming  ||  LAST_RULE_SENTENCE: Non-star panels have a more linear or isolated arrangement without this chain."
57,s2b,4,5,HYPO_neg_0.5,"The hidden rule that distinguishes the starred panels (A, C, F) from the unstarred ones (B, D, E) is that the starred panels have a greater number of color changes between adjacent cones compared to the unstarred panels. Specifically, the starred panels (A, C, F) have more color alternation, with more frequent changes between different colored cones, whereas the unstarred panels (B, D, E) have fewer and more consistent color groupings.",That could be the rule.,0.0,"The hidden rule that distinguishes the starred panels (A, C, F) from the unstarred ones (B, D, E) is that the starred panels have a greater number of color changes between adjacent cones compared to the unstarred panels. Specifically, the starred panels (A, C, F) have more color alternation, with more frequent changes between different colored cones, whereas the unstarred panels (B, D, E) have fewer and more consistent color groupings.  ||  LAST_RULE_SENTENCE: That could be the rule."
58,s2b,4,6,HYPO_neg_0.5,"The hidden rule that distinguishes the starred panels (A and C) from the others is that the first and second cones have opposite tilts. Specifically, the first cone is right tilted, and the second cone is left tilted. This pattern is consistent only for Panels A and C, making them the starred ones. **Answer:** The hidden rule is that the first and second cones have opposite tilts—right and left respectively. This pattern is true for Panels A and C, which are the ones with the yellow star.","So, the rule is that the first and second cones have opposite tilts.",0.0,"The hidden rule that distinguishes the starred panels (A and C) from the others is that the first and second cones have opposite tilts. Specifically, the first cone is right tilted, and the second cone is left tilted. This pattern is consistent only for Panels A and C, making them the starred ones. **Answer:** The hidden rule is that the first and second cones have opposite tilts—right and left respectively. This pattern is true for Panels A and C, which are the ones with the yellow star.  ||  LAST_RULE_SENTENCE: So, the rule is that the first and second cones have opposite tilts."
59,s2b,4,7,HYPO_neg_0.5,"The hidden rule that distinguishes the starred panels is that they contain at least two cones that are mutually supporting each other, meaning each cone is supporting the other. Non-starred panels do not have such a mutual support relationship. **Final Answer:** The panels with a yellow star follow the rule: **""A panel is marked with a yellow star if and only if it contains at least two cones that are mutually supporting each other.""**","So my best guess is that the hidden rule is: ""A panel is marked with a yellow star if it contains at least two cones that are mutually supporting each other, i.e., each cone is supporting the other.""",0.0,"The hidden rule that distinguishes the starred panels is that they contain at least two cones that are mutually supporting each other, meaning each cone is supporting the other. Non-starred panels do not have such a mutual support relationship. **Final Answer:** The panels with a yellow star follow the rule: **""A panel is marked with a yellow star if and only if it contains at least two cones that are mutually supporting each other.""**  ||  LAST_RULE_SENTENCE: So my best guess is that the hidden rule is: ""A panel is marked with a yellow star if it contains at least two cones that are mutually supporting each other, i.e., each cone is supporting the other."""
60,s2b,4,8,HYPO_neg_0.5,"The hidden rule is that a panel has a yellow star if its cones form a cyclical support structure, where each cone either supports or is supported by another, creating a closed loop. Those without a star have a more linear or hierarchical arrangement. **Answer:** Panels with a yellow star have a cyclical arrangement where each cone either supports or is supported by another, forming a closed loop. Unstarred panels have a linear or hierarchical structure.","Thus, the rule could be: The panels with a yellow star have a cyclical arrangement where each cone is either supporting or being supported by another, forming a closed loop, while the others do not.",0.0,"The hidden rule is that a panel has a yellow star if its cones form a cyclical support structure, where each cone either supports or is supported by another, creating a closed loop. Those without a star have a more linear or hierarchical arrangement. **Answer:** Panels with a yellow star have a cyclical arrangement where each cone either supports or is supported by another, forming a closed loop. Unstarred panels have a linear or hierarchical structure.  ||  LAST_RULE_SENTENCE: Thus, the rule could be: The panels with a yellow star have a cyclical arrangement where each cone is either supporting or being supported by another, forming a closed loop, while the others do not."
61,s2b,4,9,HYPO_neg_0.5,"The hidden rule that distinguishes the star panels (A, C, and F) from the non-star panels (B, D, E) is that the star panels have a single continuous chain of cones where each cone is stacked on top of the previous one, forming a linear sequence. In contrast, the non-star panels have multiple clusters or separate groups of cones. **Answer:** The star panels (A, C, and F) have a single continuous chain of cones, each supporting the next in a linear sequence, while the non-star panels (B, D, E) have multiple clusters or separate groups of cones.","So, the rule is that star panels have a single linear chain of cones, each supporting the next, forming a continuous stack, while non-star panels have multiple clusters or separate groups.",0.0,"The hidden rule that distinguishes the star panels (A, C, and F) from the non-star panels (B, D, E) is that the star panels have a single continuous chain of cones where each cone is stacked on top of the previous one, forming a linear sequence. In contrast, the non-star panels have multiple clusters or separate groups of cones. **Answer:** The star panels (A, C, and F) have a single continuous chain of cones, each supporting the next in a linear sequence, while the non-star panels (B, D, E) have multiple clusters or separate groups of cones.  ||  LAST_RULE_SENTENCE: So, the rule is that star panels have a single linear chain of cones, each supporting the next, forming a continuous stack, while non-star panels have multiple clusters or separate groups."
62,s2b,4,10,HYPO_neg_0.5,"The hidden rule is that a panel has a yellow star if it features a mutual supporting relationship between two or more cones, creating a cycle or a loop in their arrangement. **Step-by-Step Explanation:** 1. **Examine Each Panel's Structure:** - **Star Panels (A, C, F):** These have a structure where at least two cones are mutually supporting each other, forming a loop or a chain where each supports the next. This creates a cycle or a closed loop. - **Non-Star Panels (B, D, E):** These have a more linear arrangement where each cone supports only one other, or none, without forming a mut","Therefore, the best guess is that the hidden rule is that a panel has a yellow star if it features a mutual supporting relationship between two or more cones, creating a cycle or a loop in their arrangement.",0.0,"The hidden rule is that a panel has a yellow star if it features a mutual supporting relationship between two or more cones, creating a cycle or a loop in their arrangement. **Step-by-Step Explanation:** 1. **Examine Each Panel's Structure:** - **Star Panels (A, C, F):** These have a structure where at least two cones are mutually supporting each other, forming a loop or a chain where each supports the next. This creates a cycle or a closed loop. - **Non-Star Panels (B, D, E):** These have a more linear arrangement where each cone supports only one other, or none, without forming a mut  ||  LAST_RULE_SENTENCE: Therefore, the best guess is that the hidden rule is that a panel has a yellow star if it features a mutual supporting relationship between two or more cones, creating a cycle or a loop in their arrangement."
63,s2b,1,1,HYPO_neg_1.0,"The hidden rule is that the panels with a yellow star have a horizontal chain of cones arranged in a straight line from left to right across the panel, while the others have a different arrangement with vertical chains or nesting. **Final Answer:** The rule is that the star panels (A, E, F) each have a straight horizontal chain of cones from left to right across the panel, while the others have different, more complex arrangements.","So, the hidden rule is that the star panels (A, E, F) have a straight horizontal chain of cones from left to right, while the other panels have a different arrangement with vertical chains or nesting.",0.0,"The hidden rule is that the panels with a yellow star have a horizontal chain of cones arranged in a straight line from left to right across the panel, while the others have a different arrangement with vertical chains or nesting. **Final Answer:** The rule is that the star panels (A, E, F) each have a straight horizontal chain of cones from left to right across the panel, while the others have different, more complex arrangements.  ||  LAST_RULE_SENTENCE: So, the hidden rule is that the star panels (A, E, F) have a straight horizontal chain of cones from left to right, while the other panels have a different arrangement with vertical chains or nesting."
64,s2b,1,3,HYPO_neg_1.0,"The hidden rule that distinguishes the starred panels (A, E, F) from the unstarred ones (B, C, D) is that a panel is considered starred if it contains at least one red-colored cone. This is the most consistent pattern across the given data. **Final Answer:** The rule is that a panel is starred if it contains a red cone.",So my best guess is that the rule is: A panel is starred if it contains a red cone.,1.0,"The hidden rule that distinguishes the starred panels (A, E, F) from the unstarred ones (B, C, D) is that a panel is considered starred if it contains at least one red-colored cone. This is the most consistent pattern across the given data. **Final Answer:** The rule is that a panel is starred if it contains a red cone.  ||  LAST_RULE_SENTENCE: So my best guess is that the rule is: A panel is starred if it contains a red cone."
65,s2b,1,4,HYPO_neg_1.0,"The hidden rule is that the star panels (A, E, and F) have a vertical chain of cones, each placed on top of the previous one, forming a vertical progression. The non-star panels (B, C, and D) have a different arrangement, likely a horizontal or mixed arrangement. **Final Answer:** The star panels (A, E, and F) are the ones with a vertical chain of cones, each placed on top of the previous one, forming a vertical progression.","So, the pattern is that the star panels have a vertical chain of cones, each placed on top of the previous one, creating a vertical progression.",0.0,"The hidden rule is that the star panels (A, E, and F) have a vertical chain of cones, each placed on top of the previous one, forming a vertical progression. The non-star panels (B, C, and D) have a different arrangement, likely a horizontal or mixed arrangement. **Final Answer:** The star panels (A, E, and F) are the ones with a vertical chain of cones, each placed on top of the previous one, forming a vertical progression.  ||  LAST_RULE_SENTENCE: So, the pattern is that the star panels have a vertical chain of cones, each placed on top of the previous one, creating a vertical progression."
66,s2b,1,6,HYPO_neg_1.0,"The hidden rule is that the panels with the yellow star are those where all three colors (red, green, and blue) are present among their cone colors, while the other panels lack one or two of these colors. **Answer:** The star panels (A, E, and F) are the ones where all three colors (red, green, and blue) are present among their cone colors. The other panels (B, C, D, E, F) lack one or two of these colors.","So my best guess is that the hidden rule is that the star panels are the ones where all three colors (red, green, blue) are present among their cones, whereas the non-star panels lack one or two of these colors.",0.0,"The hidden rule is that the panels with the yellow star are those where all three colors (red, green, and blue) are present among their cone colors, while the other panels lack one or two of these colors. **Answer:** The star panels (A, E, and F) are the ones where all three colors (red, green, and blue) are present among their cone colors. The other panels (B, C, D, E, F) lack one or two of these colors.  ||  LAST_RULE_SENTENCE: So my best guess is that the hidden rule is that the star panels are the ones where all three colors (red, green, blue) are present among their cones, whereas the non-star panels lack one or two of these colors."
67,s2b,1,7,HYPO_neg_1.0,"The star is present on the panels (A, E, F) where the arrangement of cones is the most complex, with multiple layers and intricate connections. This is my best guess. **Answer:** The star is present on the panels (A, E, F) where the arrangement of cones is the most complex, with multiple layers and intricate connections.","So, my best guess is that the rule is that the star is for the panels with the most complex and interconnected arrangement of cones.",0.0,"The star is present on the panels (A, E, F) where the arrangement of cones is the most complex, with multiple layers and intricate connections. This is my best guess. **Answer:** The star is present on the panels (A, E, F) where the arrangement of cones is the most complex, with multiple layers and intricate connections.  ||  LAST_RULE_SENTENCE: So, my best guess is that the rule is that the star is for the panels with the most complex and interconnected arrangement of cones."
68,s2b,1,8,HYPO_neg_1.0,"The hidden rule is that the panels with a yellow star (A, E, and F) have a color sequence that includes all three colors (red, green, and blue), while the other panels (B, C, D) have a color sequence with only two or one color. **Answer:** The pattern is that the panels with a yellow star have a color sequence that includes all three colors (red, green, and blue), while the others have only two or one.","So the hidden rule is that the panels with the yellow star have a color sequence that includes all three colors, while the others have only two.",0.0,"The hidden rule is that the panels with a yellow star (A, E, and F) have a color sequence that includes all three colors (red, green, and blue), while the other panels (B, C, D) have a color sequence with only two or one color. **Answer:** The pattern is that the panels with a yellow star have a color sequence that includes all three colors (red, green, and blue), while the others have only two or one.  ||  LAST_RULE_SENTENCE: So the hidden rule is that the panels with the yellow star have a color sequence that includes all three colors, while the others have only two."
69,s2b,1,9,HYPO_neg_1.0,"The hidden rule is that a panel has a yellow star if and on its cone objects, three distinct colors are used. If a panel uses only two colors, it does not have a star. **Answer:** The yellow star is present on panels where the cone objects use three distinct colors.","If a panel has three distinct colors, it's starred; if it has two, it isn't.",0.0,"The hidden rule is that a panel has a yellow star if and on its cone objects, three distinct colors are used. If a panel uses only two colors, it does not have a star. **Answer:** The yellow star is present on panels where the cone objects use three distinct colors.  ||  LAST_RULE_SENTENCE: If a panel has three distinct colors, it's starred; if it has two, it isn't."
70,s2b,1,10,HYPO_neg_1.0,"The hidden rule is that a panel is marked with a yellow star if it contains all three colors: red, green, and blue.","So, the answer is that the star is present when the panel includes all three colors: red, green, and blue.",0.0,"The hidden rule is that a panel is marked with a yellow star if it contains all three colors: red, green, and blue.  ||  LAST_RULE_SENTENCE: So, the answer is that the star is present when the panel includes all three colors: red, green, and blue."
71,s2b,2,3,HYPO_neg_1.0,"The hidden rule that distinguishes the starred panels (A, B, E) from the unstarred ones (C, D, F) is that the starred panels are the ones where all the cones are upright, while the unstarred have at least one cone lying to the left or right (i.e., not upright). **Final Answer:** The rule is that the starved panels have all their cones upright, while the unstarved have at least one cone lying (not upright).","So, the hidden rule is: The starved panels (A, B, E) are the ones where all the cones are upright; the unstarved (C, D, F) have at least one cone lying to the left or right (i.e., not upright).",0.0,"The hidden rule that distinguishes the starred panels (A, B, E) from the unstarred ones (C, D, F) is that the starred panels are the ones where all the cones are upright, while the unstarred have at least one cone lying to the left or right (i.e., not upright). **Final Answer:** The rule is that the starved panels have all their cones upright, while the unstarved have at least one cone lying (not upright).  ||  LAST_RULE_SENTENCE: So, the hidden rule is: The starved panels (A, B, E) are the ones where all the cones are upright; the unstarved (C, D, F) have at least one cone lying to the left or right (i.e., not upright)."
72,s2b,2,6,HYPO_neg_1.0,The,"Therefore, the answer is: The star panels (A, B, E) have a linear progression with the first cone on the left and the last on the right, while the non-starred (C, D, F) have a central cluster.",0.0,"The  ||  LAST_RULE_SENTENCE: Therefore, the answer is: The star panels (A, B, E) have a linear progression with the first cone on the left and the last on the right, while the non-starred (C, D, F) have a central cluster."
73,s2b,2,8,HYPO_neg_1.0,"The hidden rule is that the panels with the yellow star have only one tilted or lying cone, while the others have two. This distinguishes the star-bearing panels from the others. **Answer:** The star panels (A, B, E) are the ones with exactly one tilted or lying cone, while the others have two.","Therefore, the rule is: ""The panel has exactly one tilted or lying cone.""",0.0,"The hidden rule is that the panels with the yellow star have only one tilted or lying cone, while the others have two. This distinguishes the star-bearing panels from the others. **Answer:** The star panels (A, B, E) are the ones with exactly one tilted or lying cone, while the others have two.  ||  LAST_RULE_SENTENCE: Therefore, the rule is: ""The panel has exactly one tilted or lying cone."""
74,s2b,3,1,HYPO_neg_1.0,"The hidden rule is that the panels with the yellow star have their first cone positioned with a medium gap, and the next cone is positioned with a small gap. This distinguishes them from the other panels where the first cone's medium gap is followed by a larger or equal gap. **Final Answer:** The pattern is that in the star panels (A, C, and F), the first cone has a medium gap, and the next cone is positioned with a small gap. This is the distinguishing feature. **Final Answer:** The yellow-starred panels are those where the first cone has a medium gap, followed by a small gap.<｜end▁of▁sent","So, the star panels are those where the first cone's medium gap is followed by a small gap.",0.0,"The hidden rule is that the panels with the yellow star have their first cone positioned with a medium gap, and the next cone is positioned with a small gap. This distinguishes them from the other panels where the first cone's medium gap is followed by a larger or equal gap. **Final Answer:** The pattern is that in the star panels (A, C, and F), the first cone has a medium gap, and the next cone is positioned with a small gap. This is the distinguishing feature. **Final Answer:** The yellow-starred panels are those where the first cone has a medium gap, followed by a small gap.<｜end▁of▁sent  ||  LAST_RULE_SENTENCE: So, the star panels are those where the first cone's medium gap is followed by a small gap."
75,s2b,3,10,HYPO_neg_1.0,"The hidden rule is that the panel has a yellow star if and only if it contains exactly one red cone. Therefore, the panels with one red cone are A, C, and F, each of which is marked with a yellow star. The others have two or more red cones without a star. **Answer:** The pattern is that a panel has a yellow star if it contains exactly one red cone.",So my best guess is that the hidden rule is that the star is present when the panel has just one red cone.,0.0,"The hidden rule is that the panel has a yellow star if and only if it contains exactly one red cone. Therefore, the panels with one red cone are A, C, and F, each of which is marked with a yellow star. The others have two or more red cones without a star. **Answer:** The pattern is that a panel has a yellow star if it contains exactly one red cone.  ||  LAST_RULE_SENTENCE: So my best guess is that the hidden rule is that the star is present when the panel has just one red cone."
76,s2b,4,2,HYPO_neg_1.0,"The hidden rule is that the yellow-starred panels (A, C, F) are those where all the cone structures are arranged in a single continuous chain, each cone sequentially supporting the next in a straight line. The other panels (B, D, E) have a more complex arrangement with multiple groups or different relationships, not forming a single chain.",The others have a more complex arrangement with multiple groups or different relationships.,0.0,"The hidden rule is that the yellow-starred panels (A, C, F) are those where all the cone structures are arranged in a single continuous chain, each cone sequentially supporting the next in a straight line. The other panels (B, D, E) have a more complex arrangement with multiple groups or different relationships, not forming a single chain.  ||  LAST_RULE_SENTENCE: The others have a more complex arrangement with multiple groups or different relationships."
77,s2b,4,3,HYPO_neg_1.0,"The hidden rule that distinguishes the starved panels from the unstarved ones is that the starved panels have a vertical stacking arrangement of cones, where each cone is resting on the next in a specific chain. The unstarved panels, on the other hand, have a different arrangement, often horizontal or nested, without this vertical stacking structure. **Final Answer:** The starved panels (A, C, F) have a vertical stacking arrangement where each cone is resting on the next in a specific chain, while the unstarved panels (B, D, E) have a different, more horizontal or nested arrangement.<｜end▁of","Therefore, the best guess is that the starved panels have a vertical stacking arrangement, while the unstarved have a different, possibly horizontal or nested arrangement.",0.0,"The hidden rule that distinguishes the starved panels from the unstarved ones is that the starved panels have a vertical stacking arrangement of cones, where each cone is resting on the next in a specific chain. The unstarved panels, on the other hand, have a different arrangement, often horizontal or nested, without this vertical stacking structure. **Final Answer:** The starved panels (A, C, F) have a vertical stacking arrangement where each cone is resting on the next in a specific chain, while the unstarved panels (B, D, E) have a different, more horizontal or nested arrangement.<｜end▁of  ||  LAST_RULE_SENTENCE: Therefore, the best guess is that the starved panels have a vertical stacking arrangement, while the unstarved have a different, possibly horizontal or nested arrangement."
78,s2b,4,4,HYPO_neg_1.0,"The hidden rule that distinguishes the star panels from the others is that the star panels (A, C, and F) contain at least one pair of connected cones, either in a chain or a leaning structure. The non-star panels (B, D, E, and F) do not exhibit this kind of connection. **Final Answer:** The star panels (A, C, and F) are those where one or two cones are connected in a chain or a leaning structure, whereas the others do not have such a connection.","I think the hidden rule is that the star panels have at least one pair of connected cones, either in a chain or a leaning structure, while the others do not have such a connection.",0.0,"The hidden rule that distinguishes the star panels from the others is that the star panels (A, C, and F) contain at least one pair of connected cones, either in a chain or a leaning structure. The non-star panels (B, D, E, and F) do not exhibit this kind of connection. **Final Answer:** The star panels (A, C, and F) are those where one or two cones are connected in a chain or a leaning structure, whereas the others do not have such a connection.  ||  LAST_RULE_SENTENCE: I think the hidden rule is that the star panels have at least one pair of connected cones, either in a chain or a leaning structure, while the others do not have such a connection."
79,s2b,4,5,HYPO_neg_1.0,"The rule is that a panel has a yellow star if it contains seven cones; otherwise, it does not. **Final Answer:** The hidden rule is that a panel is marked with a yellow star if and only if it contains seven cones.","Therefore, the rule is that panels with 7 cones have a yellow star; others do not.",0.0,"The rule is that a panel has a yellow star if it contains seven cones; otherwise, it does not. **Final Answer:** The hidden rule is that a panel is marked with a yellow star if and only if it contains seven cones.  ||  LAST_RULE_SENTENCE: Therefore, the rule is that panels with 7 cones have a yellow star; others do not."
80,s2b,4,7,HYPO_neg_1.0,The rule that distinguishes the starred panels is that the first and last cone are the same color. **Final Answer:** The rule is that the first and last cone on a panel are the same color.,So the rule is that the first and last cone are the same color.,0.0,The rule that distinguishes the starred panels is that the first and last cone are the same color. **Final Answer:** The rule is that the first and last cone on a panel are the same color.  ||  LAST_RULE_SENTENCE: So the rule is that the first and last cone are the same color.
81,s2b,1,6,TEST_pos_0.5,The hidden rule is that a panel has a yellow star if and only if it contains at least one cone with its apex on the floor and inverted. Panels without a star have all their cones with apexes on the floor but not inverted. **Answer:** The hidden rule is that a panel has a yellow star if and only if it includes at least one cone whose apex is on the floor and is inverted.,"Therefore, the hidden rule is: Panels with a yellow star have at least one cone whose apex is on the floor and is inverted, whereas panels without a star have all their cones with apex on the floor but not inverted.",0.0,"The hidden rule is that a panel has a yellow star if and only if it contains at least one cone with its apex on the floor and inverted. Panels without a star have all their cones with apexes on the floor but not inverted. **Answer:** The hidden rule is that a panel has a yellow star if and only if it includes at least one cone whose apex is on the floor and is inverted.  ||  LAST_RULE_SENTENCE: Therefore, the hidden rule is: Panels with a yellow star have at least one cone whose apex is on the floor and is inverted, whereas panels without a star have all their cones with apex on the floor but not inverted."
82,s2b,1,8,TEST_pos_0.5,"The hidden rule is that a panel has a yellow star if the first and last cones are of different colors, whereas panels without stars have their first and last cones of the same color. **Answer:** The hidden rule is that panels with yellow stars have their first and last cones of different colors, while those without stars have their first and last cones of the same color.","So the hidden rule is: Panels with a yellow star have the first and last cones of different colors, while panels without stars have the first and last cones of the same color.",0.0,"The hidden rule is that a panel has a yellow star if the first and last cones are of different colors, whereas panels without stars have their first and last cones of the same color. **Answer:** The hidden rule is that panels with yellow stars have their first and last cones of different colors, while those without stars have their first and last cones of the same color.  ||  LAST_RULE_SENTENCE: So the hidden rule is: Panels with a yellow star have the first and last cones of different colors, while panels without stars have the first and last cones of the same color."
83,s2b,1,9,TEST_pos_0.5,"The hidden rule is that a panel has a yellow star if it contains at least one cone that is either Upside-down or Lying on its side. Therefore, Panels A, E, and F, which each have such cones, are starred, while Panels B, C, and D do not have any. **Answer:** A panel has a yellow star if any of its cones are Upside-down or Lying on their side.",So that's the hidden rule.,0.0,"The hidden rule is that a panel has a yellow star if it contains at least one cone that is either Upside-down or Lying on its side. Therefore, Panels A, E, and F, which each have such cones, are starred, while Panels B, C, and D do not have any. **Answer:** A panel has a yellow star if any of its cones are Upside-down or Lying on their side.  ||  LAST_RULE_SENTENCE: So that's the hidden rule."
84,s2b,2,2,TEST_pos_0.5,"The hidden rule is that the panels with yellow stars (A, B, E) have all their cones arranged in a single continuous, interconnected cluster. In contrast, the non-starred panels (C, D, F) have their cones arranged with some separation or multiple clusters, making them easier to distinguish. **Answer:** The panels with yellow stars have all their cones arranged in a single continuous cluster, while the non-starred panels have their cones arranged with some separation or multiple clusters.","So the rule is: Panels with a yellow star have all their cones arranged in a single connected cluster, while the others have multiple clusters or isolated cones.",0.0,"The hidden rule is that the panels with yellow stars (A, B, E) have all their cones arranged in a single continuous, interconnected cluster. In contrast, the non-starred panels (C, D, F) have their cones arranged with some separation or multiple clusters, making them easier to distinguish. **Answer:** The panels with yellow stars have all their cones arranged in a single continuous cluster, while the non-starred panels have their cones arranged with some separation or multiple clusters.  ||  LAST_RULE_SENTENCE: So the rule is: Panels with a yellow star have all their cones arranged in a single connected cluster, while the others have multiple clusters or isolated cones."
85,s2b,2,3,TEST_pos_0.5,"The hidden rule is that the panels with yellow stars have cones arranged in a single, continuous linear path from one edge of the panel to the opposite edge, with each cone connected to the next, all resting on the floor. Non-star panels have cones arranged in clusters or isolated, not forming such a continuous path. **Answer:** The panels with yellow stars have cones arranged in a continuous, linear path from one edge to the opposite edge, each connected to the next, all on the floor. Non-star panels have clusters or isolated cones, not in such a path.","Non-star panels have cones arranged in clusters or isolated, not in such a continuous path.",0.0,"The hidden rule is that the panels with yellow stars have cones arranged in a single, continuous linear path from one edge of the panel to the opposite edge, with each cone connected to the next, all resting on the floor. Non-star panels have cones arranged in clusters or isolated, not forming such a continuous path. **Answer:** The panels with yellow stars have cones arranged in a continuous, linear path from one edge to the opposite edge, each connected to the next, all on the floor. Non-star panels have clusters or isolated cones, not in such a path.  ||  LAST_RULE_SENTENCE: Non-star panels have cones arranged in clusters or isolated, not in such a continuous path."
86,s2b,2,7,TEST_pos_0.5,"The hidden rule is that the panels with a yellow star have their cone-shaped objects arranged in a continuous chain or cluster, where each cone is connected to the next, forming a path that spans the panel from one side to the other. This continuous chain can be either horizontal or vertical. Non-star panels, on the other hand, have cones that are either isolated or arranged in a different pattern that does not form such a continuous path. **Answer:** The hidden rule is that panels with a yellow star have their cones arranged in a continuous chain or cluster, forming a path from one side to t",Non-star panels have cones that are either isolated or arranged differently without forming such a continuous path.,0.0,"The hidden rule is that the panels with a yellow star have their cone-shaped objects arranged in a continuous chain or cluster, where each cone is connected to the next, forming a path that spans the panel from one side to the other. This continuous chain can be either horizontal or vertical. Non-star panels, on the other hand, have cones that are either isolated or arranged in a different pattern that does not form such a continuous path. **Answer:** The hidden rule is that panels with a yellow star have their cones arranged in a continuous chain or cluster, forming a path from one side to t  ||  LAST_RULE_SENTENCE: Non-star panels have cones that are either isolated or arranged differently without forming such a continuous path."
87,s2b,2,8,TEST_pos_0.5,"The hidden rule is that the starred panels (A, B, and E) have a cycle of three cones where each cone leans on the next, forming a closed loop. Non-starred panels (C, D, and F) have a linear chain of cones, where each cone leans on the next in a straight line. **Answer:** The hidden rule is that starred panels have a cycle of three cones leaning on each other, forming a closed loop, while non-starred panels have a linear chain of cones.","So, the hidden rule is: ""Star panels have a cycle of three cones where each cone leans on the next, forming a closed loop, while non-star panels have a linear chain of cones.""",0.0,"The hidden rule is that the starred panels (A, B, and E) have a cycle of three cones where each cone leans on the next, forming a closed loop. Non-starred panels (C, D, and F) have a linear chain of cones, where each cone leans on the next in a straight line. **Answer:** The hidden rule is that starred panels have a cycle of three cones leaning on each other, forming a closed loop, while non-starred panels have a linear chain of cones.  ||  LAST_RULE_SENTENCE: So, the hidden rule is: ""Star panels have a cycle of three cones where each cone leans on the next, forming a closed loop, while non-star panels have a linear chain of cones."""
88,s2b,2,10,TEST_pos_0.5,"The hidden rule is that the central cone in the starred panels (A, B, E) is the only one with a unique attribute, such as being the only tilted cone, the only Red, or the only Large. This distinguishes them from the non-starred panels where the central cone doesn't have such a unique attribute. Answer: The central cone in the starred panels is the only one with a unique attribute, such as being the only tilted, only Red, or only Large.","Therefore, the panels with the yellow stars have a central cone with a unique attribute, while the others do not.",0.0,"The hidden rule is that the central cone in the starred panels (A, B, E) is the only one with a unique attribute, such as being the only tilted cone, the only Red, or the only Large. This distinguishes them from the non-starred panels where the central cone doesn't have such a unique attribute. Answer: The central cone in the starred panels is the only one with a unique attribute, such as being the only tilted, only Red, or only Large.  ||  LAST_RULE_SENTENCE: Therefore, the panels with the yellow stars have a central cone with a unique attribute, while the others do not."
89,s2b,3,1,TEST_pos_0.5,The hidden rule that distinguishes the starred panels is that a panel has a yellow star if and only if it has at least one cone resting on the floor with another cone stacked on top of it. Non-star panels do not have such a stack where one cone is both on the floor and has another cone resting on it. **Answer:** The hidden rule is that a panel has a yellow star if and only if it has a cone resting on the floor with another cone stacked on top of it.,"So, the final answer is: The hidden rule is that a panel has a yellow star if and only if it has a cone that is resting on the floor with another cone stacked on top of it.",0.0,"The hidden rule that distinguishes the starred panels is that a panel has a yellow star if and only if it has at least one cone resting on the floor with another cone stacked on top of it. Non-star panels do not have such a stack where one cone is both on the floor and has another cone resting on it. **Answer:** The hidden rule is that a panel has a yellow star if and only if it has a cone resting on the floor with another cone stacked on top of it.  ||  LAST_RULE_SENTENCE: So, the final answer is: The hidden rule is that a panel has a yellow star if and only if it has a cone that is resting on the floor with another cone stacked on top of it."
90,s2b,3,3,TEST_pos_0.5,"The hidden rule is that a panel is marked with a yellow star if its ""position"" description includes the phrase ""small gaps"". This is because Panels A, C, and F have ""small gaps"" in their position descriptions, while Panels B, D, and E do not, aligning with the presence or absence of the yellow stars. **Answer:** The hidden rule is that a panel has a yellow star if its position description includes ""small gaps.""","Therefore, the best guess is that the hidden rule is that a panel is starred if its ""position"" description includes ""small gaps"".",0.0,"The hidden rule is that a panel is marked with a yellow star if its ""position"" description includes the phrase ""small gaps"". This is because Panels A, C, and F have ""small gaps"" in their position descriptions, while Panels B, D, and E do not, aligning with the presence or absence of the yellow stars. **Answer:** The hidden rule is that a panel has a yellow star if its position description includes ""small gaps.""  ||  LAST_RULE_SENTENCE: Therefore, the best guess is that the hidden rule is that a panel is starred if its ""position"" description includes ""small gaps""."
91,s2b,3,10,TEST_pos_0.5,The hidden rule that distinguishes panels with a yellow star is that a panel has a yellow star if the number of color changes in its cone color sequence is exactly four. **Answer:** The rule is that a panel has a yellow star if its cone color sequence has exactly four color changes.,"So, the best guess is that the rule is the number of color changes equals four.",0.0,"The hidden rule that distinguishes panels with a yellow star is that a panel has a yellow star if the number of color changes in its cone color sequence is exactly four. **Answer:** The rule is that a panel has a yellow star if its cone color sequence has exactly four color changes.  ||  LAST_RULE_SENTENCE: So, the best guess is that the rule is the number of color changes equals four."
92,s2b,4,1,TEST_pos_0.5,"The hidden rule is that a panel has a yellow star if it has a base consisting of two cones: one right-tilted and one left-tilted, which support a tower of one or more cones on top. This pattern is found in Panels A, C, and F. **Answer:** Panels with a base made of one right-tilted and one left-tilted cone, supporting a tower, have yellow stars.","So, my best guess is that the rule is about having a dual base with one right-tilted and one left-tilted cone, supporting a tower.",0.0,"The hidden rule is that a panel has a yellow star if it has a base consisting of two cones: one right-tilted and one left-tilted, which support a tower of one or more cones on top. This pattern is found in Panels A, C, and F. **Answer:** Panels with a base made of one right-tilted and one left-tilted cone, supporting a tower, have yellow stars.  ||  LAST_RULE_SENTENCE: So, my best guess is that the rule is about having a dual base with one right-tilted and one left-tilted cone, supporting a tower."
93,s2b,4,5,TEST_pos_0.5,"The hidden rule that distinguishes the starred panels (A, C, F) from the unstarred (B, D, E) is that the first two cones are lying on their sides and supporting each other. This mutual supporting interaction between the initial two cones is the key characteristic of the starred panels. **Answer:** The panels with yellow stars are those where the first two cones are lying on their sides and supporting each other, forming a base structure.","Therefore, the hidden rule is that if the first two cones are lying on their sides and supporting each other, the panel has a yellow star.",0.0,"The hidden rule that distinguishes the starred panels (A, C, F) from the unstarred (B, D, E) is that the first two cones are lying on their sides and supporting each other. This mutual supporting interaction between the initial two cones is the key characteristic of the starred panels. **Answer:** The panels with yellow stars are those where the first two cones are lying on their sides and supporting each other, forming a base structure.  ||  LAST_RULE_SENTENCE: Therefore, the hidden rule is that if the first two cones are lying on their sides and supporting each other, the panel has a yellow star."
94,s2b,4,6,TEST_pos_0.5,"The hidden rule is that the star panels (A, C, F) have a chain-like structure where each cone is interacting with another, forming a continuous and connected sequence. Each cone is either supporting or overlapping with the next, creating a connected chain. In contrast, the non-starred panels (B, D, E) have more isolated or separate structures where the cones are not connected in such a way. **Answer:** The hidden rule is that the panels with yellow stars have a chain-like arrangement where each cone is connected to the next, forming a continuous structure, while the non-starred panels have mo","So, after analyzing, I think the rule is that the star panels have a chain-like structure where each cone is interacting with another, forming a connected sequence, while the non-starred ones have more isolated or separate structures.",0.0,"The hidden rule is that the star panels (A, C, F) have a chain-like structure where each cone is interacting with another, forming a continuous and connected sequence. Each cone is either supporting or overlapping with the next, creating a connected chain. In contrast, the non-starred panels (B, D, E) have more isolated or separate structures where the cones are not connected in such a way. **Answer:** The hidden rule is that the panels with yellow stars have a chain-like arrangement where each cone is connected to the next, forming a continuous structure, while the non-starred panels have mo  ||  LAST_RULE_SENTENCE: So, after analyzing, I think the rule is that the star panels have a chain-like structure where each cone is interacting with another, forming a connected sequence, while the non-starred ones have more isolated or separate structures."
95,s2b,4,7,TEST_pos_0.5,"The hidden rule that distinguishes the starred panels (A, C, and F) from the unstarred ones (B, D, and E) is that the starred panels have their first two cones interacting in a mutual supporting or interlocking manner, forming a loop or figure-eight-like structure. In contrast, the unstarred panels have a more linear or nested structure without this mutual support.","After considering all these aspects, I think the most likely rule is that the starred panels have the first two cones interacting in a mutual supporting or interlocking manner, creating a loop or figure-eight structure, whereas unstarred panels have a more linear or nested structure without this mutual support.",0.0,"The hidden rule that distinguishes the starred panels (A, C, and F) from the unstarred ones (B, D, and E) is that the starred panels have their first two cones interacting in a mutual supporting or interlocking manner, forming a loop or figure-eight-like structure. In contrast, the unstarred panels have a more linear or nested structure without this mutual support.  ||  LAST_RULE_SENTENCE: After considering all these aspects, I think the most likely rule is that the starred panels have the first two cones interacting in a mutual supporting or interlocking manner, creating a loop or figure-eight structure, whereas unstarred panels have a more linear or nested structure without this mutual support."
96,s2b,4,9,TEST_pos_0.5,"The hidden rule that distinguishes the starred panels from the unstarred ones is that the starred panels (A, C, F) have a more intricate arrangement of cones, where the cones are interconnected, overlapping, resting on, or nested within each other, forming a complex structure. In contrast, the unstarred panels (B, D, E) have cones that are more isolated, either standing alone or interacting in a simpler, less intricate manner. **Answer:** The starred panels (A, C, F) have cones arranged in a complex, interconnected structure where the cones overlap, rest on, or nest within each other, forming","Therefore, my best guess is that the hidden rule is that the starred panels have a more intricate arrangement where the cones are interconnected, overlapping, or nested, forming a complex structure, whereas the non-starred ones have a more straightforward, less connected arrangement.",0.0,"The hidden rule that distinguishes the starred panels from the unstarred ones is that the starred panels (A, C, F) have a more intricate arrangement of cones, where the cones are interconnected, overlapping, resting on, or nested within each other, forming a complex structure. In contrast, the unstarred panels (B, D, E) have cones that are more isolated, either standing alone or interacting in a simpler, less intricate manner. **Answer:** The starred panels (A, C, F) have cones arranged in a complex, interconnected structure where the cones overlap, rest on, or nest within each other, forming  ||  LAST_RULE_SENTENCE: Therefore, my best guess is that the hidden rule is that the starred panels have a more intricate arrangement where the cones are interconnected, overlapping, or nested, forming a complex structure, whereas the non-starred ones have a more straightforward, less connected arrangement."
97,s2b,1,1,TEST_pos_1.0,"The hidden rule is that the panels with yellow stars have a cyclical or chain-like arrangement of cones where each cone is connected in a loop or a continuous chain, while the non-starred panels have a more linear or nested structure where each cone is either adjacent or nested within the next, but not part of a continuous chain or loop. **Answer:** The yellow-starred panels (A, E, F) have a cyclical or chain-like arrangement of cones, while the non-starred panels (B, C, D) have a linear or nested structure.","Therefore, the rule is that the star panels have a cyclical or chain-like interaction pattern, whereas the non-starred ones have a linear or nested pattern.",0.0,"The hidden rule is that the panels with yellow stars have a cyclical or chain-like arrangement of cones where each cone is connected in a loop or a continuous chain, while the non-starred panels have a more linear or nested structure where each cone is either adjacent or nested within the next, but not part of a continuous chain or loop. **Answer:** The yellow-starred panels (A, E, F) have a cyclical or chain-like arrangement of cones, while the non-starred panels (B, C, D) have a linear or nested structure.  ||  LAST_RULE_SENTENCE: Therefore, the rule is that the star panels have a cyclical or chain-like interaction pattern, whereas the non-starred ones have a linear or nested pattern."
98,s2b,1,2,TEST_pos_1.0,"The hidden rule is that a panel is marked with a yellow star if and only if it has three different colors. Therefore, Panel A, E, and F each have three distinct colors, while the other panels have two. Thus, the rule is that a panel is a star if it has three different colors. **Answer: The panels with yellow stars have three different colors, while the others have two.**",,0.0,"The hidden rule is that a panel is marked with a yellow star if and only if it has three different colors. Therefore, Panel A, E, and F each have three distinct colors, while the other panels have two. Thus, the rule is that a panel is a star if it has three different colors. **Answer: The panels with yellow stars have three different colors, while the others have two.**"
99,s2b,1,3,TEST_pos_1.0,"The hidden rule that distinguishes the starred panels (A, E, F) from the unstarred (B, C, D) is that a panel is starred if it has two cones with their apex on the floor. This is determined by analyzing the ""position"" description of each cone in the panels. Panels A, E, and F each have two cones with ""apex on floor,"" while the others have none. **Answer:** A panel is starred if two of its cones have their apex on the floor. Therefore, the rule is: **""A panel has a yellow star if two of its cones have their apex located on the floor.""**",So the rule is that a panel is starred if two cones have their apex on the floor.,0.0,"The hidden rule that distinguishes the starred panels (A, E, F) from the unstarred (B, C, D) is that a panel is starred if it has two cones with their apex on the floor. This is determined by analyzing the ""position"" description of each cone in the panels. Panels A, E, and F each have two cones with ""apex on floor,"" while the others have none. **Answer:** A panel is starred if two of its cones have their apex on the floor. Therefore, the rule is: **""A panel has a yellow star if two of its cones have their apex located on the floor.""**  ||  LAST_RULE_SENTENCE: So the rule is that a panel is starred if two cones have their apex on the floor."
100,s2b,1,7,TEST_pos_1.0,"The hidden rule that distinguishes the starred panels (A, E, F) from the unstarred ones (B, C, D) is that the starred panels have a more extensive network of interconnected cones, where each cone is in contact with multiple others, forming a complex and extensive structure. In contrast, the unstarred panels have a simpler structure with fewer connections, often in a linear or less complex pattern. **Answer:** The star panels (A, E, F) have a more interconnected structure where each cone is in contact with multiple others, forming a complex network. In contrast, the unstarred panels (B, C, D)",,0.0,"The hidden rule that distinguishes the starred panels (A, E, F) from the unstarred ones (B, C, D) is that the starred panels have a more extensive network of interconnected cones, where each cone is in contact with multiple others, forming a complex and extensive structure. In contrast, the unstarred panels have a simpler structure with fewer connections, often in a linear or less complex pattern. **Answer:** The star panels (A, E, F) have a more interconnected structure where each cone is in contact with multiple others, forming a complex network. In contrast, the unstarred panels (B, C, D)"
101,s2b,2,2,TEST_pos_1.0,"The hidden rule is that a panel has a yellow star if its central cone is a single cone, not part of a cluster. Thus, the rule is about the structure, specifically the central cone's status as a single unit. **Answer:** The hidden rule is that a panel has a yellow star if its central cone is a single, individual cone not part of a cluster. Therefore, the rule is that the middle cone is a single cone, distinguishing the starred panels (A, B, E) from the others. **Answer:** The hidden rule is that the central cone is a single, individual cone, not part of a cluster, causing the panel to have","Therefore, the best guess is that the hidden rule is: Panels that have a single cone in the center, not part of a cluster, have a yellow star.",0.0,"The hidden rule is that a panel has a yellow star if its central cone is a single cone, not part of a cluster. Thus, the rule is about the structure, specifically the central cone's status as a single unit. **Answer:** The hidden rule is that a panel has a yellow star if its central cone is a single, individual cone not part of a cluster. Therefore, the rule is that the middle cone is a single cone, distinguishing the starred panels (A, B, E) from the others. **Answer:** The hidden rule is that the central cone is a single, individual cone, not part of a cluster, causing the panel to have  ||  LAST_RULE_SENTENCE: Therefore, the best guess is that the hidden rule is: Panels that have a single cone in the center, not part of a cluster, have a yellow star."
102,s2b,2,3,TEST_pos_1.0,"The hidden rule is that the panels with yellow stars have clusters where each cone is both on top of and adjacent to another cone, forming a more connected structure, while the non-star panels have clusters where each cone is only adjacent to one other cone, forming a linear chain. **Answer:** The panels with yellow stars have clusters where each cone is both on top of and adjacent to another cone, forming a more connected structure. The unstarred panels have clusters where each cone is only adjacent to one other cone, forming a linear chain. **Answer:** The yellow-starred panels have cluste","Therefore, the best guess is that the star panels have clusters where each cone is both on top of and adjacent to another, forming a more connected structure, while the non-star panels have linear clusters where each cone is only adjacent to one other.",0.0,"The hidden rule is that the panels with yellow stars have clusters where each cone is both on top of and adjacent to another cone, forming a more connected structure, while the non-star panels have clusters where each cone is only adjacent to one other cone, forming a linear chain. **Answer:** The panels with yellow stars have clusters where each cone is both on top of and adjacent to another cone, forming a more connected structure. The unstarred panels have clusters where each cone is only adjacent to one other cone, forming a linear chain. **Answer:** The yellow-starred panels have cluste  ||  LAST_RULE_SENTENCE: Therefore, the best guess is that the star panels have clusters where each cone is both on top of and adjacent to another, forming a more connected structure, while the non-star panels have linear clusters where each cone is only adjacent to one other."
103,s2b,2,10,TEST_pos_1.0,"The hidden rule is that a panel has a yellow star if all its cones are on the floor and arranged in a continuous circular pattern, each cone adjacent to the next, forming a closed loop. **Answer:** The panels with yellow stars (A and B) have all cones on the floor and arranged in a continuous, circular pattern where each cone is adjacent to the next, forming a closed loop. The other panels have cones arranged in clusters or linear patterns without this continuous ring. **Answer:** The yellow-starred panels (A and B) have all cones on the floor in a continuous circular pattern.<｜end▁of▁senten","So, the pattern is a closed ring around the panel.",0.0,"The hidden rule is that a panel has a yellow star if all its cones are on the floor and arranged in a continuous circular pattern, each cone adjacent to the next, forming a closed loop. **Answer:** The panels with yellow stars (A and B) have all cones on the floor and arranged in a continuous, circular pattern where each cone is adjacent to the next, forming a closed loop. The other panels have cones arranged in clusters or linear patterns without this continuous ring. **Answer:** The yellow-starred panels (A and B) have all cones on the floor in a continuous circular pattern.<｜end▁of▁senten  ||  LAST_RULE_SENTENCE: So, the pattern is a closed ring around the panel."
104,s2b,3,1,TEST_pos_1.0,"The hidden rule is that the panels with yellow stars have cones that alternate between color and orientation, while the non-starred panels do not follow this alternation pattern. **Answer:** The hidden rule is that the panels with yellow stars have cones that alternate between color and orientation. Each cone alternates both color and orientation from the previous one, creating a pattern where each subsequent cone changes both color and orientation. In contrast, the non-starred panels do not follow this alternating pattern, making their cone arrangements less orderly in terms of color and or","So I would guess that the hidden rule is that the star panels have their cones alternating between color and orientation, whereas the non-star panels have a more random or non-alternating pattern.",0.0,"The hidden rule is that the panels with yellow stars have cones that alternate between color and orientation, while the non-starred panels do not follow this alternation pattern. **Answer:** The hidden rule is that the panels with yellow stars have cones that alternate between color and orientation. Each cone alternates both color and orientation from the previous one, creating a pattern where each subsequent cone changes both color and orientation. In contrast, the non-starred panels do not follow this alternating pattern, making their cone arrangements less orderly in terms of color and or  ||  LAST_RULE_SENTENCE: So I would guess that the hidden rule is that the star panels have their cones alternating between color and orientation, whereas the non-star panels have a more random or non-alternating pattern."
105,s2b,4,4,TEST_pos_1.0,"The hidden rule that distinguishes panels with yellow stars is that they have multiple reciprocal pairs of cones, where each pair consists of one cone resting on top of another, thus each supporting the other's base. This pattern is present in Panels A, C, and F. **Answer:** The hidden rule is that a panel has a yellow star if it contains multiple reciprocal pairs of cones, each pair consisting of one cone resting on top of another, with each supporting the other's base. This pattern is found in Panels A, C, and F. **Answer:** The hidden rule is that a panel has a yellow star if it has mul","So, my best guess is that the hidden rule is about having multiple reciprocal pairs where each cone is both supported by another and supports another.",0.0,"The hidden rule that distinguishes panels with yellow stars is that they have multiple reciprocal pairs of cones, where each pair consists of one cone resting on top of another, thus each supporting the other's base. This pattern is present in Panels A, C, and F. **Answer:** The hidden rule is that a panel has a yellow star if it contains multiple reciprocal pairs of cones, each pair consisting of one cone resting on top of another, with each supporting the other's base. This pattern is found in Panels A, C, and F. **Answer:** The hidden rule is that a panel has a yellow star if it has mul  ||  LAST_RULE_SENTENCE: So, my best guess is that the hidden rule is about having multiple reciprocal pairs where each cone is both supported by another and supports another."
106,s2b,4,8,TEST_pos_1.0,"The hidden rule that distinguishes the starred panels (A, C, F) from the unstarred panels (B, D, E) is that the starred panels have their cones arranged in a linear chain where each cone is resting on the next, forming a sequential pattern. In contrast, the unstarred panels have a different configuration, often in clusters or other arrangements. **Answer:** The hidden rule is that the panels with yellow stars (A, C, F) have their cones arranged in a linear chain where each cone is sequentially resting on the next, forming a continuous sequence. In contrast, the other panels (B, D, E) have a","So after analyzing, I think the hidden rule is that the star panels have a linear chain of cones where each is supporting the next, forming a sequential pattern, while non-stars have clusters or other configurations.",0.0,"The hidden rule that distinguishes the starred panels (A, C, F) from the unstarred panels (B, D, E) is that the starred panels have their cones arranged in a linear chain where each cone is resting on the next, forming a sequential pattern. In contrast, the unstarred panels have a different configuration, often in clusters or other arrangements. **Answer:** The hidden rule is that the panels with yellow stars (A, C, F) have their cones arranged in a linear chain where each cone is sequentially resting on the next, forming a continuous sequence. In contrast, the other panels (B, D, E) have a  ||  LAST_RULE_SENTENCE: So after analyzing, I think the hidden rule is that the star panels have a linear chain of cones where each is supporting the next, forming a sequential pattern, while non-stars have clusters or other configurations."
107,s2b,1,1,TEST_neg_0.5,"The hidden rule that distinguishes the starred panels (A, E, F) from the unstarred ones (B, C, D) is that the starred panels' cones form a single continuous linear chain where each cone is supported by the one before it, creating a straight line from left to right without any branching or clusters. In contrast, the unstarred panels have multiple clusters or branches, indicating a different arrangement.","Therefore, the hidden rule could be: ""The panel is starred if and only if all the cones form a single linear chain where each cone is supported by the previous one, creating a continuous line from left to right.""",0.0,"The hidden rule that distinguishes the starred panels (A, E, F) from the unstarred ones (B, C, D) is that the starred panels' cones form a single continuous linear chain where each cone is supported by the one before it, creating a straight line from left to right without any branching or clusters. In contrast, the unstarred panels have multiple clusters or branches, indicating a different arrangement.  ||  LAST_RULE_SENTENCE: Therefore, the hidden rule could be: ""The panel is starred if and only if all the cones form a single linear chain where each cone is supported by the previous one, creating a continuous line from left to right."""
108,s2b,1,4,TEST_neg_0.5,The hidden rule that distinguishes the starred from the unstarred panels is that a panel is marked with a yellow star if it contains at least one cone that is upside-down. Panels without such a cone are unstarred. **Answer:** The hidden rule is that a panel is starred if it contains at least one upside-down cone.,"Otherwise, it isn't.",0.0,"The hidden rule that distinguishes the starred from the unstarred panels is that a panel is marked with a yellow star if it contains at least one cone that is upside-down. Panels without such a cone are unstarred. **Answer:** The hidden rule is that a panel is starred if it contains at least one upside-down cone.  ||  LAST_RULE_SENTENCE: Otherwise, it isn't."
109,s2b,1,5,TEST_neg_0.5,"The hidden rule that distinguishes the starred panels (A, E, F) from the unstarred ones (B, C, D) is that the starred panels contain at least one cone that is both tilted and upside-down. **Answer:** The rule is that a panel is starred if it contains at least one cone that is both tilted and upside-down.",So the answer is that the panel is starred if it contains at least one cone that is both tilted and upside-down.,0.0,"The hidden rule that distinguishes the starred panels (A, E, F) from the unstarred ones (B, C, D) is that the starred panels contain at least one cone that is both tilted and upside-down. **Answer:** The rule is that a panel is starred if it contains at least one cone that is both tilted and upside-down.  ||  LAST_RULE_SENTENCE: So the answer is that the panel is starred if it contains at least one cone that is both tilted and upside-down."
110,s2b,1,7,TEST_neg_0.5,"The hidden rule that distinguishes the starred panels is that they have a single largest cone serving as a central hub, around which other cones are arranged in a hierarchical structure where each cone either supports or is supported by others. This structure is not present in non-starred panels. **Answer:** The hidden rule is that a panel is starred if it features a single largest cone at the center, with other cones arranged around it in a hierarchical structure of mutual support or containment.","The rule is that the panel is starred if there's a single largest cone in the center, with other cones arranged around it either supporting or being supported, forming a hierarchical structure.",0.0,"The hidden rule that distinguishes the starred panels is that they have a single largest cone serving as a central hub, around which other cones are arranged in a hierarchical structure where each cone either supports or is supported by others. This structure is not present in non-starred panels. **Answer:** The hidden rule is that a panel is starred if it features a single largest cone at the center, with other cones arranged around it in a hierarchical structure of mutual support or containment.  ||  LAST_RULE_SENTENCE: The rule is that the panel is starred if there's a single largest cone in the center, with other cones arranged around it either supporting or being supported, forming a hierarchical structure."
111,s2b,2,5,TEST_neg_0.5,"The hidden rule that distinguishes the starred panels (A, B, E) from the unstarred ones (C, D, F) is that the starred panels have all their cones arranged in a single cluster where each cone touches or supports the next, creating a cohesive structure. In contrast, the unstarred panels have a more linear or spaced-out arrangement with gaps between the cones.",The non-starred panels have a more linear or spaced-out arrangement.,0.0,"The hidden rule that distinguishes the starred panels (A, B, E) from the unstarred ones (C, D, F) is that the starred panels have all their cones arranged in a single cluster where each cone touches or supports the next, creating a cohesive structure. In contrast, the unstarred panels have a more linear or spaced-out arrangement with gaps between the cones.  ||  LAST_RULE_SENTENCE: The non-starred panels have a more linear or spaced-out arrangement."
112,s2b,2,8,TEST_neg_0.5,"The hidden rule is that the starred panels (A, B, E) have a structure where each cone is either resting on or supporting another cone, creating a connected cluster. In contrast, the non-starred panels (C, D, F) have a more linear or isolated arrangement where cones are either standalone or arranged in a different pattern.","So my best guess is that the hidden rule is that the starred panels (A, B, E) have a structure where each cone is either resting on or supporting another cone, creating a connected cluster, while the non-starred panels (C, D, F) have a more linear or isolated arrangement where cones are either standalone or arranged in a different pattern.",0.0,"The hidden rule is that the starred panels (A, B, E) have a structure where each cone is either resting on or supporting another cone, creating a connected cluster. In contrast, the non-starred panels (C, D, F) have a more linear or isolated arrangement where cones are either standalone or arranged in a different pattern.  ||  LAST_RULE_SENTENCE: So my best guess is that the hidden rule is that the starred panels (A, B, E) have a structure where each cone is either resting on or supporting another cone, creating a connected cluster, while the non-starred panels (C, D, F) have a more linear or isolated arrangement where cones are either standalone or arranged in a different pattern."
113,s2b,3,1,TEST_neg_0.5,"The hidden rule is that the panels with yellow stars have a chain of cones where each is resting on another, forming a connected or nested structure. Specifically, they contain a sequence where each cone supports the next, creating a hierarchical or interconnected arrangement.","So, the star panels have a chain of cones each resting on the next, creating a linked or nested structure.",0.0,"The hidden rule is that the panels with yellow stars have a chain of cones where each is resting on another, forming a connected or nested structure. Specifically, they contain a sequence where each cone supports the next, creating a hierarchical or interconnected arrangement.  ||  LAST_RULE_SENTENCE: So, the star panels have a chain of cones each resting on the next, creating a linked or nested structure."
114,s2b,3,3,TEST_neg_0.5,"The hidden rule that distinguishes the starred panels from the unstarred ones is that the starred panels (A, C, F) have a linear arrangement of cones, each connected in a single unbroken chain. The cones are arranged in a consistent order, either all lying or a mix but forming a linear progression. In contrast, the non-starred panels (B, D, E) exhibit a more complex arrangement with overlapping, nesting, or clustered structures, often with multiple layers or branches.","So, the hidden rule is that the starred panels have a linear chain of cones, each connected to the next, while non-star panels have a more intricate, clustered, or overlapping arrangement.",0.0,"The hidden rule that distinguishes the starred panels from the unstarred ones is that the starred panels (A, C, F) have a linear arrangement of cones, each connected in a single unbroken chain. The cones are arranged in a consistent order, either all lying or a mix but forming a linear progression. In contrast, the non-starred panels (B, D, E) exhibit a more complex arrangement with overlapping, nesting, or clustered structures, often with multiple layers or branches.  ||  LAST_RULE_SENTENCE: So, the hidden rule is that the starred panels have a linear chain of cones, each connected to the next, while non-star panels have a more intricate, clustered, or overlapping arrangement."
115,s2b,3,6,TEST_neg_0.5,"The hidden rule that distinguishes the starred panels from the unstarred ones is that the starred panels (A, C, F) each contain at least one cone with the ""Medium"" size, while the unstarred panels (B, D, E) do not have any cones of the ""Medium"" size. **Answer:** The rule is that a panel is starred if it contains at least one Medium-sized cone.",I think that's the hidden rule.,0.0,"The hidden rule that distinguishes the starred panels from the unstarred ones is that the starred panels (A, C, F) each contain at least one cone with the ""Medium"" size, while the unstarred panels (B, D, E) do not have any cones of the ""Medium"" size. **Answer:** The rule is that a panel is starred if it contains at least one Medium-sized cone.  ||  LAST_RULE_SENTENCE: I think that's the hidden rule."
116,s2b,3,8,TEST_neg_0.5,"The hidden rule is that the starred panels (A, C, F) have a hierarchical structure where each cone is resting on another, forming a kind of pyramid or chain. In contrast, the non-starred panels (B, D, E) have a more linear or flat arrangement without such hierarchy. The key difference is the hierarchical, nested structure in starred panels versus a flat, possibly linear arrangement in non-starred ones.","So, my best guess is that the hidden rule is that the cones in starred panels are arranged in a hierarchical structure, each resting on the next, forming a kind of pyramid or tower, while in non-starred panels, the cones are arranged more linearly or in a flat structure without such hierarchy.",0.0,"The hidden rule is that the starred panels (A, C, F) have a hierarchical structure where each cone is resting on another, forming a kind of pyramid or chain. In contrast, the non-starred panels (B, D, E) have a more linear or flat arrangement without such hierarchy. The key difference is the hierarchical, nested structure in starred panels versus a flat, possibly linear arrangement in non-starred ones.  ||  LAST_RULE_SENTENCE: So, my best guess is that the hidden rule is that the cones in starred panels are arranged in a hierarchical structure, each resting on the next, forming a kind of pyramid or tower, while in non-starred panels, the cones are arranged more linearly or in a flat structure without such hierarchy."
117,s2b,3,10,TEST_neg_0.5,"The hidden rule is that a panel is starred if it contains a cone that is both supporting another cone and is itself being supported by another cone, forming a mutual support structure. This creates a bridge-like arrangement where one cone supports another, and that cone in turn supports another, creating a linked or interconnected structure. Panels A, C, and F exhibit this feature, while Panels B, D, and E do not. **Final Answer:** The panels with yellow stars (A, C, F) have a structure where at least one cone is both supporting another and being supported, forming a mutual support bridge. T","Therefore, the hidden rule could be: ""A panel is starred if it contains a cone that is both supporting another cone and being supported by another cone, forming a mutual support structure.""",0.0,"The hidden rule is that a panel is starred if it contains a cone that is both supporting another cone and is itself being supported by another cone, forming a mutual support structure. This creates a bridge-like arrangement where one cone supports another, and that cone in turn supports another, creating a linked or interconnected structure. Panels A, C, and F exhibit this feature, while Panels B, D, and E do not. **Final Answer:** The panels with yellow stars (A, C, F) have a structure where at least one cone is both supporting another and being supported, forming a mutual support bridge. T  ||  LAST_RULE_SENTENCE: Therefore, the hidden rule could be: ""A panel is starred if it contains a cone that is both supporting another cone and being supported by another cone, forming a mutual support structure."""
118,s2b,4,1,TEST_neg_0.5,The hidden rule is that a panel is starred if the number of color changes between consecutive cones is exactly two.,"So, my best guess is that the hidden rule is: ""A panel is starred if the number of color changes between consecutive cones is exactly two.""",0.0,"The hidden rule is that a panel is starred if the number of color changes between consecutive cones is exactly two.  ||  LAST_RULE_SENTENCE: So, my best guess is that the hidden rule is: ""A panel is starred if the number of color changes between consecutive cones is exactly two."""
119,s2b,4,4,TEST_neg_0.5,"The hidden rule that distinguishes the starred panels (A, C, F) from the non-starred ones (B, D, E) is that the starred panels have a structure where each cone is either supporting another or being supported by another, forming a mutual support network. In contrast, the non-starred panels have a more linear or non-network arrangement where cones either rest on or support others in a one-directional manner without the mutual interaction. **Answer:** The hidden rule is that the starred panels (A, C, F) form a mutual support structure where each cone either supports another or is supported by an","Therefore, the best guess is that the hidden rule is that the starred panels have a structure where each cone is either supporting or resting on another, forming a mutual support network, while the non-starred do not have this mutual structure.",0.0,"The hidden rule that distinguishes the starred panels (A, C, F) from the non-starred ones (B, D, E) is that the starred panels have a structure where each cone is either supporting another or being supported by another, forming a mutual support network. In contrast, the non-starred panels have a more linear or non-network arrangement where cones either rest on or support others in a one-directional manner without the mutual interaction. **Answer:** The hidden rule is that the starred panels (A, C, F) form a mutual support structure where each cone either supports another or is supported by an  ||  LAST_RULE_SENTENCE: Therefore, the best guess is that the hidden rule is that the starred panels have a structure where each cone is either supporting or resting on another, forming a mutual support network, while the non-starred do not have this mutual structure."
120,s2b,4,5,TEST_neg_0.5,"The hidden rule that distinguishes the starred panels (A, C, F) from the unstarred ones (B, D, E) is based on the arrangement and interaction of the cones. The starred panels exhibit a more intricate, nested, or chain-like structure where each cone either stacks on or supports another, creating interdependencies. In contrast, the unstarred panels have more linear or hierarchical arrangements without such mutual dependencies. The key is the presence of complex, mutually supporting interactions where each cone's orientation and position create a chain or loop, whereas the non-starred panels have","So, putting it all together, I think the hidden rule is that the starred panels (A, C, F) have a structure where each cone either stacks on or supports another in a chain-like manner, creating a sort of nested or interdependent arrangement, while non-starred panels have a more linear or hierarchical arrangement without such mutual dependencies.",0.0,"The hidden rule that distinguishes the starred panels (A, C, F) from the unstarred ones (B, D, E) is based on the arrangement and interaction of the cones. The starred panels exhibit a more intricate, nested, or chain-like structure where each cone either stacks on or supports another, creating interdependencies. In contrast, the unstarred panels have more linear or hierarchical arrangements without such mutual dependencies. The key is the presence of complex, mutually supporting interactions where each cone's orientation and position create a chain or loop, whereas the non-starred panels have  ||  LAST_RULE_SENTENCE: So, putting it all together, I think the hidden rule is that the starred panels (A, C, F) have a structure where each cone either stacks on or supports another in a chain-like manner, creating a sort of nested or interdependent arrangement, while non-starred panels have a more linear or hierarchical arrangement without such mutual dependencies."
121,s2b,4,7,TEST_neg_0.5,"The hidden rule that distinguishes the starred panels from the unstarred ones is: **Rule:** A panel is marked with a yellow star if any of its cone arrangements involve a ""partly overlapping"" or ""loosely overlapping"" relationship between cones, creating a specific kind of interlocking structure. This means that if in the panel, there is a description of two cones where one is positioned over the other in a way that they partly or loosely overlap, the panel will be marked with a yellow star. If such interactions are absent, the panel is unstarred.","So, my best guess is that the rule is: A panel is marked with a yellow star if any of its cone arrangements involve a 'partly overlapping' or 'loosely overlapping' relationship between cones, creating a specific kind of interlocking structure.",0.0,"The hidden rule that distinguishes the starred panels from the unstarred ones is: **Rule:** A panel is marked with a yellow star if any of its cone arrangements involve a ""partly overlapping"" or ""loosely overlapping"" relationship between cones, creating a specific kind of interlocking structure. This means that if in the panel, there is a description of two cones where one is positioned over the other in a way that they partly or loosely overlap, the panel will be marked with a yellow star. If such interactions are absent, the panel is unstarred.  ||  LAST_RULE_SENTENCE: So, my best guess is that the rule is: A panel is marked with a yellow star if any of its cone arrangements involve a 'partly overlapping' or 'loosely overlapping' relationship between cones, creating a specific kind of interlocking structure."
122,s2b,4,8,TEST_neg_0.5,"The hidden rule that distinguishes the starred panels from the unstarred ones is that the starred panels (A, C, F) exhibit a hierarchical arrangement where each cone is either supporting or being supported by another, creating a chain or nesting structure. In contrast, the unstarred panels (B, D, E) have a more linear or flat arrangement without this nesting.","Therefore, the best guess is that the rule is about the hierarchical nesting structure of cones, where each cone supports or is supported by another, forming a chain or hierarchy.",0.0,"The hidden rule that distinguishes the starred panels from the unstarred ones is that the starred panels (A, C, F) exhibit a hierarchical arrangement where each cone is either supporting or being supported by another, creating a chain or nesting structure. In contrast, the unstarred panels (B, D, E) have a more linear or flat arrangement without this nesting.  ||  LAST_RULE_SENTENCE: Therefore, the best guess is that the rule is about the hierarchical nesting structure of cones, where each cone supports or is supported by another, forming a chain or hierarchy."
123,s2b,4,10,TEST_neg_0.5,"The hidden rule is that a panel is starred if it contains at least one instance where two cones mutually support each other, creating a cycle. In other words, the panel must have at least two cones where one supports the other, and the other supports the first, forming a kind of equilibrium. This feature is present in panels A, C, and F, which are the starred ones, while the others do not have such mutual support structures. **Answer:** The hidden rule is that a panel is starred if it contains at least one instance where two cones mutually support each other, forming a cycle.<｜end▁of▁sentence","So, the best guess is that the hidden rule is that a panel is starred if it contains at least one instance where two cones mutually support each other, creating a cycle or equilibrium in their arrangement.",0.0,"The hidden rule is that a panel is starred if it contains at least one instance where two cones mutually support each other, creating a cycle. In other words, the panel must have at least two cones where one supports the other, and the other supports the first, forming a kind of equilibrium. This feature is present in panels A, C, and F, which are the starred ones, while the others do not have such mutual support structures. **Answer:** The hidden rule is that a panel is starred if it contains at least one instance where two cones mutually support each other, forming a cycle.<｜end▁of▁sentence  ||  LAST_RULE_SENTENCE: So, the best guess is that the hidden rule is that a panel is starred if it contains at least one instance where two cones mutually support each other, creating a cycle or equilibrium in their arrangement."
124,s2b,1,3,TEST_neg_1.0,"The hidden rule is that a panel is marked with a yellow star if it contains at least one Red-colored cone. If any of the cone(s) in the panel is Red, the panel gets a yellow star; otherwise, it doesn't. **Answer:**: The rule is that a panel is starred (contains a yellow star) if it includes any Red-colored cone.","So, the rule is that if any cone in the panel is Red, then it's starred; else, it's unstarred.",1.0,"The hidden rule is that a panel is marked with a yellow star if it contains at least one Red-colored cone. If any of the cone(s) in the panel is Red, the panel gets a yellow star; otherwise, it doesn't. **Answer:**: The rule is that a panel is starred (contains a yellow star) if it includes any Red-colored cone.  ||  LAST_RULE_SENTENCE: So, the rule is that if any cone in the panel is Red, then it's starred; else, it's unstarred."
125,s2b,1,4,TEST_neg_1.0,"The hidden rule is that the panel is starred if the arrangement of cones forms a single linear chain, each connected to the next in a linear fashion, creating a linear structure.","So, after considering all these factors, I think the hidden rule is that the panel is starred if the cones are arranged in a single linear chain, each connected to the next in a linear fashion, forming a linear structure.",0.0,"The hidden rule is that the panel is starred if the arrangement of cones forms a single linear chain, each connected to the next in a linear fashion, creating a linear structure.  ||  LAST_RULE_SENTENCE: So, after considering all these factors, I think the hidden rule is that the panel is starred if the cones are arranged in a single linear chain, each connected to the next in a linear fashion, forming a linear structure."
126,s2b,1,5,TEST_neg_1.0,"The hidden rule is that a panel contains a yellow star if the arrangement of cones forms a single linear chain. If the arrangement is more complex, such as multiple branches or nested structures, the panel does not have a star. **Answer:** The hidden rule is that a panel contains a yellow star if the arrangement of cones is a single linear chain; otherwise, it does not.","So, to answer, the hidden rule is that a panel has a yellow star if the cones are arranged in a single linear chain, otherwise not.",0.0,"The hidden rule is that a panel contains a yellow star if the arrangement of cones forms a single linear chain. If the arrangement is more complex, such as multiple branches or nested structures, the panel does not have a star. **Answer:** The hidden rule is that a panel contains a yellow star if the arrangement of cones is a single linear chain; otherwise, it does not.  ||  LAST_RULE_SENTENCE: So, to answer, the hidden rule is that a panel has a yellow star if the cones are arranged in a single linear chain, otherwise not."
127,s2b,1,7,TEST_neg_1.0,"The hidden rule is that the panels with yellow stars (A, E, F) are those where the cones form a single chain, each connected to the next, creating a linear arrangement. The non-starred panels (B, C, D) either have nested or scattered arrangements without such a chain. **Answer:** The panels with yellow stars (A, E, F) form a single chain of connected cones, while the others do not.","So, after considering, I think the hidden rule is that the starred panels (A, E, F) have a chain-like structure where each cone is connected to the next, forming a single line, while the non-starred (B, C, D) have either nested or scattered arrangements.",0.0,"The hidden rule is that the panels with yellow stars (A, E, F) are those where the cones form a single chain, each connected to the next, creating a linear arrangement. The non-starred panels (B, C, D) either have nested or scattered arrangements without such a chain. **Answer:** The panels with yellow stars (A, E, F) form a single chain of connected cones, while the others do not.  ||  LAST_RULE_SENTENCE: So, after considering, I think the hidden rule is that the starred panels (A, E, F) have a chain-like structure where each cone is connected to the next, forming a single line, while the non-starred (B, C, D) have either nested or scattered arrangements."
128,s2b,1,9,TEST_neg_1.0,"The hidden rule is that a panel is marked with a yellow star if and it contains three distinct colors in its cone arrangements. If a panel has only two or fewer distinct colors, it is not marked with a star.","So the hidden rule is: the panel is starred if it contains three distinct colors; otherwise, it's not.",0.0,"The hidden rule is that a panel is marked with a yellow star if and it contains three distinct colors in its cone arrangements. If a panel has only two or fewer distinct colors, it is not marked with a star.  ||  LAST_RULE_SENTENCE: So the hidden rule is: the panel is starred if it contains three distinct colors; otherwise, it's not."
129,s2b,1,10,TEST_neg_1.0,"The hidden rule is: a panel is starred if it contains any Red cone; otherwise, it is non-starred. **Answer:** The hidden rule is that a panel is starred if it contains any Red cone. If none of the cones are Red, the panel is non-starred.","So, the rule is: if any cone in the panel is Red, then it's starred; else, non-starred.",1.0,"The hidden rule is: a panel is starred if it contains any Red cone; otherwise, it is non-starred. **Answer:** The hidden rule is that a panel is starred if it contains any Red cone. If none of the cones are Red, the panel is non-starred.  ||  LAST_RULE_SENTENCE: So, the rule is: if any cone in the panel is Red, then it's starred; else, non-starred."
130,s2b,2,3,TEST_neg_1.0,"The hidden rule is: **In the star panels (A, B, E), the central cone is the only one that doesn't touch the floor. In non-star panels (C, D, F), all the cones touch the floor.** **Answer:** The hidden rule is that in panels with a yellow star, the central cone is the only one that doesn't touch the floor, while in other panels, all the cones touch the floor.","So, that's my conclusion.",0.0,"The hidden rule is: **In the star panels (A, B, E), the central cone is the only one that doesn't touch the floor. In non-star panels (C, D, F), all the cones touch the floor.** **Answer:** The hidden rule is that in panels with a yellow star, the central cone is the only one that doesn't touch the floor, while in other panels, all the cones touch the floor.  ||  LAST_RULE_SENTENCE: So, that's my conclusion."
131,s2b,2,4,TEST_neg_1.0,"The hidden rule is that a panel is marked with a yellow star if and only if none of its cone objects are lying (either Lying left or Lying right). If any cone is Lying, the panel is not starred.","If any cone is Lying, the panel is not starred.",0.0,"The hidden rule is that a panel is marked with a yellow star if and only if none of its cone objects are lying (either Lying left or Lying right). If any cone is Lying, the panel is not starred."
132,s2b,2,10,TEST_neg_1.0,"The hidden rule is that a panel is marked with a yellow star if the majority of its cone objects are arranged in a single, tightly clustered group on the right side of the panel.","Otherwise, it's unstarred.""",0.0,"The hidden rule is that a panel is marked with a yellow star if the majority of its cone objects are arranged in a single, tightly clustered group on the right side of the panel.  ||  LAST_RULE_SENTENCE: Otherwise, it's unstarred."""
133,s2b,4,2,TEST_neg_1.0,"The hidden rule is that a panel is starred if the arrangement of cones is complex, with many overlapping each other, creating a network-like structure. This is true for panels A, C, and F, which have a high number of overlapping cones compared to the other panels.","Therefore, the rule is that the arrangement must have many overlapping cones, forming a complex structure.",0.0,"The hidden rule is that a panel is starred if the arrangement of cones is complex, with many overlapping each other, creating a network-like structure. This is true for panels A, C, and F, which have a high number of overlapping cones compared to the other panels.  ||  LAST_RULE_SENTENCE: Therefore, the rule is that the arrangement must have many overlapping cones, forming a complex structure."
134,s2b,4,5,TEST_neg_1.0,"The hidden rule is that the panel is considered a star if the arrangement of cones creates a complex, interconnected structure where each cone either rests on another or overlaps, forming a hierarchical and intricate design. If the arrangement is more flat or each cone is standalone, it is not a star.","If the arrangement is more flat or each cone is standalone, the panel is not a star.""",0.0,"The hidden rule is that the panel is considered a star if the arrangement of cones creates a complex, interconnected structure where each cone either rests on another or overlaps, forming a hierarchical and intricate design. If the arrangement is more flat or each cone is standalone, it is not a star.  ||  LAST_RULE_SENTENCE: If the arrangement is more flat or each cone is standalone, the panel is not a star."""
135,s2b,4,6,TEST_neg_1.0,"The hidden rule that distinguishes the starred panels from the unstarred ones is that a panel is starred (contains a yellow star) if and only if it contains exactly two Small cones. **Answer:** The panels with the yellow star (A, C, and F) each have exactly two Small cones. The other panels (B, D, E) have either one or more than two Small cones, hence they are unstarred.",if and only if it has exactly two Small cones.,0.0,"The hidden rule that distinguishes the starred panels from the unstarred ones is that a panel is starred (contains a yellow star) if and only if it contains exactly two Small cones. **Answer:** The panels with the yellow star (A, C, and F) each have exactly two Small cones. The other panels (B, D, E) have either one or more than two Small cones, hence they are unstarred.  ||  LAST_RULE_SENTENCE: if and only if it has exactly two Small cones."
136,s2b,4,10,TEST_neg_1.0,"The hidden rule is that a panel is marked with a yellow star if it contains at least one instance where a cone is resting on another (i.e., a stacking or ""on top"" relationship). Otherwise, it is not marked with a star. **Answer:** The hidden rule is that a panel is starred if it contains at least one cone that is resting on another (stacking), else it isn't.","Therefore, the answer is that the hidden rule is that a panel is starred if it contains at least one instance of a cone resting on another (i.e., a cone that is 'stacked' on another).",0.0,"The hidden rule is that a panel is marked with a yellow star if it contains at least one instance where a cone is resting on another (i.e., a stacking or ""on top"" relationship). Otherwise, it is not marked with a star. **Answer:** The hidden rule is that a panel is starred if it contains at least one cone that is resting on another (stacking), else it isn't.  ||  LAST_RULE_SENTENCE: Therefore, the answer is that the hidden rule is that a panel is starred if it contains at least one instance of a cone resting on another (i.e., a cone that is 'stacked' on another)."
137,s2b,1,3,JUDGE_pos_0.5,"The hidden rule is that a panel gets a yellow star if its cones are of three different colors; otherwise, it does not. **Answer:** The hidden rule is that a panel receives a yellow star if it contains cones of three different colors.","So the answer is that the star is awarded when there are three distinct colors among the cones; otherwise, no star.",0.0,"The hidden rule is that a panel gets a yellow star if its cones are of three different colors; otherwise, it does not. **Answer:** The hidden rule is that a panel receives a yellow star if it contains cones of three different colors.  ||  LAST_RULE_SENTENCE: So the answer is that the star is awarded when there are three distinct colors among the cones; otherwise, no star."
138,s2b,1,5,JUDGE_pos_0.5,"The hidden rule is that a panel is marked with a yellow star if and only if it contains at least one cone of each of the three colors: Red, Green, and Blue. Panels without a star lack one or more of these colors. **Answer:** The hidden rule is that a panel has a yellow star if it contains at least one Red, one Green, and one Blue cone.","So the answer is that the panels with a yellow star have at least one Red, one Green, and one Blue cone.",1.0,"The hidden rule is that a panel is marked with a yellow star if and only if it contains at least one cone of each of the three colors: Red, Green, and Blue. Panels without a star lack one or more of these colors. **Answer:** The hidden rule is that a panel has a yellow star if it contains at least one Red, one Green, and one Blue cone.  ||  LAST_RULE_SENTENCE: So the answer is that the panels with a yellow star have at least one Red, one Green, and one Blue cone."
139,s2b,1,6,JUDGE_pos_0.5,"The hidden rule is that a panel gets a yellow star if its cone arrangement forms a closed loop or cycle, where each cone is supported by another in a circular or interconnected structure. Answer: The hidden rule is that a panel has a yellow star if its cone arrangement forms a closed loop or cycle, with each cone being supported by another in a circular or interconnected fashion.","Otherwise, it doesn't.",0.0,"The hidden rule is that a panel gets a yellow star if its cone arrangement forms a closed loop or cycle, where each cone is supported by another in a circular or interconnected structure. Answer: The hidden rule is that a panel has a yellow star if its cone arrangement forms a closed loop or cycle, with each cone being supported by another in a circular or interconnected fashion.  ||  LAST_RULE_SENTENCE: Otherwise, it doesn't."
140,s2b,1,7,JUDGE_pos_0.5,"The hidden rule is that a panel is marked with a yellow star if it contains at least one Red cone. Otherwise, it is not marked with a star. This rule is consistent with the given panels' cone colors. **Answer:** The hidden rule is that a panel is starred if it contains any Red cones; otherwise, it is not.","So the answer is that the hidden rule is: ""A panel is starred if it contains at least one Red cone; otherwise, it is not.""",1.0,"The hidden rule is that a panel is marked with a yellow star if it contains at least one Red cone. Otherwise, it is not marked with a star. This rule is consistent with the given panels' cone colors. **Answer:** The hidden rule is that a panel is starred if it contains any Red cones; otherwise, it is not.  ||  LAST_RULE_SENTENCE: So the answer is that the hidden rule is: ""A panel is starred if it contains at least one Red cone; otherwise, it is not."""
141,s2b,1,9,JUDGE_pos_0.5,"The hidden rule that distinguishes the starred panels from the unstarred ones is that the starred panels (A, E, F) have a single connected chain of cones where each subsequent cone is built upon the previous one, forming a linear structure. In contrast, the unstarred panels (B, C, D) have arrangements that are more random or in clusters, not forming a single continuous chain. **Answer:** The hidden rule is that a panel is starred if its arrangement forms a single continuous chain of cones where each is built on top of the previous one, creating a linear structure.","Therefore, I think the hidden rule is that the arrangement is a single connected chain where each cone is placed on top of the previous one, forming a linear structure.",0.0,"The hidden rule that distinguishes the starred panels from the unstarred ones is that the starred panels (A, E, F) have a single connected chain of cones where each subsequent cone is built upon the previous one, forming a linear structure. In contrast, the unstarred panels (B, C, D) have arrangements that are more random or in clusters, not forming a single continuous chain. **Answer:** The hidden rule is that a panel is starred if its arrangement forms a single continuous chain of cones where each is built on top of the previous one, creating a linear structure.  ||  LAST_RULE_SENTENCE: Therefore, I think the hidden rule is that the arrangement is a single connected chain where each cone is placed on top of the previous one, forming a linear structure."
142,s2b,1,10,JUDGE_pos_0.5,"The hidden rule is that a panel has a yellow star if and among its cones, at least one small cone is lying on its side (like the second cone in E and F) or upside-down (like the first cone in E and some in F). So, the answer is: The panels with yellow stars are those that have at least one small cone which is either lying on its side or upside-down. **Final Answer:** The panels with yellow stars are distinguished by having at least one small cone that is either lying on its side or upside-down.",So the best guess is: The hidden rule is that the panel contains at least one small cone that is either lying on its side or upside-down.,0.0,"The hidden rule is that a panel has a yellow star if and among its cones, at least one small cone is lying on its side (like the second cone in E and F) or upside-down (like the first cone in E and some in F). So, the answer is: The panels with yellow stars are those that have at least one small cone which is either lying on its side or upside-down. **Final Answer:** The panels with yellow stars are distinguished by having at least one small cone that is either lying on its side or upside-down.  ||  LAST_RULE_SENTENCE: So the best guess is: The hidden rule is that the panel contains at least one small cone that is either lying on its side or upside-down."
143,s2b,2,3,JUDGE_pos_0.5,"The hidden rule is that a panel has a yellow star if its cones are arranged in a connected cluster where each cone touches at least two others, forming a network. This is true for panels A, B, and E, while panels C, D, and F do not meet this criterion as their cone arrangements are either isolated or linear without the necessary connectivity. **Answer:** The panels with yellow stars (A, B, E) have their cones arranged in a connected cluster where each cone touches at least two others, forming a network. The other panels (C, D, F) have cones that are either isolated or in a linear sequence, th","Therefore, the rule is likely that the panel has a yellow star if its cones are arranged in a connected cluster where each cone touches at least two others, forming a network.",0.0,"The hidden rule is that a panel has a yellow star if its cones are arranged in a connected cluster where each cone touches at least two others, forming a network. This is true for panels A, B, and E, while panels C, D, and F do not meet this criterion as their cone arrangements are either isolated or linear without the necessary connectivity. **Answer:** The panels with yellow stars (A, B, E) have their cones arranged in a connected cluster where each cone touches at least two others, forming a network. The other panels (C, D, F) have cones that are either isolated or in a linear sequence, th  ||  LAST_RULE_SENTENCE: Therefore, the rule is likely that the panel has a yellow star if its cones are arranged in a connected cluster where each cone touches at least two others, forming a network."
144,s2b,2,5,JUDGE_pos_0.5,"The hidden rule is that a panel earns a yellow star if it has at least one cone that is not resting on the floor. Panels A, B, and E have at least one such cone, while C, D, and F do not. **Answer:** A panel has a yellow star if it contains at least one cone that is not resting on the floor.","So the hidden rule is: ""A panel has a yellow star if and only if it has at least one cone that is not resting on the floor.",0.0,"The hidden rule is that a panel earns a yellow star if it has at least one cone that is not resting on the floor. Panels A, B, and E have at least one such cone, while C, D, and F do not. **Answer:** A panel has a yellow star if it contains at least one cone that is not resting on the floor.  ||  LAST_RULE_SENTENCE: So the hidden rule is: ""A panel has a yellow star if and only if it has at least one cone that is not resting on the floor."
145,s2b,2,8,JUDGE_pos_0.5,"The hidden rule is that the starred panels (A, B, E) have a sequence of cones where each is leaning on the next, forming a linear chain. This pattern is not present in the non-starred panels (C, D, F), which have more linear or separate clusters without such a sequential leaning relationship. **Answer:** The hidden rule is that the starred panels (A, B, E) form a linear chain where each cone is leaning on the next, creating a sequential arrangement, while the non-starred panels (C, D, F) do not have such a chain.","So perhaps the rule is that a star panel has a sequence of cones where each is leaning on the next, forming a linear chain.",0.0,"The hidden rule is that the starred panels (A, B, E) have a sequence of cones where each is leaning on the next, forming a linear chain. This pattern is not present in the non-starred panels (C, D, F), which have more linear or separate clusters without such a sequential leaning relationship. **Answer:** The hidden rule is that the starred panels (A, B, E) form a linear chain where each cone is leaning on the next, creating a sequential arrangement, while the non-starred panels (C, D, F) do not have such a chain.  ||  LAST_RULE_SENTENCE: So perhaps the rule is that a star panel has a sequence of cones where each is leaning on the next, forming a linear chain."
146,s2b,2,9,JUDGE_pos_0.5,"The hidden rule is that a panel receives a yellow star if and only if all its cone-shaped objects are in the upright position. Panels A and B meet this condition, hence they are starred. The others have at least one lying cone, so they are not starred. **Answer:** The hidden rule is that a panel has a yellow star if and only if all its cones are upright.",So the hidden rule is: A panel has a yellow star if and only if all its cones are in the upright position.,0.0,"The hidden rule is that a panel receives a yellow star if and only if all its cone-shaped objects are in the upright position. Panels A and B meet this condition, hence they are starred. The others have at least one lying cone, so they are not starred. **Answer:** The hidden rule is that a panel has a yellow star if and only if all its cones are upright.  ||  LAST_RULE_SENTENCE: So the hidden rule is: A panel has a yellow star if and only if all its cones are in the upright position."
147,s2b,4,6,JUDGE_pos_0.5,"The hidden rule is that the starred panels (A, C, F) each have a linear chain of cones where each cone is either supporting or being supported by the next, forming a continuous structure. The non-star panels (B, D, E) do not follow this pattern, having a different arrangement without such a continuous chain. **Answer:** The star panels (A, C, F) each have a linear chain of cones where each one is connected in a supporting or supported relationship, forming a continuous structure, while the non-star panels do not.","So the rule is that the star panels have a linear chain of cones connected in a specific way, while non-star panels do not.",0.0,"The hidden rule is that the starred panels (A, C, F) each have a linear chain of cones where each cone is either supporting or being supported by the next, forming a continuous structure. The non-star panels (B, D, E) do not follow this pattern, having a different arrangement without such a continuous chain. **Answer:** The star panels (A, C, F) each have a linear chain of cones where each one is connected in a supporting or supported relationship, forming a continuous structure, while the non-star panels do not.  ||  LAST_RULE_SENTENCE: So the rule is that the star panels have a linear chain of cones connected in a specific way, while non-star panels do not."
148,s2b,4,7,JUDGE_pos_0.5,"The hidden rule is that the starred panels (A, C, F) have a linear arrangement of cones stacked vertically, each on the next, with their colors alternating in a specific sequence (Blue, Green, Red, etc.). The non-starred panels (B, D, E) do not follow this linear, alternating pattern, instead having a more clustered or random arrangement. **Answer:** The hidden rule is that the starred panels (A, C, F) have a linear chain of cones vertically stacked, each resting on the next, with colors alternating between Blue, Green, Red, etc. Non-starred panels (B, D, E) do not have this linear, alternati","So, the hidden rule is likely that the starred panels have a linear arrangement where each cone is stacked on the next, with colors alternating between Blue, Green, Red, and so on, creating a vertical chain.",0.0,"The hidden rule is that the starred panels (A, C, F) have a linear arrangement of cones stacked vertically, each on the next, with their colors alternating in a specific sequence (Blue, Green, Red, etc.). The non-starred panels (B, D, E) do not follow this linear, alternating pattern, instead having a more clustered or random arrangement. **Answer:** The hidden rule is that the starred panels (A, C, F) have a linear chain of cones vertically stacked, each resting on the next, with colors alternating between Blue, Green, Red, etc. Non-starred panels (B, D, E) do not have this linear, alternati  ||  LAST_RULE_SENTENCE: So, the hidden rule is likely that the starred panels have a linear arrangement where each cone is stacked on the next, with colors alternating between Blue, Green, Red, and so on, creating a vertical chain."
149,s2b,4,8,JUDGE_pos_0.5,"The hidden rule that distinguishes the panels with a yellow star (A, C, F) from those without (B, D, E) is that the starred panels have a central pair of overlapping cones, while the non-starred panels have a central trio of overlapping cones. **Answer:** The panels with a yellow star have a central pair of overlapping cones, whereas those without a star have a central trio of overlapping cones.","So the hidden rule is that panels with a yellow star have a central pair of cones overlapping, while those without have a central trio.",0.0,"The hidden rule that distinguishes the panels with a yellow star (A, C, F) from those without (B, D, E) is that the starred panels have a central pair of overlapping cones, while the non-starred panels have a central trio of overlapping cones. **Answer:** The panels with a yellow star have a central pair of overlapping cones, whereas those without a star have a central trio of overlapping cones.  ||  LAST_RULE_SENTENCE: So the hidden rule is that panels with a yellow star have a central pair of cones overlapping, while those without have a central trio."
150,s2b,4,9,JUDGE_pos_0.5,"The hidden rule is that the star panels (A, C, F) have their cone colors arranged in a palindromic sequence, where the first and last colors are the same, with alternating colors in between. Non-star panels do not have this property.","Therefore, the best guess is that the hidden rule is that the star panels have their cone colors arranged in a palindromic sequence, while non-star panels do not.",0.0,"The hidden rule is that the star panels (A, C, F) have their cone colors arranged in a palindromic sequence, where the first and last colors are the same, with alternating colors in between. Non-star panels do not have this property.  ||  LAST_RULE_SENTENCE: Therefore, the best guess is that the hidden rule is that the star panels have their cone colors arranged in a palindromic sequence, while non-star panels do not."
151,s2b,1,1,JUDGE_pos_1.0,"The hidden rule is: a panel has a yellow star if it contains three different colors; otherwise, it does not. **Answer:** The rule is that a panel has a yellow star if it contains three different colors.","So the rule is: a panel has a yellow star if it contains three different colors; otherwise, it doesn't.",0.0,"The hidden rule is: a panel has a yellow star if it contains three different colors; otherwise, it does not. **Answer:** The rule is that a panel has a yellow star if it contains three different colors.  ||  LAST_RULE_SENTENCE: So the rule is: a panel has a yellow star if it contains three different colors; otherwise, it doesn't."
152,s2b,1,2,JUDGE_pos_1.0,"The hidden rule is that a panel has a yellow star if it contains all three colors: Red, Green, and Blue. The star panels (A, E, F) have all three colors, while the others have only one or two. Answer: The yellow star panels contain all three colors: Red, Green, and Blue.",So the hidden rule is that the star panels are those which have all three colors present.,0.0,"The hidden rule is that a panel has a yellow star if it contains all three colors: Red, Green, and Blue. The star panels (A, E, F) have all three colors, while the others have only one or two. Answer: The yellow star panels contain all three colors: Red, Green, and Blue.  ||  LAST_RULE_SENTENCE: So the hidden rule is that the star panels are those which have all three colors present."
153,s2b,1,3,JUDGE_pos_1.0,The hidden rule is that a panel is starred if it contains two or more small cones.,So the rule is that a panel is starred if it has two or more small cones.,0.0,The hidden rule is that a panel is starred if it contains two or more small cones.  ||  LAST_RULE_SENTENCE: So the rule is that a panel is starred if it has two or more small cones.
154,s2b,1,6,JUDGE_pos_1.0,"The hidden rule is that the colors of the cones in a panel must be arranged in a strict order without skipping any color. If a panel's cones follow this order consecutively, it is marked with a yellow star; otherwise, it is not. The order of colors in the special panels (A, E, F) is Red-Green-Blue, Green-Red-Blue, or Green-Blue-Red, respectively, which are consistent and cyclic without skipping any color. **Answer:** The hidden rule is that the colors of the cones in a panel must follow a strict, consecutive order without skipping any color. If a panel's cones meet this order, it is marked w","So the best guess is that the rule is: The colors of the cones must be arranged in a strict order (e.g., Red, Green, Blue), and this order must be followed consecutively without skipping any color.",0.0,"The hidden rule is that the colors of the cones in a panel must be arranged in a strict order without skipping any color. If a panel's cones follow this order consecutively, it is marked with a yellow star; otherwise, it is not. The order of colors in the special panels (A, E, F) is Red-Green-Blue, Green-Red-Blue, or Green-Blue-Red, respectively, which are consistent and cyclic without skipping any color. **Answer:** The hidden rule is that the colors of the cones in a panel must follow a strict, consecutive order without skipping any color. If a panel's cones meet this order, it is marked w  ||  LAST_RULE_SENTENCE: So the best guess is that the rule is: The colors of the cones must be arranged in a strict order (e.g., Red, Green, Blue), and this order must be followed consecutively without skipping any color."
155,s2b,1,7,JUDGE_pos_1.0,"The hidden rule is that a panel has a yellow star if its arrangement of cones is more complex, with multiple interactions, nesting, or connections between cones, creating a dynamic or interconnected structure.","So, I would guess that the hidden rule is: ""A panel has a yellow star if its arrangement of cones is more complex, with multiple interactions, nesting, or connections between cones, creating a dynamic or interconnected structure.""",0.0,"The hidden rule is that a panel has a yellow star if its arrangement of cones is more complex, with multiple interactions, nesting, or connections between cones, creating a dynamic or interconnected structure.  ||  LAST_RULE_SENTENCE: So, I would guess that the hidden rule is: ""A panel has a yellow star if its arrangement of cones is more complex, with multiple interactions, nesting, or connections between cones, creating a dynamic or interconnected structure."""
156,s2b,1,8,JUDGE_pos_1.0,"The hidden rule is that the panels with yellow stars have cones with all three possible orientations (tilted, upright, and lying), while the non-starred panels only have two of these orientations.","So the best guess is that the rule is: ""The panels with yellow stars have all three orientations (tilted, upright, and lying) among their cones, while those without only have two of these orientations.""",0.0,"The hidden rule is that the panels with yellow stars have cones with all three possible orientations (tilted, upright, and lying), while the non-starred panels only have two of these orientations.  ||  LAST_RULE_SENTENCE: So the best guess is that the rule is: ""The panels with yellow stars have all three orientations (tilted, upright, and lying) among their cones, while those without only have two of these orientations."""
157,s2b,1,9,JUDGE_pos_1.0,"The hidden rule is that a panel has a yellow star if it contains two or more interactions (stacks or nests) among the cones. This is because the star panels (A, E, F) each have two or more interactions, while the non-star panels (B, C, D) have only one interaction each. **Answer:** The rule is that a panel has a yellow star if it contains two or more interactions (stacks or nests) among the cones.","So, I think the rule is that a panel has a yellow star if it has 2 or more interactions (stacks or nests) among the cones.",0.0,"The hidden rule is that a panel has a yellow star if it contains two or more interactions (stacks or nests) among the cones. This is because the star panels (A, E, F) each have two or more interactions, while the non-star panels (B, C, D) have only one interaction each. **Answer:** The rule is that a panel has a yellow star if it contains two or more interactions (stacks or nests) among the cones.  ||  LAST_RULE_SENTENCE: So, I think the rule is that a panel has a yellow star if it has 2 or more interactions (stacks or nests) among the cones."
158,s2b,2,6,JUDGE_pos_1.0,The hidden rule is that a panel has a yellow star if it contains two or more small cones. **Answer:** The rule is that a panel has a yellow star if it contains two or more small cones.,"So the answer would be that the rule is ""If a panel has two or more small cones, it has a yellow star.",0.0,"The hidden rule is that a panel has a yellow star if it contains two or more small cones. **Answer:** The rule is that a panel has a yellow star if it contains two or more small cones.  ||  LAST_RULE_SENTENCE: So the answer would be that the rule is ""If a panel has two or more small cones, it has a yellow star."
159,s2b,2,7,JUDGE_pos_1.0,The hidden rule is that a panel has a yellow star if it contains three small-sized cones. **Answer:** The rule is that a panel has a yellow star if it contains three small-sized cones.,"Therefore, the rule is that a panel has a yellow star if it contains three small-sized cones.",0.0,"The hidden rule is that a panel has a yellow star if it contains three small-sized cones. **Answer:** The rule is that a panel has a yellow star if it contains three small-sized cones.  ||  LAST_RULE_SENTENCE: Therefore, the rule is that a panel has a yellow star if it contains three small-sized cones."
160,s2b,2,10,JUDGE_pos_1.0,"The hidden rule is that a panel has a yellow star if it contains two small cones. If it has only one small cone, it does not. Therefore, the answer is: **If a panel contains two small cones, it has a yellow star; otherwise, it does not.**","So the rule is that if a panel has two small cones, it's starred; if it has only one, it's not.",0.0,"The hidden rule is that a panel has a yellow star if it contains two small cones. If it has only one small cone, it does not. Therefore, the answer is: **If a panel contains two small cones, it has a yellow star; otherwise, it does not.**  ||  LAST_RULE_SENTENCE: So the rule is that if a panel has two small cones, it's starred; if it has only one, it's not."
161,s2b,3,2,JUDGE_pos_1.0,The hidden rule is that a panel has a yellow star if and only if it contains at least one small red cone.,So the answer is: A panel has a yellow star if it contains a small red cone.,0.0,The hidden rule is that a panel has a yellow star if and only if it contains at least one small red cone.  ||  LAST_RULE_SENTENCE: So the answer is: A panel has a yellow star if it contains a small red cone.
162,s2b,4,1,JUDGE_pos_1.0,"The rule is: The panels with a yellow star have all three colors (Blue, Green, Red), while the others have only two. **Answer:** The hidden rule is that the panels with a yellow star (A, C, F) contain all three colors (Blue, Green, Red), while the non-starred panels (B, D, E) contain only two of these colors.","So, the best guess is that the rule is the presence of all three colors.",0.0,"The rule is: The panels with a yellow star have all three colors (Blue, Green, Red), while the others have only two. **Answer:** The hidden rule is that the panels with a yellow star (A, C, F) contain all three colors (Blue, Green, Red), while the non-starred panels (B, D, E) contain only two of these colors.  ||  LAST_RULE_SENTENCE: So, the best guess is that the rule is the presence of all three colors."
163,s2b,4,3,JUDGE_pos_1.0,"The hidden rule is that a panel has a yellow star if it contains three different colors: blue, green, and red. This is because only those panels (A, C, and F) have all three colors present. **Answer:** The rule is that a panel has a yellow star if it contains all three colors: blue, green, and red.","So the rule is that the panel has a yellow star if it contains three different colors, which are blue, green, and red.",0.0,"The hidden rule is that a panel has a yellow star if it contains three different colors: blue, green, and red. This is because only those panels (A, C, and F) have all three colors present. **Answer:** The rule is that a panel has a yellow star if it contains all three colors: blue, green, and red.  ||  LAST_RULE_SENTENCE: So the rule is that the panel has a yellow star if it contains three different colors, which are blue, green, and red."
164,s2b,4,4,JUDGE_pos_1.0,"The hidden rule is that the panels with a yellow star (A, C, F) have at least one pair of cones where one is lying on the floor and another is resting on it or overlapping, while the non-yellow ones (B, D, E) have all cones resting on the floor without any overlapping or stacking. **Answer:** The yellow-starred panels (A, C, F) have at least one pair of cones where one is lying on the floor and another is resting on it or overlapping, while the non-yellow ones (B, D, E) have all cones resting on the floor without any overlapping or stacking.","So the best guess is: The yellow-starred panels (A, C, F) have at least one pair of cones where one is lying on the floor and another is resting on it or overlapping, while the non-yellow ones have all cones resting on the floor without any overlapping or being stacked.",0.0,"The hidden rule is that the panels with a yellow star (A, C, F) have at least one pair of cones where one is lying on the floor and another is resting on it or overlapping, while the non-yellow ones (B, D, E) have all cones resting on the floor without any overlapping or stacking. **Answer:** The yellow-starred panels (A, C, F) have at least one pair of cones where one is lying on the floor and another is resting on it or overlapping, while the non-yellow ones (B, D, E) have all cones resting on the floor without any overlapping or stacking.  ||  LAST_RULE_SENTENCE: So the best guess is: The yellow-starred panels (A, C, F) have at least one pair of cones where one is lying on the floor and another is resting on it or overlapping, while the non-yellow ones have all cones resting on the floor without any overlapping or being stacked."
165,s2b,4,5,JUDGE_pos_1.0,"The hidden rule is that a panel is marked with a yellow star if it contains a cone that is right-tilted at a specific angle (typically 30°) with its apex pointing up or in a way that it rests on or overlaps another cone, forming a particular interactive arrangement. The star panels (A, C, F) have such a structure, whereas the non-star panels (B, D, E) do not have any such interactive or overlapping cone arrangements.","The star panels have such a structure, whereas the non-star panels do not.""",0.0,"The hidden rule is that a panel is marked with a yellow star if it contains a cone that is right-tilted at a specific angle (typically 30°) with its apex pointing up or in a way that it rests on or overlaps another cone, forming a particular interactive arrangement. The star panels (A, C, F) have such a structure, whereas the non-star panels (B, D, E) do not have any such interactive or overlapping cone arrangements.  ||  LAST_RULE_SENTENCE: The star panels have such a structure, whereas the non-star panels do not."""
166,s2b,4,6,JUDGE_pos_1.0,The hidden rule is that a panel has a yellow star if and only if it contains exactly two small cones. Answer: The rule is that a panel has a yellow star if it contains exactly two small cones.,"So the rule is: ""A panel has a yellow star if and only if it contains exactly two small cones.""",0.0,"The hidden rule is that a panel has a yellow star if and only if it contains exactly two small cones. Answer: The rule is that a panel has a yellow star if it contains exactly two small cones.  ||  LAST_RULE_SENTENCE: So the rule is: ""A panel has a yellow star if and only if it contains exactly two small cones."""
167,s2b,4,7,JUDGE_pos_1.0,"The special panels (A, C, F) have their cones arranged in a linear chain, each lying on the next, forming a straight line. The non-special panels (B, D, E) have a different arrangement, such as clusters or other configurations. Therefore, the rule is that a panel is special if its cones are arranged in a straight line, each lying on the next, forming a chain. **Answer:** The special panels are those where the cones are arranged in a straight line, each lying on the next, forming a chain.","Therefore, the rule is that the special panels have their cones arranged in a straight line, each lying on the next, forming a chain.",0.0,"The special panels (A, C, F) have their cones arranged in a linear chain, each lying on the next, forming a straight line. The non-special panels (B, D, E) have a different arrangement, such as clusters or other configurations. Therefore, the rule is that a panel is special if its cones are arranged in a straight line, each lying on the next, forming a chain. **Answer:** The special panels are those where the cones are arranged in a straight line, each lying on the next, forming a chain.  ||  LAST_RULE_SENTENCE: Therefore, the rule is that the special panels have their cones arranged in a straight line, each lying on the next, forming a chain."
168,s2b,4,10,JUDGE_pos_1.0,The hidden rule is: A panel has a yellow star if one of its colors is used both for a pair of cones and a trio of cones.,"Therefore, the hidden rule is that a panel has a yellow star if one of its colors is used both for a pair of cones and a trio of cones.",0.0,"The hidden rule is: A panel has a yellow star if one of its colors is used both for a pair of cones and a trio of cones.  ||  LAST_RULE_SENTENCE: Therefore, the hidden rule is that a panel has a yellow star if one of its colors is used both for a pair of cones and a trio of cones."
169,s2b,1,1,JUDGE_neg_0.5,"The hidden rule is that a panel is marked with a yellow star if it contains at least one cone of each of the three colors: Red, Green, and Blue. If a panel contains all three colors, it is starred; otherwise, it is not. **Step-by-step explanation:** 1. **Identify all colors present in each panel.** 2. **Check if a panel contains Red, Green, and Blue cones.** 3. **If a panel has all three colors, it is starred; otherwise, it is not.** **Answer:** The rule is that a panel is marked with a yellow star if it contains at least one cone of each of the three colors: Red, Green, and Blue. If a pan","Red, Green, and Blue.",0.0,"The hidden rule is that a panel is marked with a yellow star if it contains at least one cone of each of the three colors: Red, Green, and Blue. If a panel contains all three colors, it is starred; otherwise, it is not. **Step-by-step explanation:** 1. **Identify all colors present in each panel.** 2. **Check if a panel contains Red, Green, and Blue cones.** 3. **If a panel has all three colors, it is starred; otherwise, it is not.** **Answer:** The rule is that a panel is marked with a yellow star if it contains at least one cone of each of the three colors: Red, Green, and Blue. If a pan"
170,s2b,1,3,JUDGE_neg_0.5,"The hidden rule that distinguishes the starred panels (A, E, F) from the unstarred ones (B, C, D) is that the starred panels contain at least one cone with the color Red. Specifically, the presence of a Red cone is the distinguishing factor. **Step-by-Step Explanation:** 1. **Identify Starred Panels:** Panels A, E, and F each have at least one cone colored Red. 2. **Check Unstarred Panels:** Panels B, C, and D do not have any Red cones. 3. **Establish the Pattern:** The presence of a Red cone is the common factor among the starred panels. 4. **Conclusion:** The rule is that a panel is starred",So I think that's the pattern.,1.0,"The hidden rule that distinguishes the starred panels (A, E, F) from the unstarred ones (B, C, D) is that the starred panels contain at least one cone with the color Red. Specifically, the presence of a Red cone is the distinguishing factor. **Step-by-Step Explanation:** 1. **Identify Starred Panels:** Panels A, E, and F each have at least one cone colored Red. 2. **Check Unstarred Panels:** Panels B, C, and D do not have any Red cones. 3. **Establish the Pattern:** The presence of a Red cone is the common factor among the starred panels. 4. **Conclusion:** The rule is that a panel is starred  ||  LAST_RULE_SENTENCE: So I think that's the pattern."
171,s2b,1,5,JUDGE_neg_0.5,"The hidden rule that distinguishes the starred panels is that a panel is starred if it contains at least one cone of the color Red. This is because all starred panels (A, E, F) have Red cones, while the non-starred ones (B, C, D) do not. **Answer:** Panels are starred if they contain at least one Red cone.",So I'll go with that.,1.0,"The hidden rule that distinguishes the starred panels is that a panel is starred if it contains at least one cone of the color Red. This is because all starred panels (A, E, F) have Red cones, while the non-starred ones (B, C, D) do not. **Answer:** Panels are starred if they contain at least one Red cone.  ||  LAST_RULE_SENTENCE: So I'll go with that."
172,s2b,1,7,JUDGE_neg_0.5,"The hidden rule is that a panel is marked with a yellow star if it contains at least one cone that is red. This distinguishes all starred panels (A, E, F) from the unstarred (B, C, D), as the unstarred panels do not have any red cones. **Answer:** The panels with red cones are marked with a yellow star.","Therefore, the rule is that if a panel contains a red cone, it is starred; otherwise, it isn't.",1.0,"The hidden rule is that a panel is marked with a yellow star if it contains at least one cone that is red. This distinguishes all starred panels (A, E, F) from the unstarred (B, C, D), as the unstarred panels do not have any red cones. **Answer:** The panels with red cones are marked with a yellow star.  ||  LAST_RULE_SENTENCE: Therefore, the rule is that if a panel contains a red cone, it is starred; otherwise, it isn't."
173,s2b,2,2,JUDGE_neg_0.5,"The hidden rule is that a panel has a yellow star if the number of cones that are not upright (i.e., lying on their sides) is even. If the count is odd, the panel does not have a star. **Answer:** The panels with an even number of non-upright (lying) cones have a yellow star.","Alternatively, ""lying"" here refers to cones that are not upright, so if the count is even, star; else, not.",0.0,"The hidden rule is that a panel has a yellow star if the number of cones that are not upright (i.e., lying on their sides) is even. If the count is odd, the panel does not have a star. **Answer:** The panels with an even number of non-upright (lying) cones have a yellow star.  ||  LAST_RULE_SENTENCE: Alternatively, ""lying"" here refers to cones that are not upright, so if the count is even, star; else, not."
174,s2b,2,5,JUDGE_neg_0.5,"The hidden rule that distinguishes Panels A and B from the others is that all five cones must be arranged in a straight, continuous line from left to right, with each cone adjacent to the next. This sequential, linear arrangement is unique to the starred panels. **Answer:** The rule is that all five cones must be arranged in a straight, continuous line from left to right, with each cone adjacent to the next.","Therefore, the hidden rule is likely that the panel has all five cones connected in a straight line from left to right, with each cone adjacent to the next, forming a sequential chain across the panel.",0.0,"The hidden rule that distinguishes Panels A and B from the others is that all five cones must be arranged in a straight, continuous line from left to right, with each cone adjacent to the next. This sequential, linear arrangement is unique to the starred panels. **Answer:** The rule is that all five cones must be arranged in a straight, continuous line from left to right, with each cone adjacent to the next.  ||  LAST_RULE_SENTENCE: Therefore, the hidden rule is likely that the panel has all five cones connected in a straight line from left to right, with each cone adjacent to the next, forming a sequential chain across the panel."
175,s2b,2,6,JUDGE_neg_0.5,"The hidden rule that distinguishes the starred panels (A and E) from the unstarred ones (B, C, D, F) is that the starred panels have exactly one cone not on the base, while the unstarred panels have all cones on the base. **Answer:** Panels with exactly one cone not on the base are starred.",I think that's the rule.,0.0,"The hidden rule that distinguishes the starred panels (A and E) from the unstarred ones (B, C, D, F) is that the starred panels have exactly one cone not on the base, while the unstarred panels have all cones on the base. **Answer:** Panels with exactly one cone not on the base are starred.  ||  LAST_RULE_SENTENCE: I think that's the rule."
176,s2b,2,7,JUDGE_neg_0.5,"The hidden rule that distinguishes the starred panels (A, B, and E) from the unstarred ones (C, D, F) is that the starred panels each have a central cone with two cones on each side, forming a structure resembling a star or Y-shape. This central cone is connected to two others, one on the left and one on the right, creating a balanced arrangement. In contrast, the unstarred panels either have all cones in a straight line, a cluster on one side, or a different structure that doesn't meet this central connection rule. **Answer:** The hidden rule is that the starred panels (A, B, E) each have a","Therefore, the hidden rule is that the panel has a central cone with two cones on each side.",0.0,"The hidden rule that distinguishes the starred panels (A, B, and E) from the unstarred ones (C, D, F) is that the starred panels each have a central cone with two cones on each side, forming a structure resembling a star or Y-shape. This central cone is connected to two others, one on the left and one on the right, creating a balanced arrangement. In contrast, the unstarred panels either have all cones in a straight line, a cluster on one side, or a different structure that doesn't meet this central connection rule. **Answer:** The hidden rule is that the starred panels (A, B, E) each have a  ||  LAST_RULE_SENTENCE: Therefore, the hidden rule is that the panel has a central cone with two cones on each side."
177,s2b,2,10,JUDGE_neg_0.5,"The hidden rule that distinguishes the starred panels (A, B, E) from the unstarred ones (C, D, F) is that each starred panel contains a central cone that connects the left and right clusters of cones. This central cone serves as a bridge, creating a continuous chain from the leftmost to the rightmost cone. In contrast, the unstarred panels either lack such a central connector or have a different arrangement that doesn't form a continuous bridge. **Step-by-Step Explanation:** 1. **Identify the Structure:** Each panel has five cones arranged in a specific pattern. 2. **Analyze Starred Panels:*","Therefore, the rule is likely that a central cone connects the left and right clusters, making the arrangement more interconnected.",0.0,"The hidden rule that distinguishes the starred panels (A, B, E) from the unstarred ones (C, D, F) is that each starred panel contains a central cone that connects the left and right clusters of cones. This central cone serves as a bridge, creating a continuous chain from the leftmost to the rightmost cone. In contrast, the unstarred panels either lack such a central connector or have a different arrangement that doesn't form a continuous bridge. **Step-by-Step Explanation:** 1. **Identify the Structure:** Each panel has five cones arranged in a specific pattern. 2. **Analyze Starred Panels:*  ||  LAST_RULE_SENTENCE: Therefore, the rule is likely that a central cone connects the left and right clusters, making the arrangement more interconnected."
178,s2b,4,1,JUDGE_neg_0.5,"The hidden rule that distinguishes the starred panels is based on the arrangement of the cones. The starred panels (A, C, F) have a sequence where each cone supports the next, forming a continuous vertical chain. Each cone in the sequence is either supporting or being supported by the next, creating a visible chain effect. In contrast, the unstarred panels (B, D, E) either have a different structure, like clusters or isolated cones, or their cone arrangements do not follow this vertical stacking pattern. Therefore, the rule is about the cone arrangement forming a vertical chain where each supp","Specifically, the starred panels have a chain of cones where each one is supporting the next, forming a continuous vertical stack, while the unstarred ones either don't form such a chain or have a different color arrangement.",0.0,"The hidden rule that distinguishes the starred panels is based on the arrangement of the cones. The starred panels (A, C, F) have a sequence where each cone supports the next, forming a continuous vertical chain. Each cone in the sequence is either supporting or being supported by the next, creating a visible chain effect. In contrast, the unstarred panels (B, D, E) either have a different structure, like clusters or isolated cones, or their cone arrangements do not follow this vertical stacking pattern. Therefore, the rule is about the cone arrangement forming a vertical chain where each supp  ||  LAST_RULE_SENTENCE: Specifically, the starred panels have a chain of cones where each one is supporting the next, forming a continuous vertical stack, while the unstarred ones either don't form such a chain or have a different color arrangement."
179,s2b,4,2,JUDGE_neg_0.5,"The hidden rule that distinguishes the starred panels (A, C, F) from the unstarred ones (B, D, E) is that the starred panels have a structure where each cone either supports another or is supported by another, forming a tightly interconnected network. In contrast, the unstarred panels have a more linear or individual arrangement with less mutual support. **Answer:** The starred panels (A, C, F) have a structure where each cone either supports or is supported by another, creating an interconnected network. The unstarred panels (B, D, E) have a more linear or individual arrangement without this","I think the rule is about the arrangement of the cones in terms of their support and placement, specifically that in the starred panels, each cone is either supporting another or being supported by another, creating a network, whereas in the unstarred ones, the cones are arranged more linearly or individually without this mutual support.",0.0,"The hidden rule that distinguishes the starred panels (A, C, F) from the unstarred ones (B, D, E) is that the starred panels have a structure where each cone either supports another or is supported by another, forming a tightly interconnected network. In contrast, the unstarred panels have a more linear or individual arrangement with less mutual support. **Answer:** The starred panels (A, C, F) have a structure where each cone either supports or is supported by another, creating an interconnected network. The unstarred panels (B, D, E) have a more linear or individual arrangement without this  ||  LAST_RULE_SENTENCE: I think the rule is about the arrangement of the cones in terms of their support and placement, specifically that in the starred panels, each cone is either supporting another or being supported by another, creating a network, whereas in the unstarred ones, the cones are arranged more linearly or individually without this mutual support."
180,s2b,4,4,JUDGE_neg_0.5,"The hidden rule that distinguishes the starred panels from the unstarred ones is that a panel is starred if it has an even number of cone relationships where one cone rests on another. Specifically, the starred panels (A, C, and F) have two such relationships, while the non-starred panels (B, D, and E) have one relationship each, which is odd. **Answer:** The rule is that a panel is starred if it has an even number of cone relationships where one cone rests on another.","Specifically, the panels with an even number of such relationships are starred, while those with an odd number are not.",0.0,"The hidden rule that distinguishes the starred panels from the unstarred ones is that a panel is starred if it has an even number of cone relationships where one cone rests on another. Specifically, the starred panels (A, C, and F) have two such relationships, while the non-starred panels (B, D, and E) have one relationship each, which is odd. **Answer:** The rule is that a panel is starred if it has an even number of cone relationships where one cone rests on another.  ||  LAST_RULE_SENTENCE: Specifically, the panels with an even number of such relationships are starred, while those with an odd number are not."
181,s2b,4,5,JUDGE_neg_0.5,"The hidden rule is that the panels with yellow stars (A, C, F) have a nesting or supporting interaction between their cone-shaped objects, where each cone either supports or is supported by another, forming a chain-like structure. In contrast, the non-starred panels (B, D, E) have cones arranged in separate clusters or without such interactions. **Answer:** The hidden rule is that starred panels have a nesting or supporting interaction between their cones, forming a chain-like structure, while non-starred panels have cones in separate clusters or without such interactions.","Panels without stars have cones arranged in separate clusters or without such interactions.""",0.0,"The hidden rule is that the panels with yellow stars (A, C, F) have a nesting or supporting interaction between their cone-shaped objects, where each cone either supports or is supported by another, forming a chain-like structure. In contrast, the non-starred panels (B, D, E) have cones arranged in separate clusters or without such interactions. **Answer:** The hidden rule is that starred panels have a nesting or supporting interaction between their cones, forming a chain-like structure, while non-starred panels have cones in separate clusters or without such interactions.  ||  LAST_RULE_SENTENCE: Panels without stars have cones arranged in separate clusters or without such interactions."""
182,s2b,4,6,JUDGE_neg_0.5,"The hidden rule that distinguishes the star panels from the non-star panels is that the star panels (A, C, F) have a more complex structure where the cones are arranged in a nested or overlapping chain, often with multiple cones on the floor and forming intricate interactions. In contrast, the non-star panels (B, D, E) have a more straightforward, linear arrangement with fewer such interactions. **Answer:** The hidden rule is that the star panels (A, C, F) have a nested or overlapping structure with cones either on the floor or stacked on each other, forming a chain, while non-star panels (B","My best guess is that the hidden rule is that star panels have a specific type of interaction where each cone is either on the floor or stacked on another, forming a chain or nested structure, while non-star panels have a more linear, flat arrangement with fewer interactions.",0.0,"The hidden rule that distinguishes the star panels from the non-star panels is that the star panels (A, C, F) have a more complex structure where the cones are arranged in a nested or overlapping chain, often with multiple cones on the floor and forming intricate interactions. In contrast, the non-star panels (B, D, E) have a more straightforward, linear arrangement with fewer such interactions. **Answer:** The hidden rule is that the star panels (A, C, F) have a nested or overlapping structure with cones either on the floor or stacked on each other, forming a chain, while non-star panels (B  ||  LAST_RULE_SENTENCE: My best guess is that the hidden rule is that star panels have a specific type of interaction where each cone is either on the floor or stacked on another, forming a chain or nested structure, while non-star panels have a more linear, flat arrangement with fewer interactions."
183,s2b,1,1,JUDGE_neg_1.0,"The hidden rule is that the panels with yellow stars (A, E, F) have a much longer and more intricate chain of cone connections, where each cone supports the next in a complex, possibly cyclic or very long sequence, creating a more intricate structure compared to the unstarred panels. The key difference is the length and complexity of the contact chains among the cones.","So, the key difference is the length and complexity of the contact chains among the cones.",0.0,"The hidden rule is that the panels with yellow stars (A, E, F) have a much longer and more intricate chain of cone connections, where each cone supports the next in a complex, possibly cyclic or very long sequence, creating a more intricate structure compared to the unstarred panels. The key difference is the length and complexity of the contact chains among the cones.  ||  LAST_RULE_SENTENCE: So, the key difference is the length and complexity of the contact chains among the cones."
184,s2b,1,3,JUDGE_neg_1.0,"The hidden rule is that the panels with yellow stars (A, E, F) are those where each cone is both supporting another cone and being supported by another cone, creating a mutual support chain. In contrast, panels without stars (B, C, D) have a less intricate structure where cones either support others or are supported but not both. **Step-by-Step Explanation:** 1. **Identify Starred vs. Non-Starred Panels:** A, E, F have stars, while B, C, D do not. 2. **Analyze Cone Relationships:** Examine how each cone interacts with others. 3. **Key Observation:** In starred panels, each cone acts as bot","So, my best guess is that the hidden rule is that each cone in the starred panels acts as both a supporter and a supported cone, forming a more complex, interconnected system.",0.0,"The hidden rule is that the panels with yellow stars (A, E, F) are those where each cone is both supporting another cone and being supported by another cone, creating a mutual support chain. In contrast, panels without stars (B, C, D) have a less intricate structure where cones either support others or are supported but not both. **Step-by-Step Explanation:** 1. **Identify Starred vs. Non-Starred Panels:** A, E, F have stars, while B, C, D do not. 2. **Analyze Cone Relationships:** Examine how each cone interacts with others. 3. **Key Observation:** In starred panels, each cone acts as bot  ||  LAST_RULE_SENTENCE: So, my best guess is that the hidden rule is that each cone in the starred panels acts as both a supporter and a supported cone, forming a more complex, interconnected system."
185,s2b,1,7,JUDGE_neg_1.0,"The hidden rule is that the panels with three distinct color layers have yellow stars. Specifically, the star panels (A, E, and F) each have three different color layers, while the non-star panels (B, C, D) have two. **Answer:** The rule is that panels with three distinct color layers have yellow stars.","So, the answer is that the panels with three color layers have yellow stars.",0.0,"The hidden rule is that the panels with three distinct color layers have yellow stars. Specifically, the star panels (A, E, and F) each have three different color layers, while the non-star panels (B, C, D) have two. **Answer:** The rule is that panels with three distinct color layers have yellow stars.  ||  LAST_RULE_SENTENCE: So, the answer is that the panels with three color layers have yellow stars."
186,s2b,2,9,JUDGE_neg_1.0,"The hidden rule is that the fourth cone in each panel acts as a bridge, connecting two other cones. Specifically, in the starred panels (A, B, and E), the fourth cone serves as a bridge between two others, while in the non-star panels (C, D, and F), the fourth cone either does not bridge two others or is in a different configuration. Thus, the key is the role of the fourth cone as a bridge. **Answer:** The hidden rule is that the fourth cone in the panel acts as a bridge, connecting two other cones.","So, the star panels have a cone in the fourth position that bridges between two others, while non-star panels do not have such a bridge.",0.0,"The hidden rule is that the fourth cone in each panel acts as a bridge, connecting two other cones. Specifically, in the starred panels (A, B, and E), the fourth cone serves as a bridge between two others, while in the non-star panels (C, D, and F), the fourth cone either does not bridge two others or is in a different configuration. Thus, the key is the role of the fourth cone as a bridge. **Answer:** The hidden rule is that the fourth cone in the panel acts as a bridge, connecting two other cones.  ||  LAST_RULE_SENTENCE: So, the star panels have a cone in the fourth position that bridges between two others, while non-star panels do not have such a bridge."
187,s2b,4,2,JUDGE_neg_1.0,"The hidden rule is that a panel is starred if the first cone is Right tilted. This applies to panels A, B, C, and F. **Answer:** The hidden rule is that a panel is starred if its first cone is Right tilted. Therefore, the starred panels are A, B, C, and F.","So the answer is that the panels with the first cone Right tilted are the starred ones, i.e., A, B, C, F.",0.0,"The hidden rule is that a panel is starred if the first cone is Right tilted. This applies to panels A, B, C, and F. **Answer:** The hidden rule is that a panel is starred if its first cone is Right tilted. Therefore, the starred panels are A, B, C, and F.  ||  LAST_RULE_SENTENCE: So the answer is that the panels with the first cone Right tilted are the starred ones, i.e., A, B, C, F."
188,s2b,4,9,JUDGE_neg_1.0,"The hidden rule is that a panel has a yellow star if it contains multiple nested cone pairs, where each cone is resting on another, forming a chain or cluster. Specifically, the starred panels (A, C, F) have three or more such nested pairs, whereas the unstarred (B, D, E) have fewer or different configurations. **Answer:** The panel has a yellow star if it contains multiple nested cone pairs, each supporting another, forming a chain or cluster. This is particularly evident in panels A, C, and F, which have three or more such nested structures, distinguishing them from B, D, and E.<｜end▁of▁sen","So, A, C, and F have this, while B, D, E do not.",0.0,"The hidden rule is that a panel has a yellow star if it contains multiple nested cone pairs, where each cone is resting on another, forming a chain or cluster. Specifically, the starred panels (A, C, F) have three or more such nested pairs, whereas the unstarred (B, D, E) have fewer or different configurations. **Answer:** The panel has a yellow star if it contains multiple nested cone pairs, each supporting another, forming a chain or cluster. This is particularly evident in panels A, C, and F, which have three or more such nested structures, distinguishing them from B, D, and E.<｜end▁of▁sen  ||  LAST_RULE_SENTENCE: So, A, C, and F have this, while B, D, E do not."
189,s2b,1,2,MONITOR_pos_0.5,"The hidden rule is that the starred panels (A, E, F) have all their cones either with their base on the floor or apex on the floor, while the unstarred panels (B, C, D) have at least one cone lying on its side. **Answer:** The starred panels (A, E, F) have all their cones either with their base on the floor or apex on the floor, while the unstarred panels (B, C, D) have at least one cone lying on its side.","So my best guess is that the hidden rule is that the starred panels (A, E, F) have all cones either with their base on the floor or apex on the floor, while the unstarred panels (B, C, D) have at least one cone lying on its side.",0.0,"The hidden rule is that the starred panels (A, E, F) have all their cones either with their base on the floor or apex on the floor, while the unstarred panels (B, C, D) have at least one cone lying on its side. **Answer:** The starred panels (A, E, F) have all their cones either with their base on the floor or apex on the floor, while the unstarred panels (B, C, D) have at least one cone lying on its side.  ||  LAST_RULE_SENTENCE: So my best guess is that the hidden rule is that the starred panels (A, E, F) have all cones either with their base on the floor or apex on the floor, while the unstarred panels (B, C, D) have at least one cone lying on its side."
190,s2b,1,3,MONITOR_pos_0.5,"The hidden rule is that a panel is marked with a yellow star if its cone arrangements form a single linear chain where each cone sequentially supports the next one in a consistent direction, creating a domino-like effect. **Answer:** The rule is that a panel is starred if its cone arrangements form a single linear chain where each cone sequentially supports the next one in a consistent direction, creating a domino-like effect.","So the rule is: If the cones form a linear support chain where each cone supports the next in a single direction, the panel has a yellow star; otherwise, it doesn't.",0.0,"The hidden rule is that a panel is marked with a yellow star if its cone arrangements form a single linear chain where each cone sequentially supports the next one in a consistent direction, creating a domino-like effect. **Answer:** The rule is that a panel is starred if its cone arrangements form a single linear chain where each cone sequentially supports the next one in a consistent direction, creating a domino-like effect.  ||  LAST_RULE_SENTENCE: So the rule is: If the cones form a linear support chain where each cone supports the next in a single direction, the panel has a yellow star; otherwise, it doesn't."
191,s2b,1,4,MONITOR_pos_0.5,"The hidden rule is that the panels with yellow stars have all their cones arranged in a single linear, sequential stacking order, each placed on top of the previous one, forming a straight tower. In contrast, the non-star panels have a more complex arrangement with some cones placed next to or inside each other, forming a three-dimensional structure. **Answer:** The panels with yellow stars are those where all the cones are arranged in a straight, sequential tower, each placed on top of the previous one, forming a linear chain. The non-star panels have a more complex arrangement with cones pl","Therefore, the rule is that star panels have a linear, sequential stacking of cones, while non-star panels have a more complex, nested arrangement.",0.0,"The hidden rule is that the panels with yellow stars have all their cones arranged in a single linear, sequential stacking order, each placed on top of the previous one, forming a straight tower. In contrast, the non-star panels have a more complex arrangement with some cones placed next to or inside each other, forming a three-dimensional structure. **Answer:** The panels with yellow stars are those where all the cones are arranged in a straight, sequential tower, each placed on top of the previous one, forming a linear chain. The non-star panels have a more complex arrangement with cones pl  ||  LAST_RULE_SENTENCE: Therefore, the rule is that star panels have a linear, sequential stacking of cones, while non-star panels have a more complex, nested arrangement."
192,s2b,1,5,MONITOR_pos_0.5,"The hidden rule is that the panel must contain at least one cone that is upside-down, with its apex resting on the floor. This feature distinguishes Panels A, E, and F as the starred ones. **Answer:** The hidden rule is that the panel must have at least one cone that is upside-down with its apex on the floor.","So, to sum up, the hidden rule is that the panel has at least one cone that is upside-down with its apex on the floor.",0.0,"The hidden rule is that the panel must contain at least one cone that is upside-down, with its apex resting on the floor. This feature distinguishes Panels A, E, and F as the starred ones. **Answer:** The hidden rule is that the panel must have at least one cone that is upside-down with its apex on the floor.  ||  LAST_RULE_SENTENCE: So, to sum up, the hidden rule is that the panel has at least one cone that is upside-down with its apex on the floor."
193,s2b,1,7,MONITOR_pos_0.5,"The hidden rule that distinguishes the starred panels from the unstarred ones is that each cone in a starred panel forms a single connected structure where every cone touches or supports another, creating a unified, interconnected component. In contrast, the unstarred panels have cones that are either isolated or not fully connected. Thus, the presence of a yellow star indicates that all cones in the panel are interconnected in a single connected structure. **Answer:** The hidden rule is that all panels with a yellow star have their cones arranged in a single connected structure where every c","So the hidden rule is that each cone in a starred panel is part of a connected structure where each one touches or supports another, forming a single connected component.",0.0,"The hidden rule that distinguishes the starred panels from the unstarred ones is that each cone in a starred panel forms a single connected structure where every cone touches or supports another, creating a unified, interconnected component. In contrast, the unstarred panels have cones that are either isolated or not fully connected. Thus, the presence of a yellow star indicates that all cones in the panel are interconnected in a single connected structure. **Answer:** The hidden rule is that all panels with a yellow star have their cones arranged in a single connected structure where every c  ||  LAST_RULE_SENTENCE: So the hidden rule is that each cone in a starred panel is part of a connected structure where each one touches or supports another, forming a single connected component."
194,s2b,1,9,MONITOR_pos_0.5,"The hidden rule that distinguishes the starred panels from the unstarred ones is that the starred panels (A, E, F) have a cyclic arrangement where each cone is both supporting and supported by another, forming a closed loop. In contrast, the unstarred panels (B, C, D) have a linear arrangement where each cone supports the next in a one-way chain without forming a cycle. **Answer:** The star panels (A, E, F) have a cyclic support structure where each cone is both supporting and supported by another, forming a closed loop, while the unstarred panels have a linear support chain without a cycle.<","Thus, the hidden rule is that the star panels have a cyclic arrangement of cones where each cone supports the next, and the last one supports the first, forming a closed loop.",0.0,"The hidden rule that distinguishes the starred panels from the unstarred ones is that the starred panels (A, E, F) have a cyclic arrangement where each cone is both supporting and supported by another, forming a closed loop. In contrast, the unstarred panels (B, C, D) have a linear arrangement where each cone supports the next in a one-way chain without forming a cycle. **Answer:** The star panels (A, E, F) have a cyclic support structure where each cone is both supporting and supported by another, forming a closed loop, while the unstarred panels have a linear support chain without a cycle.<  ||  LAST_RULE_SENTENCE: Thus, the hidden rule is that the star panels have a cyclic arrangement of cones where each cone supports the next, and the last one supports the first, forming a closed loop."
195,s2b,1,10,MONITOR_pos_0.5,"The hidden rule is that the star panels (A, E, F) form a single continuous chain where each cone is connected to the next, either in a linear or cyclic manner. Non-star panels (B, C, D) have a more complex arrangement with multiple branches or different interaction types. **Answer:** The star panels form a single continuous chain of cones, each supporting the next, creating either a linear or cyclic pattern. Non-star panels have a more complex structure with multiple branches or different interaction types.","Therefore, the best guess is that the hidden rule is that star panels form a single continuous chain of cones, each supporting the next, either in a linear or cyclic manner, while non-star panels have a different arrangement with multiple branches or different interaction types.",0.0,"The hidden rule is that the star panels (A, E, F) form a single continuous chain where each cone is connected to the next, either in a linear or cyclic manner. Non-star panels (B, C, D) have a more complex arrangement with multiple branches or different interaction types. **Answer:** The star panels form a single continuous chain of cones, each supporting the next, creating either a linear or cyclic pattern. Non-star panels have a more complex structure with multiple branches or different interaction types.  ||  LAST_RULE_SENTENCE: Therefore, the best guess is that the hidden rule is that star panels form a single continuous chain of cones, each supporting the next, either in a linear or cyclic manner, while non-star panels have a different arrangement with multiple branches or different interaction types."
196,s2b,2,8,MONITOR_pos_0.5,"The hidden rule is that a panel has a yellow star if and only if all the cone-shaped objects form a single continuous cluster on the panel. If the cones are arranged in multiple clusters or spread out, the panel does not have a star. **Answer:** Panels with a single continuous cluster of cones have a yellow star; those with multiple clusters or splits do not.",So that's the rule.,0.0,"The hidden rule is that a panel has a yellow star if and only if all the cone-shaped objects form a single continuous cluster on the panel. If the cones are arranged in multiple clusters or spread out, the panel does not have a star. **Answer:** Panels with a single continuous cluster of cones have a yellow star; those with multiple clusters or splits do not.  ||  LAST_RULE_SENTENCE: So that's the rule."
197,s2b,2,10,MONITOR_pos_0.5,"The hidden rule is that the starred panels (A, B, and E) have their cone structures arranged in a vertical stack, where each cone rests on the one directly below it, creating a continuous column. The non-starred panels (C, D, and F) have cones arranged in clusters or other configurations that do not form such a vertical stack. **Answer:** The star panels have their cone structures arranged vertically, each cone resting on the one below, forming a continuous column.","So I think the rule is that the star panels have a vertical stacking of cones, each supporting the one above, forming a column, while non-star panels have cones arranged differently, perhaps in clusters or other configurations.",0.0,"The hidden rule is that the starred panels (A, B, and E) have their cone structures arranged in a vertical stack, where each cone rests on the one directly below it, creating a continuous column. The non-starred panels (C, D, and F) have cones arranged in clusters or other configurations that do not form such a vertical stack. **Answer:** The star panels have their cone structures arranged vertically, each cone resting on the one below, forming a continuous column.  ||  LAST_RULE_SENTENCE: So I think the rule is that the star panels have a vertical stacking of cones, each supporting the one above, forming a column, while non-star panels have cones arranged differently, perhaps in clusters or other configurations."
198,s2b,3,1,MONITOR_pos_0.5,"The hidden rule is that a panel is starred if and only if every cone that is supporting another cone supports exactly one other cone, and every cone that is being supported is supported by exactly one supporter. In other words, the support relationships form a matching where each supporter supports one cone, and each supported cone is supported by one supporter. If any supporter supports multiple cones or is supported by multiple supporters, the panel is not starred. **Answer:** The panels with yellow stars are those where each supporting cone supports only one other cone, and each supported","So, I think that's the hidden rule.",0.0,"The hidden rule is that a panel is starred if and only if every cone that is supporting another cone supports exactly one other cone, and every cone that is being supported is supported by exactly one supporter. In other words, the support relationships form a matching where each supporter supports one cone, and each supported cone is supported by one supporter. If any supporter supports multiple cones or is supported by multiple supporters, the panel is not starred. **Answer:** The panels with yellow stars are those where each supporting cone supports only one other cone, and each supported  ||  LAST_RULE_SENTENCE: So, I think that's the hidden rule."
199,s2b,3,3,MONITOR_pos_0.5,"The hidden rule is that the panels with yellow stars have at least one cone that is both supporting another cone and being supported by another cone, creating a mutual support structure. The non-starred panels do not have such a mutual support relationship; their supporting relationships are unidirectional or absent. Answer: The panels with yellow stars are those where at least one cone is both supporting and being supported by another cone, forming a mutual support structure.","Given that, the answer is that the hidden rule is that the starred panels have a cone that is both supporting and being supported, forming a mutual support structure, while the non-starred panels do not have such a cone.",0.0,"The hidden rule is that the panels with yellow stars have at least one cone that is both supporting another cone and being supported by another cone, creating a mutual support structure. The non-starred panels do not have such a mutual support relationship; their supporting relationships are unidirectional or absent. Answer: The panels with yellow stars are those where at least one cone is both supporting and being supported by another cone, forming a mutual support structure.  ||  LAST_RULE_SENTENCE: Given that, the answer is that the hidden rule is that the starred panels have a cone that is both supporting and being supported, forming a mutual support structure, while the non-starred panels do not have such a cone."
200,s2b,3,7,MONITOR_pos_0.5,"The hidden rule that distinguishes the starred panels from the unstarred ones is that a panel is marked with a yellow star if it contains at least one upright cone that is supporting another upright cone on the floor. This means that in such panels, there exists a supporting relationship between two upright cones, whereas in the unstarred panels, the upright cones do not support each other. **Answer:** The rule is that a panel is marked with a yellow star if it has an upright cone supporting another upright cone on the floor.","So, my best guess is that the rule is: ""A panel is marked with a yellow star if it has an upright cone that is supporting another upright cone on the floor.""",0.0,"The hidden rule that distinguishes the starred panels from the unstarred ones is that a panel is marked with a yellow star if it contains at least one upright cone that is supporting another upright cone on the floor. This means that in such panels, there exists a supporting relationship between two upright cones, whereas in the unstarred panels, the upright cones do not support each other. **Answer:** The rule is that a panel is marked with a yellow star if it has an upright cone supporting another upright cone on the floor.  ||  LAST_RULE_SENTENCE: So, my best guess is that the rule is: ""A panel is marked with a yellow star if it has an upright cone that is supporting another upright cone on the floor."""
201,s2b,3,8,MONITOR_pos_0.5,"The hidden rule is that a panel is starred if the number of times cones are stacked on top of each other is even. This is because: - **A, C, and F** have 2, 4, and 0 stackings respectively, which are even numbers, so they have stars. - **B, D, and E** have 1 stacking each, which is odd, so they don't have stars. **Answer:** The rule is that a panel is starred if the number of stackings (cones placed on top of each other) is even.","So my best guess is that the rule is about the number of stackings: if even, star; if odd, no star.",0.0,"The hidden rule is that a panel is starred if the number of times cones are stacked on top of each other is even. This is because: - **A, C, and F** have 2, 4, and 0 stackings respectively, which are even numbers, so they have stars. - **B, D, and E** have 1 stacking each, which is odd, so they don't have stars. **Answer:** The rule is that a panel is starred if the number of stackings (cones placed on top of each other) is even.  ||  LAST_RULE_SENTENCE: So my best guess is that the rule is about the number of stackings: if even, star; if odd, no star."
202,s2b,4,1,MONITOR_pos_0.5,"The hidden rule is that the panels with a yellow star have their first two cones forming a stack, meaning one cone rests directly on top of the other, while the other panels have a chain where each cone rests on the next one, forming a longer sequence. **Answer:** The hidden rule is that the panels with a yellow star have their first two cones stacked, with one cone resting on top of the other, whereas the non-starred panels have their cones arranged in a chain where each rests on the next one.","So, the best guess is that the rule is that the first two cones form a stack, with one resting on top of the other, as opposed to a linear chain where each cone rests on the next one.",0.0,"The hidden rule is that the panels with a yellow star have their first two cones forming a stack, meaning one cone rests directly on top of the other, while the other panels have a chain where each cone rests on the next one, forming a longer sequence. **Answer:** The hidden rule is that the panels with a yellow star have their first two cones stacked, with one cone resting on top of the other, whereas the non-starred panels have their cones arranged in a chain where each rests on the next one.  ||  LAST_RULE_SENTENCE: So, the best guess is that the rule is that the first two cones form a stack, with one resting on top of the other, as opposed to a linear chain where each cone rests on the next one."
203,s2b,4,4,MONITOR_pos_0.5,"The hidden rule is that the starred panels (A, C, F) have all their cones arranged in a single continuous chain where each cone supports the next one, forming a connected structure. The non-starred panels (B, D, E) have either multiple separate structures or isolated cones. Therefore, the key differentiator is the presence of a single connected chain in the starred panels. **Answer:** The panels with yellow stars are those where all cones are arranged in a single continuous chain, each supporting the next, forming a connected structure.","So, the hidden rule is that the starred panels have all cones arranged in a single continuous chain where each cone supports the next one, forming a connected structure.",0.0,"The hidden rule is that the starred panels (A, C, F) have all their cones arranged in a single continuous chain where each cone supports the next one, forming a connected structure. The non-starred panels (B, D, E) have either multiple separate structures or isolated cones. Therefore, the key differentiator is the presence of a single connected chain in the starred panels. **Answer:** The panels with yellow stars are those where all cones are arranged in a single continuous chain, each supporting the next, forming a connected structure.  ||  LAST_RULE_SENTENCE: So, the hidden rule is that the starred panels have all cones arranged in a single continuous chain where each cone supports the next one, forming a connected structure."
204,s2b,4,5,MONITOR_pos_0.5,"The hidden rule that distinguishes the starred panels (A, C, F) from the unstarred ones (B, D, E) is that the starred panels exhibit a mutual support structure where each cone is supported by another in a cyclic manner, forming a closed loop. In contrast, the unstarred panels have a linear support chain where each cone supports the next one in a sequential fashion. This cyclic mutual support is the distinguishing feature of the starred panels. **Answer:** The panels with yellow stars have a mutual support structure where each cone cycles in supporting another, forming a closed loop, unlike th","So, the rule is likely that the starred panels have a mutual support structure where each cone is supported by another in a cycle, creating a closed loop, while non-starred panels have a linear support chain.",0.0,"The hidden rule that distinguishes the starred panels (A, C, F) from the unstarred ones (B, D, E) is that the starred panels exhibit a mutual support structure where each cone is supported by another in a cyclic manner, forming a closed loop. In contrast, the unstarred panels have a linear support chain where each cone supports the next one in a sequential fashion. This cyclic mutual support is the distinguishing feature of the starred panels. **Answer:** The panels with yellow stars have a mutual support structure where each cone cycles in supporting another, forming a closed loop, unlike th  ||  LAST_RULE_SENTENCE: So, the rule is likely that the starred panels have a mutual support structure where each cone is supported by another in a cycle, creating a closed loop, while non-starred panels have a linear support chain."
205,s2b,4,6,MONITOR_pos_0.5,"The hidden rule is that the star panels (A, C, F) have a single continuous chain of cones where each supports or is supported by the next, forming a linear structure. In contrast, the non-star panels (B, D, E) have multiple separate chains or different structures. Answer: The hidden rule is that the star panels have a single continuous chain of cones, each supporting or being supported by the next, forming a linear structure, while non-star panels have multiple separate chains or different arrangements.","So, the hidden rule is that the star panels (A, C, F) have a single continuous chain of cones where each supports or is supported by the next, forming a linear structure, while non-star panels (B, D, E) have multiple separate chains or different structures.",0.0,"The hidden rule is that the star panels (A, C, F) have a single continuous chain of cones where each supports or is supported by the next, forming a linear structure. In contrast, the non-star panels (B, D, E) have multiple separate chains or different structures. Answer: The hidden rule is that the star panels have a single continuous chain of cones, each supporting or being supported by the next, forming a linear structure, while non-star panels have multiple separate chains or different arrangements.  ||  LAST_RULE_SENTENCE: So, the hidden rule is that the star panels (A, C, F) have a single continuous chain of cones where each supports or is supported by the next, forming a linear structure, while non-star panels (B, D, E) have multiple separate chains or different structures."
206,s2b,4,8,MONITOR_pos_0.5,"The hidden rule is that a panel is marked with a yellow star if its cones form a closed supporting loop, where each cone is both supporting and being supported by another, creating a cycle. Non-star panels have a linear chain of supporting relationships without such a cycle. The answer is that the star panels are those where the cones form a closed supporting loop, creating a cycle, while non-star panels have a linear supporting chain. **Answer:** The panels with yellow stars are those where the cones form a closed supporting loop, creating a cycle. Non-star panels have a linear chain withou",The non-star panels have a linear chain where each cone supports the next but don't form a loop.,0.0,"The hidden rule is that a panel is marked with a yellow star if its cones form a closed supporting loop, where each cone is both supporting and being supported by another, creating a cycle. Non-star panels have a linear chain of supporting relationships without such a cycle. The answer is that the star panels are those where the cones form a closed supporting loop, creating a cycle, while non-star panels have a linear supporting chain. **Answer:** The panels with yellow stars are those where the cones form a closed supporting loop, creating a cycle. Non-star panels have a linear chain withou  ||  LAST_RULE_SENTENCE: The non-star panels have a linear chain where each cone supports the next but don't form a loop."
207,s2b,4,9,MONITOR_pos_0.5,"The hidden rule that distinguishes the starred panels (A, C, and F) from the non-starred ones (B, D, E) is that the starred panels have their first two cones arranged in a mutual leaning pair, where each cone supports and leans on the other. In contrast, the non-starred panels either have a trio of upright cones or a different arrangement without such a mutual leaning relationship. **Answer:** The panels with yellow stars (A, C, and F) are distinguished by having their first two cones arranged in a mutual leaning pair, where each cone supports the other. The non-starred panels (B, D, E) do n","So, the presence of such a mutual leaning pair in the first two cones distinguishes the starred panels.",0.0,"The hidden rule that distinguishes the starred panels (A, C, and F) from the non-starred ones (B, D, E) is that the starred panels have their first two cones arranged in a mutual leaning pair, where each cone supports and leans on the other. In contrast, the non-starred panels either have a trio of upright cones or a different arrangement without such a mutual leaning relationship. **Answer:** The panels with yellow stars (A, C, and F) are distinguished by having their first two cones arranged in a mutual leaning pair, where each cone supports the other. The non-starred panels (B, D, E) do n  ||  LAST_RULE_SENTENCE: So, the presence of such a mutual leaning pair in the first two cones distinguishes the starred panels."
208,s2b,1,3,MONITOR_pos_1.0,"The hidden rule is that a panel has a yellow star if the cones are arranged in a circular chain, forming a closed loop where each cone is connected to two others. **Answer:** The hidden rule is that a panel has a yellow star if the cones are arranged in a circular chain, forming a closed loop where each cone is connected to two others, creating a continuous cycle.","So the best guess is that the rule is: a panel has a yellow star if the cones are arranged in a circular chain where each cone is connected to two others, forming a loop.",0.0,"The hidden rule is that a panel has a yellow star if the cones are arranged in a circular chain, forming a closed loop where each cone is connected to two others. **Answer:** The hidden rule is that a panel has a yellow star if the cones are arranged in a circular chain, forming a closed loop where each cone is connected to two others, creating a continuous cycle.  ||  LAST_RULE_SENTENCE: So the best guess is that the rule is: a panel has a yellow star if the cones are arranged in a circular chain where each cone is connected to two others, forming a loop."
209,s2b,1,4,MONITOR_pos_1.0,"The hidden rule is that a panel has a yellow star if the number of color changes in the sequence of cone colors equals the number of stars. So, the number of color changes is equal to the number of stars in the panel. **Answer:** The hidden rule is that each panel with a yellow star has an equal number of color changes in the cone sequence as the number of stars.","Therefore, the answer is that the hidden rule is that the number of color changes in the sequence of cone colors equals the number of stars.",0.0,"The hidden rule is that a panel has a yellow star if the number of color changes in the sequence of cone colors equals the number of stars. So, the number of color changes is equal to the number of stars in the panel. **Answer:** The hidden rule is that each panel with a yellow star has an equal number of color changes in the cone sequence as the number of stars.  ||  LAST_RULE_SENTENCE: Therefore, the answer is that the hidden rule is that the number of color changes in the sequence of cone colors equals the number of stars."
210,s2b,1,7,MONITOR_pos_1.0,"The hidden rule is that a panel is marked with a yellow star if its first cone is positioned to touch the left border of the panel. If the first cone touches the left border, the panel is a star; otherwise, it is not. So, the answer is: The hidden rule is that a panel is a star if its first cone is touching the left border; otherwise, it isn't.","So, the answer is that the hidden rule is: The panel is a star if its first cone is touching the left border; otherwise, it's not.",0.0,"The hidden rule is that a panel is marked with a yellow star if its first cone is positioned to touch the left border of the panel. If the first cone touches the left border, the panel is a star; otherwise, it is not. So, the answer is: The hidden rule is that a panel is a star if its first cone is touching the left border; otherwise, it isn't.  ||  LAST_RULE_SENTENCE: So, the answer is that the hidden rule is: The panel is a star if its first cone is touching the left border; otherwise, it's not."
211,s2b,1,8,MONITOR_pos_1.0,"The hidden rule that distinguishes the starred panels from the others is that the starred panels (A, E, and F) have a sequential stacking of cones where each subsequent cone is placed on top of the previous one, forming a continuous chain that starts at the floor and builds upwards. In contrast, the non-starred panels (B, C, D) have a different arrangement where the cones are positioned differently, often with some lying on their sides or not forming such a continuous chain. **Answer:** The hidden rule is that the starred panels (A, E, and F) have a sequential stacking of cones, each placed","The non-starred panels don't have this sequential stacking; instead, they might have a mix of orientations or a different layout.",0.0,"The hidden rule that distinguishes the starred panels from the others is that the starred panels (A, E, and F) have a sequential stacking of cones where each subsequent cone is placed on top of the previous one, forming a continuous chain that starts at the floor and builds upwards. In contrast, the non-starred panels (B, C, D) have a different arrangement where the cones are positioned differently, often with some lying on their sides or not forming such a continuous chain. **Answer:** The hidden rule is that the starred panels (A, E, and F) have a sequential stacking of cones, each placed  ||  LAST_RULE_SENTENCE: The non-starred panels don't have this sequential stacking; instead, they might have a mix of orientations or a different layout."
212,s2b,1,10,MONITOR_pos_1.0,"The hidden rule is that the star is present on panels where all the cone arrangements form a single continuous chain, either linear or circular. Therefore, the star is a representation of a single chain where each cone supports the next in a continuous sequence or a circular formation. Answer: The star is present on panels where all the cones form a single continuous chain, either linear or circular.","So the rule is: the star is on panels where all the cones are connected in a single continuous chain, either linear or circular.",0.0,"The hidden rule is that the star is present on panels where all the cone arrangements form a single continuous chain, either linear or circular. Therefore, the star is a representation of a single chain where each cone supports the next in a continuous sequence or a circular formation. Answer: The star is present on panels where all the cones form a single continuous chain, either linear or circular.  ||  LAST_RULE_SENTENCE: So the rule is: the star is on panels where all the cones are connected in a single continuous chain, either linear or circular."
213,s2b,2,2,MONITOR_pos_1.0,"The hidden rule is that the star panels (A, B, and E) each contain a cone that is both supporting another cone and being supported by another cone, forming a mutual support relationship. This structure is not present in the non-star panels (C, D, F). Therefore, the rule that distinguishes the star panels is: **""In the star panels, there exists a cone that is both supporting another cone and being supported by another cone, creating a mutual support relationship.""** So, the answer is: The star panels are those where one cone is both supporting and being supported by another cone, forming a m","So, the rule is about the presence of a mutual support between two cones, making the star panels stand out.",0.0,"The hidden rule is that the star panels (A, B, and E) each contain a cone that is both supporting another cone and being supported by another cone, forming a mutual support relationship. This structure is not present in the non-star panels (C, D, F). Therefore, the rule that distinguishes the star panels is: **""In the star panels, there exists a cone that is both supporting another cone and being supported by another cone, creating a mutual support relationship.""** So, the answer is: The star panels are those where one cone is both supporting and being supported by another cone, forming a m  ||  LAST_RULE_SENTENCE: So, the rule is about the presence of a mutual support between two cones, making the star panels stand out."
214,s2b,2,3,MONITOR_pos_1.0,"The hidden rule is that the first and last cone in each panel must be the same color. If they are the same, the panel has a yellow star; otherwise, it doesn't. Answer: The rule is that the first and last cone in each panel must be the same color.","If they are, then the panel has a yellow star; otherwise, it doesn't.",0.0,"The hidden rule is that the first and last cone in each panel must be the same color. If they are the same, the panel has a yellow star; otherwise, it doesn't. Answer: The rule is that the first and last cone in each panel must be the same color.  ||  LAST_RULE_SENTENCE: If they are, then the panel has a yellow star; otherwise, it doesn't."
215,s2b,2,7,MONITOR_pos_1.0,"The hidden rule is that the star panels (A and B) have a sequential arrangement of cones forming a straight line, each supporting the next one. The non-starred panels (C, D, E, F) have a more complex arrangement, often with a central cone or multiple directions. Answer: The star panels (A and B) have five cones arranged in a straight line, each supporting the next in a sequential manner. The non-starred panels (C, D, E, F) have a more complex, often central or clustered arrangement. The rule is that the star panels have a sequential, linear arrangement of cones forming a chain, while the othe","So, to sum up, the hidden rule is that the star panels have a straight line of five cones arranged in a specific order, each supporting the next, while the non-starred have a more complex arrangement with a central cone or multiple directions.",0.0,"The hidden rule is that the star panels (A and B) have a sequential arrangement of cones forming a straight line, each supporting the next one. The non-starred panels (C, D, E, F) have a more complex arrangement, often with a central cone or multiple directions. Answer: The star panels (A and B) have five cones arranged in a straight line, each supporting the next in a sequential manner. The non-starred panels (C, D, E, F) have a more complex, often central or clustered arrangement. The rule is that the star panels have a sequential, linear arrangement of cones forming a chain, while the othe  ||  LAST_RULE_SENTENCE: So, to sum up, the hidden rule is that the star panels have a straight line of five cones arranged in a specific order, each supporting the next, while the non-starred have a more complex arrangement with a central cone or multiple directions."
216,s2b,3,2,MONITOR_pos_1.0,The hidden rule is that a panel is starred if and every time the number of color changes in the cone sequence is even.,So the answer is that the hidden rule is: The star panels are those where the number of color changes in the cone sequence is even.,0.0,The hidden rule is that a panel is starred if and every time the number of color changes in the cone sequence is even.  ||  LAST_RULE_SENTENCE: So the answer is that the hidden rule is: The star panels are those where the number of color changes in the cone sequence is even.
217,s2b,3,4,MONITOR_pos_1.0,"The hidden rule is that a panel is marked with a yellow star if and **the number of color changes in the cone sequence is four**. Panels with four color changes are A, C, and F, while those with three changes are B, D, and E. **Answer:** The hidden rule is that a panel is marked with a yellow star if the number of color changes in the cone sequence is four.","Otherwise, it's not starred.",0.0,"The hidden rule is that a panel is marked with a yellow star if and **the number of color changes in the cone sequence is four**. Panels with four color changes are A, C, and F, while those with three changes are B, D, and E. **Answer:** The hidden rule is that a panel is marked with a yellow star if the number of color changes in the cone sequence is four.  ||  LAST_RULE_SENTENCE: Otherwise, it's not starred."
218,s2b,3,8,MONITOR_pos_1.0,"The hidden rule that distinguishes the star panels from the non-star ones is based on the number of color changes in the sequence of the cone colors. A panel is a star if it has four color changes, while non-star panels have three color changes. **Answer:** The rule is that a panel is a star if it has four color changes in the cone color sequence, and it's not a star if it has three color changes.","So, the best guess is that the rule is the number of color changes in the cone color sequence: four for stars, three for non-stars.",0.0,"The hidden rule that distinguishes the star panels from the non-star ones is based on the number of color changes in the sequence of the cone colors. A panel is a star if it has four color changes, while non-star panels have three color changes. **Answer:** The rule is that a panel is a star if it has four color changes in the cone color sequence, and it's not a star if it has three color changes.  ||  LAST_RULE_SENTENCE: So, the best guess is that the rule is the number of color changes in the cone color sequence: four for stars, three for non-stars."
219,s2b,4,5,MONITOR_pos_1.0,"The hidden rule is that the star panels have the first two cones arranged as a leaning pair, and the remaining cones form a vertical stack, each supporting the next one. The other panels do not have this structure. Therefore, the star panels are those where the first two cones are a leaning pair, and the rest form a vertical stack. **Answer:** The hidden rule is that the star panels (A, C, and F) are the ones where the first two cones form a leaning pair, and the remaining cones form a vertical stack. The other panels (B, D, and E) do not follow this structure. Therefore, the star panels are","So, the first two are a leaning pair, and the rest are stacked.",0.0,"The hidden rule is that the star panels have the first two cones arranged as a leaning pair, and the remaining cones form a vertical stack, each supporting the next one. The other panels do not have this structure. Therefore, the star panels are those where the first two cones are a leaning pair, and the rest form a vertical stack. **Answer:** The hidden rule is that the star panels (A, C, and F) are the ones where the first two cones form a leaning pair, and the remaining cones form a vertical stack. The other panels (B, D, and E) do not follow this structure. Therefore, the star panels are  ||  LAST_RULE_SENTENCE: So, the first two are a leaning pair, and the rest are stacked."
220,s2b,4,6,MONITOR_pos_1.0,"The hidden rule that distinguishes the starred panels (A, C, and F) from the non-star panels (B, D, and E) is that the star panels form a sequential support chain where each cone is both supporting and being supported by another, creating a continuous mutual support system. In contrast, the non-star panels have a single support structure where one cone supports another without the reverse. **Answer:** The star panels (A, C, and F) are distinguished by forming a sequential support chain where each cone is both supporting and being supported by another, creating a continuous mutual support sys","So, the answer is that the star panels are the ones where each cone is supporting another in a sequential chain, forming a continuous support structure.",0.0,"The hidden rule that distinguishes the starred panels (A, C, and F) from the non-star panels (B, D, and E) is that the star panels form a sequential support chain where each cone is both supporting and being supported by another, creating a continuous mutual support system. In contrast, the non-star panels have a single support structure where one cone supports another without the reverse. **Answer:** The star panels (A, C, and F) are distinguished by forming a sequential support chain where each cone is both supporting and being supported by another, creating a continuous mutual support sys  ||  LAST_RULE_SENTENCE: So, the answer is that the star panels are the ones where each cone is supporting another in a sequential chain, forming a continuous support structure."
221,s2b,4,10,MONITOR_pos_1.0,"The hidden rule is that the yellow star panels are the ones where each cone is interacting with others, either supporting or being supported, creating a layered, interconnected structure. Non-star panels have a more independent arrangement where each cone is separate. So, the best guess is that the star panels (A, C, F) exhibit a complex, interactive arrangement of cones, while the non-star panels (B, D, E) have a more straightforward, independent setup. **Answer:** The hidden rule is that the yellow star panels are those where the cone arrangements are interactive, with some cones stacke","Therefore, the rule is that the star panels have an interactive arrangement where each cone either supports or is supported by another, creating a layered, interconnected structure, while non-star panels have a more independent arrangement with less interaction.",0.0,"The hidden rule is that the yellow star panels are the ones where each cone is interacting with others, either supporting or being supported, creating a layered, interconnected structure. Non-star panels have a more independent arrangement where each cone is separate. So, the best guess is that the star panels (A, C, F) exhibit a complex, interactive arrangement of cones, while the non-star panels (B, D, E) have a more straightforward, independent setup. **Answer:** The hidden rule is that the yellow star panels are those where the cone arrangements are interactive, with some cones stacke  ||  LAST_RULE_SENTENCE: Therefore, the rule is that the star panels have an interactive arrangement where each cone either supports or is supported by another, creating a layered, interconnected structure, while non-star panels have a more independent arrangement with less interaction."
222,s2b,1,3,MONITOR_neg_0.5,The hidden rule is: **A panel has a yellow star if and only if it contains cones of three different colors.** **Answer:** A panel is marked with a yellow star if it features cones of three distinct colors.,I think that's the best guess.,0.0,The hidden rule is: **A panel has a yellow star if and only if it contains cones of three different colors.** **Answer:** A panel is marked with a yellow star if it features cones of three distinct colors.  ||  LAST_RULE_SENTENCE: I think that's the best guess.
223,s2b,1,4,MONITOR_neg_0.5,"The hidden rule is that a panel is marked with a yellow star if it contains at least one Red cone and at least one Green cone. **Step-by-step explanation:** 1. **Identify Key Attributes:** For each panel, check the presence of Red, Green, and Blue cones. 2. **Check for Red and Green:** A panel is starred if it contains both Red and Green cones. 3. **Verify Exceptions:** Ensure that panels without both Red and Green are unstarred, and those with both are starred. **Final Answer:** A panel is marked with a yellow star if it contains both Red and Green cones.",So the hidden rule is: A panel is marked with a yellow star if and only if it contains at least one Red cone and at least one Green cone.,1.0,"The hidden rule is that a panel is marked with a yellow star if it contains at least one Red cone and at least one Green cone. **Step-by-step explanation:** 1. **Identify Key Attributes:** For each panel, check the presence of Red, Green, and Blue cones. 2. **Check for Red and Green:** A panel is starred if it contains both Red and Green cones. 3. **Verify Exceptions:** Ensure that panels without both Red and Green are unstarred, and those with both are starred. **Final Answer:** A panel is marked with a yellow star if it contains both Red and Green cones.  ||  LAST_RULE_SENTENCE: So the hidden rule is: A panel is marked with a yellow star if and only if it contains at least one Red cone and at least one Green cone."
224,s2b,1,6,MONITOR_neg_0.5,"The hidden rule that distinguishes panels with a yellow star from those without is that a panel is marked with a yellow star if it contains at least one ""lying"" orientation and at least one ""upside-down"" orientation.","Therefore, the hidden rule is that a panel is marked with a yellow star if it contains at least one ""lying"" orientation and at least one ""upside-down"" orientation.",0.0,"The hidden rule that distinguishes panels with a yellow star from those without is that a panel is marked with a yellow star if it contains at least one ""lying"" orientation and at least one ""upside-down"" orientation.  ||  LAST_RULE_SENTENCE: Therefore, the hidden rule is that a panel is marked with a yellow star if it contains at least one ""lying"" orientation and at least one ""upside-down"" orientation."
225,s2b,1,7,MONITOR_neg_0.5,"The hidden rule that distinguishes the starred panels (A, E, F) from the unstarred (B, C, D) is that each starred panel contains exactly one upside-down cone, whereas the unstarred panels have none. **Step-by-Step Explanation:** 1. **Identify the Key Feature:** Examine each panel's cone orientations. 2. **Count Upside-Down Cones:** - **A:** Cone 6 is upside-down. - **E:** Cone 5 is upside-down. - **F:** Cone 6 is upside-down. - **B, C, D:** No upside-down cones. 3. **Formulate the Rule:** Starred panels each have one upside-down cone; others have none. **Answer:** The hidden rul","So my best guess is that the rule is: ""Each starred panel contains exactly one upside-down cone.""",0.0,"The hidden rule that distinguishes the starred panels (A, E, F) from the unstarred (B, C, D) is that each starred panel contains exactly one upside-down cone, whereas the unstarred panels have none. **Step-by-Step Explanation:** 1. **Identify the Key Feature:** Examine each panel's cone orientations. 2. **Count Upside-Down Cones:** - **A:** Cone 6 is upside-down. - **E:** Cone 5 is upside-down. - **F:** Cone 6 is upside-down. - **B, C, D:** No upside-down cones. 3. **Formulate the Rule:** Starred panels each have one upside-down cone; others have none. **Answer:** The hidden rul  ||  LAST_RULE_SENTENCE: So my best guess is that the rule is: ""Each starred panel contains exactly one upside-down cone."""
226,s2b,1,9,MONITOR_neg_0.5,The hidden rule is that a panel has a yellow star if and only if the cone-shaped objects on it use three distinct colors. **Answer:** A panel has a yellow star if it contains three different colors among its cone-shaped objects.,So the hidden rule is that a panel has a yellow star if and only if it features three different colors in its cone objects.,0.0,The hidden rule is that a panel has a yellow star if and only if the cone-shaped objects on it use three distinct colors. **Answer:** A panel has a yellow star if it contains three different colors among its cone-shaped objects.  ||  LAST_RULE_SENTENCE: So the hidden rule is that a panel has a yellow star if and only if it features three different colors in its cone objects.
227,s2b,1,10,MONITOR_neg_0.5,"The hidden rule is that a panel is marked with a yellow star if and only if it contains all three colors: Red, Green, and Blue among its cone-shaped objects. If a panel only uses two or fewer colors, it does not have a star. **Answer:** The rule is that a panel has a yellow star if it contains all three colors (Red, Green, and Blue) in its cone objects, while non-starred panels use only two colors.","So the rule is: ""A panel is starred if and only if it contains all three colors (Red, Green, Blue) in its cone objects.""",0.0,"The hidden rule is that a panel is marked with a yellow star if and only if it contains all three colors: Red, Green, and Blue among its cone-shaped objects. If a panel only uses two or fewer colors, it does not have a star. **Answer:** The rule is that a panel has a yellow star if it contains all three colors (Red, Green, and Blue) in its cone objects, while non-starred panels use only two colors.  ||  LAST_RULE_SENTENCE: So the rule is: ""A panel is starred if and only if it contains all three colors (Red, Green, Blue) in its cone objects."""
228,s2b,2,3,MONITOR_neg_0.5,The hidden rule is that a panel is marked with a yellow star if it contains two or more Small cones. **Answer:** The rule is that a panel has a yellow star if it contains two or more Small cones.,So my best guess is that the hidden rule is: A panel is starred if and only if it contains two or more Small cones.,0.0,The hidden rule is that a panel is marked with a yellow star if it contains two or more Small cones. **Answer:** The rule is that a panel has a yellow star if it contains two or more Small cones.  ||  LAST_RULE_SENTENCE: So my best guess is that the hidden rule is: A panel is starred if and only if it contains two or more Small cones.
229,s2b,2,4,MONITOR_neg_0.5,"The hidden rule that distinguishes panels with yellow stars from those without is that the starred panels have their cones arranged in a connected, sequential cluster where each cone is directly adjacent or interacting with the next, forming a specific pattern. Non-starred panels have cones that are either isolated or do not follow this connected order. **Answer:** A panel has a yellow star if its cones form a connected, sequential cluster, each interacting with the next, while non-starred panels have cones that are either isolated or not part of such a connected arrangement.<｜end▁of▁sentence","So, the rule could be: ""A panel has a yellow star if its cones are arranged in a connected, sequential order where each cone is connected to the next, forming a cluster, while non-starred panels have cones that are either isolated or not following this connected order.""",0.0,"The hidden rule that distinguishes panels with yellow stars from those without is that the starred panels have their cones arranged in a connected, sequential cluster where each cone is directly adjacent or interacting with the next, forming a specific pattern. Non-starred panels have cones that are either isolated or do not follow this connected order. **Answer:** A panel has a yellow star if its cones form a connected, sequential cluster, each interacting with the next, while non-starred panels have cones that are either isolated or not part of such a connected arrangement.<｜end▁of▁sentence  ||  LAST_RULE_SENTENCE: So, the rule could be: ""A panel has a yellow star if its cones are arranged in a connected, sequential order where each cone is connected to the next, forming a cluster, while non-starred panels have cones that are either isolated or not following this connected order."""
230,s2b,2,7,MONITOR_neg_0.5,"The hidden rule that distinguishes the starred panels (A, B, E) from the unstarred (C, D, F) is that the starred panels have all their cones on the base, connected in one or two simple clusters or chains. If any cone is not on the base or the arrangement is more complex (like nested structures), the panel is not starred. **Answer:** The hidden rule is that a panel is starred if all its cones are on the base, connected in one or two simple clusters or chains. Otherwise, it is not starred.","Thus, the hidden rule is that the panel is starred if all its cones are on the base and connected in one or two simple clusters or chains, otherwise not.",0.0,"The hidden rule that distinguishes the starred panels (A, B, E) from the unstarred (C, D, F) is that the starred panels have all their cones on the base, connected in one or two simple clusters or chains. If any cone is not on the base or the arrangement is more complex (like nested structures), the panel is not starred. **Answer:** The hidden rule is that a panel is starred if all its cones are on the base, connected in one or two simple clusters or chains. Otherwise, it is not starred.  ||  LAST_RULE_SENTENCE: Thus, the hidden rule is that the panel is starred if all its cones are on the base and connected in one or two simple clusters or chains, otherwise not."
231,s2b,2,9,MONITOR_neg_0.5,"The hidden rule is: **A panel has a yellow star if the first and last cones are the same color; otherwise, it does not.** **Step-by-step explanation:** 1. **Examine the first and last cones of each panel.** 2. **Compare their colors.** 3. **If they are the same color, the panel has a yellow star. Otherwise, it does not.** **Conclusion:** Panels A and E have their first and last cones of the same color, thus they have yellow stars. The other panels have different colors for their first and last cones, so they do not have yellow stars.","Therefore, my best guess is that the hidden rule is: ""A panel has a yellow star if the first and last cones are the same color; otherwise, it does not.""",0.0,"The hidden rule is: **A panel has a yellow star if the first and last cones are the same color; otherwise, it does not.** **Step-by-step explanation:** 1. **Examine the first and last cones of each panel.** 2. **Compare their colors.** 3. **If they are the same color, the panel has a yellow star. Otherwise, it does not.** **Conclusion:** Panels A and E have their first and last cones of the same color, thus they have yellow stars. The other panels have different colors for their first and last cones, so they do not have yellow stars.  ||  LAST_RULE_SENTENCE: Therefore, my best guess is that the hidden rule is: ""A panel has a yellow star if the first and last cones are the same color; otherwise, it does not."""
232,s2b,2,10,MONITOR_neg_0.5,"The hidden rule is that a panel receives a yellow star if its five cones form a single interconnected cluster, where each cone touches or supports another cone, creating a unified structure. If the cones are arranged in a disconnected or isolated manner, the panel does not receive a star. **Answer:** A panel has a yellow star if its five cones form a single interconnected cluster, with each cone interacting with at least one other cone to create a cohesive structure.","If the cones are arranged in a disconnected or isolated manner, the panel doesn't have a star.",0.0,"The hidden rule is that a panel receives a yellow star if its five cones form a single interconnected cluster, where each cone touches or supports another cone, creating a unified structure. If the cones are arranged in a disconnected or isolated manner, the panel does not receive a star. **Answer:** A panel has a yellow star if its five cones form a single interconnected cluster, with each cone interacting with at least one other cone to create a cohesive structure.  ||  LAST_RULE_SENTENCE: If the cones are arranged in a disconnected or isolated manner, the panel doesn't have a star."
233,s2b,4,1,MONITOR_neg_0.5,"The hidden rule is that a panel is starred if every cone on it is either supporting another cone or being supported by another, forming a continuous chain or structure without gaps. Non-starred panels have at least one cone that doesn't interact in this way. **Answer:** A panel is starred if each cone is either supporting or being supported by another, creating a continuous chain. Non-starred panels have at least one cone not interacting in this manner.","Therefore, the best guess is that the hidden rule is that a starred panel has every cone either supporting another or being supported by another, creating a continuous chain or structure, while non-starred panels have at least one cone that doesn't interact in this way.",0.0,"The hidden rule is that a panel is starred if every cone on it is either supporting another cone or being supported by another, forming a continuous chain or structure without gaps. Non-starred panels have at least one cone that doesn't interact in this way. **Answer:** A panel is starred if each cone is either supporting or being supported by another, creating a continuous chain. Non-starred panels have at least one cone not interacting in this manner.  ||  LAST_RULE_SENTENCE: Therefore, the best guess is that the hidden rule is that a starred panel has every cone either supporting another or being supported by another, creating a continuous chain or structure, while non-starred panels have at least one cone that doesn't interact in this way."
234,s2b,4,2,MONITOR_neg_0.5,"The hidden rule is that a panel is marked with a yellow star if it contains at least one cone in each of the three orientations: right, left, and up. If a panel only has two or fewer orientations, it does not have a star. **Answer:** A panel is starred if it contains at least one cone in each of the three orientations: right, left, and up.","So the hidden rule is that a panel is starred if it contains at least one cone in each of the three orientations: right, left, and up.",0.0,"The hidden rule is that a panel is marked with a yellow star if it contains at least one cone in each of the three orientations: right, left, and up. If a panel only has two or fewer orientations, it does not have a star. **Answer:** A panel is starred if it contains at least one cone in each of the three orientations: right, left, and up.  ||  LAST_RULE_SENTENCE: So the hidden rule is that a panel is starred if it contains at least one cone in each of the three orientations: right, left, and up."
235,s2b,4,5,MONITOR_neg_0.5,The hidden rule is that a panel has a yellow star if it has exactly two color changes in its cone colors. This rule is consistent with all the given panels. **Answer:** A panel has a yellow star if it has exactly two color changes in its cone colors.,"Therefore, the best guess is that the hidden rule is: ""A panel has a yellow star if it has exactly two color changes in its cone colors; otherwise, it does not.""",0.0,"The hidden rule is that a panel has a yellow star if it has exactly two color changes in its cone colors. This rule is consistent with all the given panels. **Answer:** A panel has a yellow star if it has exactly two color changes in its cone colors.  ||  LAST_RULE_SENTENCE: Therefore, the best guess is that the hidden rule is: ""A panel has a yellow star if it has exactly two color changes in its cone colors; otherwise, it does not."""
236,s2b,4,6,MONITOR_neg_0.5,"The hidden rule that distinguishes the panels with a yellow star is that these panels contain at least two cones that are in a resting-on-lying, overlapping, or stacked relationship, forming pairs or triplets. Non-starred panels have cones that are more individually positioned or nested without such interactions. **Answer:** The panels with yellow stars have at least two cones that rest on, overlap, or stack each other, forming pairs or triplets, while non-starred panels have cones that are individually positioned or nested without such interactions.","Therefore, the hidden rule might be: ""A panel has a yellow star if it features at least two cones that are in a resting-on-lying, overlapping, or stacked relationship, forming pairs or triplets, while non-starred panels have cones that are more individually positioned or nested without such interactions.""",0.0,"The hidden rule that distinguishes the panels with a yellow star is that these panels contain at least two cones that are in a resting-on-lying, overlapping, or stacked relationship, forming pairs or triplets. Non-starred panels have cones that are more individually positioned or nested without such interactions. **Answer:** The panels with yellow stars have at least two cones that rest on, overlap, or stack each other, forming pairs or triplets, while non-starred panels have cones that are individually positioned or nested without such interactions.  ||  LAST_RULE_SENTENCE: Therefore, the hidden rule might be: ""A panel has a yellow star if it features at least two cones that are in a resting-on-lying, overlapping, or stacked relationship, forming pairs or triplets, while non-starred panels have cones that are more individually positioned or nested without such interactions."""
237,s2b,1,1,MONITOR_neg_1.0,The hidden rule is that a panel has a yellow star if it contains at least three distinct colors among its cone colors. **Answer:** The rule is that a panel gets a yellow star if it contains at least three different colors among its cone colors.,I think that's the best guess.,0.0,The hidden rule is that a panel has a yellow star if it contains at least three distinct colors among its cone colors. **Answer:** The rule is that a panel gets a yellow star if it contains at least three different colors among its cone colors.  ||  LAST_RULE_SENTENCE: I think that's the best guess.
238,s2b,1,2,MONITOR_neg_1.0,"The hidden rule that distinguishes the starred from unstarred panels is that a panel has a yellow star if it contains at least two ""Small"" cones. **Answer:** A panel has a yellow star if it contains at least two ""Small"" cones.","After careful analysis, I believe the rule is that a panel has a yellow star if it has at least two ""Small"" cones.",0.0,"The hidden rule that distinguishes the starred from unstarred panels is that a panel has a yellow star if it contains at least two ""Small"" cones. **Answer:** A panel has a yellow star if it contains at least two ""Small"" cones.  ||  LAST_RULE_SENTENCE: After careful analysis, I believe the rule is that a panel has a yellow star if it has at least two ""Small"" cones."
239,s2b,1,4,MONITOR_neg_1.0,"The hidden rule that distinguishes the starred (A, E, F) from unstarred (B, C, D) panels is that the starred panels have a more complex arrangement of cones with greater connectivity, more varied colors, and intricate positioning, while the unstarred have fewer connections, more uniform colors, and simpler positions. **Answer:** The rule is that the starred panels (A, E, F) have a more complex, interlocking arrangement of cones with varied colors and intricate positioning, whereas the unstarred (B, C, D) have simpler, less connected arrangements, fewer color variations, and more straightforwa","To sum up, the hidden rule likely involves the way cones are connected, their colors, orientations, or positions, distinguishing between complex, interlocking arrangements (starred) and simpler, less-interconnected ones (unstarred).",0.0,"The hidden rule that distinguishes the starred (A, E, F) from unstarred (B, C, D) panels is that the starred panels have a more complex arrangement of cones with greater connectivity, more varied colors, and intricate positioning, while the unstarred have fewer connections, more uniform colors, and simpler positions. **Answer:** The rule is that the starred panels (A, E, F) have a more complex, interlocking arrangement of cones with varied colors and intricate positioning, whereas the unstarred (B, C, D) have simpler, less connected arrangements, fewer color variations, and more straightforwa  ||  LAST_RULE_SENTENCE: To sum up, the hidden rule likely involves the way cones are connected, their colors, orientations, or positions, distinguishing between complex, interlocking arrangements (starred) and simpler, less-interconnected ones (unstarred)."
240,s2b,1,5,MONITOR_neg_1.0,"**Answer:** The hidden rule is that all panels with a yellow star (A, E, F) have more than five cones.**",I'll go with the guess that the rule is that starred panels have more than 5 cones.,0.0,"**Answer:** The hidden rule is that all panels with a yellow star (A, E, F) have more than five cones.**  ||  LAST_RULE_SENTENCE: I'll go with the guess that the rule is that starred panels have more than 5 cones."
241,s2b,1,6,MONITOR_neg_1.0,"The hidden rule is that a panel gets a yellow star if it contains all three distinct colors: Red, Green, and Blue. If a panel only has two or fewer colors, it does not have a yellow star. **Answer:** A panel has a yellow star if it contains all three colors: Red, Green, and Blue.","So, that's my best guess.",0.0,"The hidden rule is that a panel gets a yellow star if it contains all three distinct colors: Red, Green, and Blue. If a panel only has two or fewer colors, it does not have a yellow star. **Answer:** A panel has a yellow star if it contains all three colors: Red, Green, and Blue.  ||  LAST_RULE_SENTENCE: So, that's my best guess."
242,s2b,1,7,MONITOR_neg_1.0,"The hidden rule is that the panels with the yellow star (A, E, F) have at least one ""Lying"" or ""tilted"" orientation, while those without the star (B, C, D) do not. **Answer:** The rule is that the starred panels (A, E, F) each have at least one cone with a ""Lying"" or ""tilted"" orientation, whereas the unstarred panels (B, C, D) do not have any.","So, my best guess is that the rule is that the starred panels have at least one ""Lying"" or ""tilted"" orientation, while the non-starred do not.",0.0,"The hidden rule is that the panels with the yellow star (A, E, F) have at least one ""Lying"" or ""tilted"" orientation, while those without the star (B, C, D) do not. **Answer:** The rule is that the starred panels (A, E, F) each have at least one cone with a ""Lying"" or ""tilted"" orientation, whereas the unstarred panels (B, C, D) do not have any.  ||  LAST_RULE_SENTENCE: So, my best guess is that the rule is that the starred panels have at least one ""Lying"" or ""tilted"" orientation, while the non-starred do not."
243,s2b,1,8,MONITOR_neg_1.0,"The hidden rule is that a panel is starred if it contains at least three different colors. This is because the starred panels (A, E, F) each have three distinct colors, while the non-starred (B, C, D) have either one or two colors. **Answer:** A panel is starred if it has at least three different colors.",So the hidden rule is that a panel is starred if it has at least three different colors.,0.0,"The hidden rule is that a panel is starred if it contains at least three different colors. This is because the starred panels (A, E, F) each have three distinct colors, while the non-starred (B, C, D) have either one or two colors. **Answer:** A panel is starred if it has at least three different colors.  ||  LAST_RULE_SENTENCE: So the hidden rule is that a panel is starred if it has at least three different colors."
244,s2b,1,9,MONITOR_neg_1.0,"The hidden rule that distinguishes the panels with a yellow star (A, E, F) from those without (B, C, D) is that the starred panels have a more complex and intricate arrangement of their cones, characterized by having multiple layers or connections, such as nested or overlapping structures, while the non-starred panels have a simpler arrangement with fewer such connections. **Answer:** The hidden rule is that a panel has a yellow star if it has a more complex arrangement of cones, specifically those that have multiple layers or connections, such as nested or overlapping structures.<｜end▁of▁sen","I'll go with my best guess: The hidden rule is that a panel has a yellow star if it has more than three cones connected in a specific way, such as nested or overlapping.",0.0,"The hidden rule that distinguishes the panels with a yellow star (A, E, F) from those without (B, C, D) is that the starred panels have a more complex and intricate arrangement of their cones, characterized by having multiple layers or connections, such as nested or overlapping structures, while the non-starred panels have a simpler arrangement with fewer such connections. **Answer:** The hidden rule is that a panel has a yellow star if it has a more complex arrangement of cones, specifically those that have multiple layers or connections, such as nested or overlapping structures.<｜end▁of▁sen  ||  LAST_RULE_SENTENCE: I'll go with my best guess: The hidden rule is that a panel has a yellow star if it has more than three cones connected in a specific way, such as nested or overlapping."
245,s2b,1,10,MONITOR_neg_1.0,"The hidden rule that distinguishes the starred panels (A, E, F) is that a panel gets a yellow star if any of its cones have an orientation of ""Lying"" or ""Tilted"". Non-starred panels (B, C, D) have all their cones in ""Upright"" orientation. **Answer:** A panel has a yellow star if any of its cones are ""Lying"" or ""Tilted"".",I'll go with this as the rule.,0.0,"The hidden rule that distinguishes the starred panels (A, E, F) is that a panel gets a yellow star if any of its cones have an orientation of ""Lying"" or ""Tilted"". Non-starred panels (B, C, D) have all their cones in ""Upright"" orientation. **Answer:** A panel has a yellow star if any of its cones are ""Lying"" or ""Tilted"".  ||  LAST_RULE_SENTENCE: I'll go with this as the rule."
246,s2b,2,1,MONITOR_neg_1.0,"The hidden rule is that a panel is marked with a yellow star if it contains a sequence of three or more cones, each resting on the one before, forming a chain. This is because the star panels (A, B, E) have such a chain, while non-star panels (C, D, F) do not. **Answer:** A panel is marked with a yellow star if it contains a sequence of three or more cones, each resting on the one before, forming a chain.","Thus, the hidden rule is that a panel is marked with a yellow star if it contains a sequence of three or more cones, each resting on the one before, forming a chain.",0.0,"The hidden rule is that a panel is marked with a yellow star if it contains a sequence of three or more cones, each resting on the one before, forming a chain. This is because the star panels (A, B, E) have such a chain, while non-star panels (C, D, F) do not. **Answer:** A panel is marked with a yellow star if it contains a sequence of three or more cones, each resting on the one before, forming a chain.  ||  LAST_RULE_SENTENCE: Thus, the hidden rule is that a panel is marked with a yellow star if it contains a sequence of three or more cones, each resting on the one before, forming a chain."
247,s2b,2,2,MONITOR_neg_1.0,"**Final Answer:** The hidden rule that distinguishes panels with a yellow star is that all starred panels (A, B, E) contain at least one cone that is ""lying"" on its side. Specifically, these are the ones with the ""Lying"" orientation. Non-starred panels (C, D, F) do not have any such ""Lying"" cones. **Step-by-Step Explanation:** 1. **Identify the Key Feature:** - Examine the ""orientation"" of each cone in the ""cones"" array for each panel. 2. **Analyze the Starred Panels:** - **Panel A:** No ""lying"" orientation. - **Panel B:** No ""lying"" orientation. - **Panel E:** Cone 3 is ""Lying",,0.0,"**Final Answer:** The hidden rule that distinguishes panels with a yellow star is that all starred panels (A, B, E) contain at least one cone that is ""lying"" on its side. Specifically, these are the ones with the ""Lying"" orientation. Non-starred panels (C, D, F) do not have any such ""Lying"" cones. **Step-by-Step Explanation:** 1. **Identify the Key Feature:** - Examine the ""orientation"" of each cone in the ""cones"" array for each panel. 2. **Analyze the Starred Panels:** - **Panel A:** No ""lying"" orientation. - **Panel B:** No ""lying"" orientation. - **Panel E:** Cone 3 is ""Lying"
248,s2b,2,3,MONITOR_neg_1.0,"The hidden rule is: **""A panel has a yellow star if the first and fifth cones are 'Upright 0°' and have specific contact or gaps.""**",,0.0,"The hidden rule is: **""A panel has a yellow star if the first and fifth cones are 'Upright 0°' and have specific contact or gaps.""**"
249,s2b,2,4,MONITOR_neg_1.0,"The hidden rule is that a panel is marked with a yellow star if the first cone's position description includes the phrase ""extreme left"". This is true for both panels A and B, as their first cone's position includes this phrase, while other panels do not. **Answer:** The hidden rule is that a panel has a yellow star if the first cone's position description includes the phrase ""extreme left"".","So the rule is: ""If a panel's first cone's position description includes the word 'extreme left', then it's a star panel.""",0.0,"The hidden rule is that a panel is marked with a yellow star if the first cone's position description includes the phrase ""extreme left"". This is true for both panels A and B, as their first cone's position includes this phrase, while other panels do not. **Answer:** The hidden rule is that a panel has a yellow star if the first cone's position description includes the phrase ""extreme left"".  ||  LAST_RULE_SENTENCE: So the rule is: ""If a panel's first cone's position description includes the word 'extreme left', then it's a star panel."""
250,s2b,2,5,MONITOR_neg_1.0,"The hidden rule is that a panel is marked with a yellow star if at least one of its cones has a contact (base) on a different side (not the floor). If all contacts are on the same side (all on the floor), it's not starred. **Answer:** A panel has a yellow star if at least one of its cones has a base on a side other than the floor.",""" So the hidden rule is that a panel is marked with a yellow star if at least one of its cones has a contact (base) on a different side (not the floor), otherwise, it's not starred.",0.0,"The hidden rule is that a panel is marked with a yellow star if at least one of its cones has a contact (base) on a different side (not the floor). If all contacts are on the same side (all on the floor), it's not starred. **Answer:** A panel has a yellow star if at least one of its cones has a base on a side other than the floor.  ||  LAST_RULE_SENTENCE: "" So the hidden rule is that a panel is marked with a yellow star if at least one of its cones has a contact (base) on a different side (not the floor), otherwise, it's not starred."
251,s2b,2,6,MONITOR_neg_1.0,"The hidden rule is that a yellow star is given to those panels where at least one cone is **Red**. **Step-by-Step Explanation:** 1. **Identify the Key Attribute:** The colour of the cones is the primary factor. 2. **Analyze the Starred Panels:** - **Panel A (Starred):** All cones are either Green, Blue, or Green; no Red. - **Panel B (Starred):** All cones are Red, Green, or Green; contains Red. - **Panel E (Starred):** Cones are Green, Blue, Blue, Green, Green; no Red. - **Panel F (Unstarred):** Cones are Green, Blue, Red, Red, Red; contains Red. 3. **Analyze the Unstarred Pane",7. **Final Conclusion:** The hidden rule is that **a yellow star is given to those panels where at least one cone is Red**.,0.0,"The hidden rule is that a yellow star is given to those panels where at least one cone is **Red**. **Step-by-Step Explanation:** 1. **Identify the Key Attribute:** The colour of the cones is the primary factor. 2. **Analyze the Starred Panels:** - **Panel A (Starred):** All cones are either Green, Blue, or Green; no Red. - **Panel B (Starred):** All cones are Red, Green, or Green; contains Red. - **Panel E (Starred):** Cones are Green, Blue, Blue, Green, Green; no Red. - **Panel F (Unstarred):** Cones are Green, Blue, Red, Red, Red; contains Red. 3. **Analyze the Unstarred Pane  ||  LAST_RULE_SENTENCE: 7. **Final Conclusion:** The hidden rule is that **a yellow star is given to those panels where at least one cone is Red**."
252,s2b,2,8,MONITOR_neg_1.0,"The hidden rule that distinguishes panels with a yellow star (A, B, E) from those without (C, D, F) is that the starred panels have a more complex, interlocking, cluster-based arrangement of cones, where the cones overlap, nest, or lean on each other in a intricate manner. Non-starred panels have a more linear, less connected, or isolated arrangement. **Final Answer:** The hidden rule is that a yellow star is given to panels where the cones form a complex, interlocking, cluster-based pattern, with overlapping and nested structures.","So, the likely rule is that a yellow star is given to panels where the cones form a more complex, interlocking, cluster-based pattern, with overlapping and nested structures.",0.0,"The hidden rule that distinguishes panels with a yellow star (A, B, E) from those without (C, D, F) is that the starred panels have a more complex, interlocking, cluster-based arrangement of cones, where the cones overlap, nest, or lean on each other in a intricate manner. Non-starred panels have a more linear, less connected, or isolated arrangement. **Final Answer:** The hidden rule is that a yellow star is given to panels where the cones form a complex, interlocking, cluster-based pattern, with overlapping and nested structures.  ||  LAST_RULE_SENTENCE: So, the likely rule is that a yellow star is given to panels where the cones form a more complex, interlocking, cluster-based pattern, with overlapping and nested structures."
253,s2b,2,9,MONITOR_neg_1.0,"**Answer:** The hidden rule that distinguishes the starred (A, B, E) from unstarred (C, D, F) panels is based on the specific sequence of colors of the cones. For a panel to have a yellow star, the cones must follow the color sequence **Green, Blue, Red, Blue, Green**. This pattern is found in all starred panels (A, B, E), while the non-starred panels (C, D, F) do not follow this specific order. **Answer:** The rule is that a panel has a yellow star if its cones follow the color sequence Green, Blue, Red, Blue, Green.",,0.0,"**Answer:** The hidden rule that distinguishes the starred (A, B, E) from unstarred (C, D, F) panels is based on the specific sequence of colors of the cones. For a panel to have a yellow star, the cones must follow the color sequence **Green, Blue, Red, Blue, Green**. This pattern is found in all starred panels (A, B, E), while the non-starred panels (C, D, F) do not follow this specific order. **Answer:** The rule is that a panel has a yellow star if its cones follow the color sequence Green, Blue, Red, Blue, Green."
254,s2b,3,1,MONITOR_neg_1.0,"The hidden rule is that a panel is starred if it contains exactly three distinct colors, while non-starred panels have four. **Answer:** A panel is marked with a yellow star if and only if it contains exactly three distinct colors.",I think that's the rule.,0.0,"The hidden rule is that a panel is starred if it contains exactly three distinct colors, while non-starred panels have four. **Answer:** A panel is marked with a yellow star if and only if it contains exactly three distinct colors.  ||  LAST_RULE_SENTENCE: I think that's the rule."
255,s2b,3,2,MONITOR_neg_1.0,"The hidden rule that distinguishes the panels with a yellow star is: **""A panel has a yellow star if at least two of its cones are either stacked or overlapping.""**","So, the rule is: ""A panel has a yellow star if at least two of its cones are either stacked or overlapping.""",0.0,"The hidden rule that distinguishes the panels with a yellow star is: **""A panel has a yellow star if at least two of its cones are either stacked or overlapping.""**  ||  LAST_RULE_SENTENCE: So, the rule is: ""A panel has a yellow star if at least two of its cones are either stacked or overlapping."""
256,s2b,3,3,MONITOR_neg_1.0,"The hidden rule that distinguishes the starred (A, C, F) from non-starred (B, D, E) panels is that the starred panels have more complex arrangements with more connections, gaps, and varied orientations, while the non-starred have simpler arrangements with fewer gaps and less variation. **Final Rule:** **""Cones on starred panels (A, C, F) have more intricate connections, more gaps between them, and varied orientations, while those on non-starred panels (B, D, E) have fewer gaps and simpler, more straightforward arrangements.""**","The hidden rule is that the starred panels have **more complex arrangements with more connections, gaps, and varied orientations**, while non-starred have **simpler arrangements with fewer gaps and less variation**.",0.0,"The hidden rule that distinguishes the starred (A, C, F) from non-starred (B, D, E) panels is that the starred panels have more complex arrangements with more connections, gaps, and varied orientations, while the non-starred have simpler arrangements with fewer gaps and less variation. **Final Rule:** **""Cones on starred panels (A, C, F) have more intricate connections, more gaps between them, and varied orientations, while those on non-starred panels (B, D, E) have fewer gaps and simpler, more straightforward arrangements.""**  ||  LAST_RULE_SENTENCE: The hidden rule is that the starred panels have **more complex arrangements with more connections, gaps, and varied orientations**, while non-starred have **simpler arrangements with fewer gaps and less variation**."
257,s2b,3,5,MONITOR_neg_1.0,"The hidden rule is that a panel is marked with a yellow star if any of its cone positions have a ""small"" gap. This rule is based on the ""position"" attribute of each cone, where a ""small"" gap indicates the presence of a yellow star. **Answer:** A panel is marked with a yellow star if any of its cones have a ""small"" gap in their position description. **Final Answer:** **The rule is: A panel has a yellow star if any of its cones have a ""small"" gap in their position description.** **Final Answer:** The hidden rule is that a panel has a yellow star if any of its cones have a ""small"" gap in their","So, the hidden rule is: A panel is marked with a yellow star if any of its cones have a ""small"" gap in their position description.",0.0,"The hidden rule is that a panel is marked with a yellow star if any of its cone positions have a ""small"" gap. This rule is based on the ""position"" attribute of each cone, where a ""small"" gap indicates the presence of a yellow star. **Answer:** A panel is marked with a yellow star if any of its cones have a ""small"" gap in their position description. **Final Answer:** **The rule is: A panel has a yellow star if any of its cones have a ""small"" gap in their position description.** **Final Answer:** The hidden rule is that a panel has a yellow star if any of its cones have a ""small"" gap in their  ||  LAST_RULE_SENTENCE: So, the hidden rule is: A panel is marked with a yellow star if any of its cones have a ""small"" gap in their position description."
258,s2b,3,6,MONITOR_neg_1.0,"The hidden rule is: The yellow star is on the first cone, and its color is the same as the first color listed in the panel's description. **Answer:** The rule is that the yellow star is on the first cone, and its color matches the first color listed in the panel's description.","Alternatively, it's more precise: ""The yellow star is on the first cone, and its color is the first color listed in the description of that panel.""",0.0,"The hidden rule is: The yellow star is on the first cone, and its color is the same as the first color listed in the panel's description. **Answer:** The rule is that the yellow star is on the first cone, and its color matches the first color listed in the panel's description.  ||  LAST_RULE_SENTENCE: Alternatively, it's more precise: ""The yellow star is on the first cone, and its color is the first color listed in the description of that panel."""
259,s2b,3,7,MONITOR_neg_1.0,"The hidden rule is that a panel has a yellow star on a cone that has a contact with another cone, either directly above or below, rather than just on the floor. **Answer:** The hidden rule is that a yellow star is on a cone that has a contact with another cone, either directly above or below, not just on the floor.","So, the best guess is that the rule is about having a contact with another cone, either above or below, not just on the floor.",0.0,"The hidden rule is that a panel has a yellow star on a cone that has a contact with another cone, either directly above or below, rather than just on the floor. **Answer:** The hidden rule is that a yellow star is on a cone that has a contact with another cone, either directly above or below, not just on the floor.  ||  LAST_RULE_SENTENCE: So, the best guess is that the rule is about having a contact with another cone, either above or below, not just on the floor."
260,s2b,3,10,MONITOR_neg_1.0,"The hidden rule that distinguishes panels with a yellow star (A, C, F) from those without (B, D, E) is: **""A panel is marked with a yellow star if it contains at least one 'lying' (either 'Lying right 90°' or 'Lying left 90°') cone and one 'Upright 0°' cone.""** **Step-by-Step Explanation:** 1. **Identify Key Attributes:** - **Starred Panels (A, C, F):** All have at least one ""Lying"" (either ""Lying right 90°"" or ""Lying left 90°"") cone and one ""Upright 0°"" cone. - **Unstarred Panels (B, D, E):** None have both a ""Lying"" and an ""Upright"" cone. Instead, their arrangements are either entir","However, without a single clear pattern, I can only infer that the rule involves the way cones are arranged, particularly their orientation and position relationships.",0.0,"The hidden rule that distinguishes panels with a yellow star (A, C, F) from those without (B, D, E) is: **""A panel is marked with a yellow star if it contains at least one 'lying' (either 'Lying right 90°' or 'Lying left 90°') cone and one 'Upright 0°' cone.""** **Step-by-Step Explanation:** 1. **Identify Key Attributes:** - **Starred Panels (A, C, F):** All have at least one ""Lying"" (either ""Lying right 90°"" or ""Lying left 90°"") cone and one ""Upright 0°"" cone. - **Unstarred Panels (B, D, E):** None have both a ""Lying"" and an ""Upright"" cone. Instead, their arrangements are either entir  ||  LAST_RULE_SENTENCE: However, without a single clear pattern, I can only infer that the rule involves the way cones are arranged, particularly their orientation and position relationships."
261,s2b,4,2,MONITOR_neg_1.0,"The hidden rule that distinguishes the panels with a yellow star is that the starred panels (A, C, F) have a more complex arrangement of their cones, characterized by a specific pattern of overlapping, orientation, and position of the cones. They often have a higher number of cones, more intricate connections, and a particular way of stacking and overlapping, which differentiates them from the non-starred panels (B, D, E) that have simpler, less connected arrangements. **Final Answer:** **The hidden rule is that the starred panels (A, C, F) have a more complex arrangement with more overlappin","The starred panels have a more complex, interconnected arrangement, while non-starred ones have a more straightforward, separate arrangement.",0.0,"The hidden rule that distinguishes the panels with a yellow star is that the starred panels (A, C, F) have a more complex arrangement of their cones, characterized by a specific pattern of overlapping, orientation, and position of the cones. They often have a higher number of cones, more intricate connections, and a particular way of stacking and overlapping, which differentiates them from the non-starred panels (B, D, E) that have simpler, less connected arrangements. **Final Answer:** **The hidden rule is that the starred panels (A, C, F) have a more complex arrangement with more overlappin  ||  LAST_RULE_SENTENCE: The starred panels have a more complex, interconnected arrangement, while non-starred ones have a more straightforward, separate arrangement."
262,s2b,4,3,MONITOR_neg_1.0,"The hidden rule is that a panel is starred if it contains at least one ""stacked"" cone that is on top of an ""Upright"" or ""Lying"" cone. This unique combination distinguishes the starred panels (A, C, F) from the unstarred ones (B, D, E). **Answer:** The hidden rule is that a panel is starred if it contains at least one ""stacked"" cone that is on top of an ""Upright"" or ""Lying"" cone.","So, the presence of both ""stacked"" and ""Upright"" or ""Lying"" in the same panel identifies the starred panels.",0.0,"The hidden rule is that a panel is starred if it contains at least one ""stacked"" cone that is on top of an ""Upright"" or ""Lying"" cone. This unique combination distinguishes the starred panels (A, C, F) from the unstarred ones (B, D, E). **Answer:** The hidden rule is that a panel is starred if it contains at least one ""stacked"" cone that is on top of an ""Upright"" or ""Lying"" cone.  ||  LAST_RULE_SENTENCE: So, the presence of both ""stacked"" and ""Upright"" or ""Lying"" in the same panel identifies the starred panels."
263,s2b,4,6,MONITOR_neg_1.0,"The hidden rule is that a yellow star is given to panels with exactly seven cones whose colour is either red or green. Therefore, the star is assigned to panels A, C, and F. **Answer:** The hidden rule is that a yellow star is given to panels that have exactly seven cones and whose color is either red or green. Therefore, the starred panels are A, C, and F. **Answer:** The yellow stars are assigned to panels A, C, and F. The rule is that these have seven cones with a color of either red or green. **Answer:** The hidden rule is that a yellow star is given to panels with seven cones that a",I'll go with that.,0.0,"The hidden rule is that a yellow star is given to panels with exactly seven cones whose colour is either red or green. Therefore, the star is assigned to panels A, C, and F. **Answer:** The hidden rule is that a yellow star is given to panels that have exactly seven cones and whose color is either red or green. Therefore, the starred panels are A, C, and F. **Answer:** The yellow stars are assigned to panels A, C, and F. The rule is that these have seven cones with a color of either red or green. **Answer:** The hidden rule is that a yellow star is given to panels with seven cones that a  ||  LAST_RULE_SENTENCE: I'll go with that."
264,s2b,4,7,MONITOR_neg_1.0,"The hidden rule is that a panel has a yellow star if its arrangement of cones features a more complex, interlocking structure, where one cone rests on another, creating a nested or overlapping pattern. If the cones are more isolated or in a simpler arrangement, the panel does not have a star. **Final Rule:** A panel is marked with a yellow star if its cone arrangements show a more complex, interlocking structure, where one cone is resting on another, creating a nested or overlapping pattern. If the cones are more isolated or in a simpler arrangement, the panel does not have a star.<｜end▁of▁","If the cones are more isolated or in a simpler arrangement, the panel does not have a star.",0.0,"The hidden rule is that a panel has a yellow star if its arrangement of cones features a more complex, interlocking structure, where one cone rests on another, creating a nested or overlapping pattern. If the cones are more isolated or in a simpler arrangement, the panel does not have a star. **Final Rule:** A panel is marked with a yellow star if its cone arrangements show a more complex, interlocking structure, where one cone is resting on another, creating a nested or overlapping pattern. If the cones are more isolated or in a simpler arrangement, the panel does not have a star.<｜end▁of▁"
265,s2b,4,9,MONITOR_neg_1.0,"The hidden rule is that the panels with the yellow star (A, C, F) have a ""medium"" or ""large"" gap from the left border, while the others have ""medium"" or ""small"" gaps. **Answer:** The hidden rule is that the panels with yellow stars (A, C, F) have a ""medium"" or ""large"" gap from the left border, while the others have ""medium"" or ""small"" gaps.",I'll go with that.,0.0,"The hidden rule is that the panels with the yellow star (A, C, F) have a ""medium"" or ""large"" gap from the left border, while the others have ""medium"" or ""small"" gaps. **Answer:** The hidden rule is that the panels with yellow stars (A, C, F) have a ""medium"" or ""large"" gap from the left border, while the others have ""medium"" or ""small"" gaps.  ||  LAST_RULE_SENTENCE: I'll go with that."
266,s2b,4,10,MONITOR_neg_1.0,"The hidden rule is that a panel is starred if it contains at least two different orientations among its cones (such as ""Upright"" and ""Lying"" or ""Right tilted""). Non-starred panels have cones that all have the same orientation. **Answer:** The rule is that a panel is marked with a yellow star if it has at least two different orientations among its cones, such as ""Upright"" and ""Lying"" or ""Right tilted"", while non-starred panels have cones with only one orientation.","Thus, the rule is: A panel is starred if it has at least two different orientations (both Upright and Lying or similar), while others have only one.",0.0,"The hidden rule is that a panel is starred if it contains at least two different orientations among its cones (such as ""Upright"" and ""Lying"" or ""Right tilted""). Non-starred panels have cones that all have the same orientation. **Answer:** The rule is that a panel is marked with a yellow star if it has at least two different orientations among its cones, such as ""Upright"" and ""Lying"" or ""Right tilted"", while non-starred panels have cones with only one orientation.  ||  LAST_RULE_SENTENCE: Thus, the rule is: A panel is starred if it has at least two different orientations (both Upright and Lying or similar), while others have only one."
267,s2b,1,1,PLAN_pos_0.5,"The hidden rule that distinguishes the starred panels (A, E, F) from the unstarred ones (B, C, D) is that the starred panels have their first cone positioned on the extreme left edge and their last cone on the extreme right edge, creating a linear chain structure. The unstarred panels do not follow this pattern, as their first and last cones are either near the left or right border but not necessarily at the extreme edges. **Final Answer:** The hidden rule is that the starred panels (A, E, F) have their first cone on the extreme left and their last cone on the extreme right, forming a linear","So the rule is that the panels with the yellow star have their first cone on the left edge and the last cone on the right edge, forming a linear chain, while the others have a different structure.",0.0,"The hidden rule that distinguishes the starred panels (A, E, F) from the unstarred ones (B, C, D) is that the starred panels have their first cone positioned on the extreme left edge and their last cone on the extreme right edge, creating a linear chain structure. The unstarred panels do not follow this pattern, as their first and last cones are either near the left or right border but not necessarily at the extreme edges. **Final Answer:** The hidden rule is that the starred panels (A, E, F) have their first cone on the extreme left and their last cone on the extreme right, forming a linear  ||  LAST_RULE_SENTENCE: So the rule is that the panels with the yellow star have their first cone on the left edge and the last cone on the right edge, forming a linear chain, while the others have a different structure."
268,s2b,1,2,PLAN_pos_0.5,"The hidden rule that distinguishes the starred panels (A and E) from the others is that the starred panels have a linear chain of cones where each cone is either on the floor or on top of the previous one, forming a single sequence. The unstarred panels have a more complex arrangement with nesting or multiple connections. **Final Answer:** The hidden rule is that the panels with yellow stars (A and E) have a linear chain of cones where each cone is either on the floor or on top of the previous one, forming a single sequence. The others have a more complex arrangement with nesting or multiple","Therefore, the best guess is that the rule is: ""The panels with yellow stars have a linear chain of cones, each either on the floor or on top of the previous one, forming a single sequence, while the others have a more complex arrangement with nesting or multiple connections.""",0.0,"The hidden rule that distinguishes the starred panels (A and E) from the others is that the starred panels have a linear chain of cones where each cone is either on the floor or on top of the previous one, forming a single sequence. The unstarred panels have a more complex arrangement with nesting or multiple connections. **Final Answer:** The hidden rule is that the panels with yellow stars (A and E) have a linear chain of cones where each cone is either on the floor or on top of the previous one, forming a single sequence. The others have a more complex arrangement with nesting or multiple  ||  LAST_RULE_SENTENCE: Therefore, the best guess is that the rule is: ""The panels with yellow stars have a linear chain of cones, each either on the floor or on top of the previous one, forming a single sequence, while the others have a more complex arrangement with nesting or multiple connections."""
269,s2b,1,3,PLAN_pos_0.5,"The hidden rule that distinguishes the starred panels (A, E, F) from the unstarred ones (B, C, D) is that the starred panels exhibit a pattern where each cone is either resting on, supporting, or nested within another, forming a connected chain or tower structure. The unstarred panels lack this interconnectedness, with their cones having more varied orientations and positions without such a nested or supporting relationship. **Final Answer:** The panels with yellow stars (A, E, F) have a chain or tower structure where each cone rests on or supports another, creating a connected network. Unsta","The unstarred ones don't follow this, having more random orientations and positions.",0.0,"The hidden rule that distinguishes the starred panels (A, E, F) from the unstarred ones (B, C, D) is that the starred panels exhibit a pattern where each cone is either resting on, supporting, or nested within another, forming a connected chain or tower structure. The unstarred panels lack this interconnectedness, with their cones having more varied orientations and positions without such a nested or supporting relationship. **Final Answer:** The panels with yellow stars (A, E, F) have a chain or tower structure where each cone rests on or supports another, creating a connected network. Unsta  ||  LAST_RULE_SENTENCE: The unstarred ones don't follow this, having more random orientations and positions."
270,s2b,1,4,PLAN_pos_0.5,"The hidden rule that distinguishes the starred panels from the unstarred ones is that the starred panels have a more interconnected structure of cones, where each cone touches or rests on another, forming a chain or cluster. In contrast, the unstarred panels have a more linear or separate structure of cones, often with fewer interactions between them. **Final Answer:** The panels with yellow stars have a more interconnected structure where each cone touches or rests on another, forming a chain or cluster, whereas the unstarred panels have a more linear or separate arrangement.<｜end▁of▁sentenc",,0.0,"The hidden rule that distinguishes the starred panels from the unstarred ones is that the starred panels have a more interconnected structure of cones, where each cone touches or rests on another, forming a chain or cluster. In contrast, the unstarred panels have a more linear or separate structure of cones, often with fewer interactions between them. **Final Answer:** The panels with yellow stars have a more interconnected structure where each cone touches or rests on another, forming a chain or cluster, whereas the unstarred panels have a more linear or separate arrangement.<｜end▁of▁sentenc"
271,s2b,1,5,PLAN_pos_0.5,"The hidden rule is that a panel is marked with a yellow star if it features cones that use three different colors. If a panel uses two or fewer colors, it is not marked with a star. **Step-by-step explanation:** 1. **Analyze each panel's cone colors:** - **Panel A:** Red, Green, Blue (3 colors) → Starred. - **Panel B:** Green, Blue (2 colors) → Unstarred. - **Panel C:** Blue, Green (2 colors) → Unstarred. - **Panel D:** Blue, Green (2 colors) → Unstarred. - **Panel E:** Green, Red, Blue (3 colors) → Starred. - **Panel F:** Green, Blue, Red (3 colors) → Starred. 2. **Identi",So the rule is that a panel is starred if it has three distinct colors in its cones.,0.0,"The hidden rule is that a panel is marked with a yellow star if it features cones that use three different colors. If a panel uses two or fewer colors, it is not marked with a star. **Step-by-step explanation:** 1. **Analyze each panel's cone colors:** - **Panel A:** Red, Green, Blue (3 colors) → Starred. - **Panel B:** Green, Blue (2 colors) → Unstarred. - **Panel C:** Blue, Green (2 colors) → Unstarred. - **Panel D:** Blue, Green (2 colors) → Unstarred. - **Panel E:** Green, Red, Blue (3 colors) → Starred. - **Panel F:** Green, Blue, Red (3 colors) → Starred. 2. **Identi  ||  LAST_RULE_SENTENCE: So the rule is that a panel is starred if it has three distinct colors in its cones."
272,s2b,1,7,PLAN_pos_0.5,"The hidden rule is that a panel is marked with a yellow star if it has three distinct colors (bands) in its cone arrangements. Panels A, E, and F each have three distinct colors (e.g., Red, Green, Blue), while panels B, C, and D have only two distinct colors, hence they are unstarred. **Answer:** The rule is that panels with three distinct colors (bands) are starred, while those with two are unstarred.","So, the rule is: If a panel has three distinct colors (bands), it's starred; if it has two, it's unstarred.",0.0,"The hidden rule is that a panel is marked with a yellow star if it has three distinct colors (bands) in its cone arrangements. Panels A, E, and F each have three distinct colors (e.g., Red, Green, Blue), while panels B, C, and D have only two distinct colors, hence they are unstarred. **Answer:** The rule is that panels with three distinct colors (bands) are starred, while those with two are unstarred.  ||  LAST_RULE_SENTENCE: So, the rule is: If a panel has three distinct colors (bands), it's starred; if it has two, it's unstarred."
273,s2b,1,10,PLAN_pos_0.5,"The hidden rule that distinguishes the star panels from the non-star ones is that the star panels (E and F) have an equal number of small, medium, and large cones. Non-star panels (A, B, C, D) do not have this balance. **Answer:** The rule is that the star panels have an equal number of small, medium, and large cones.","So the rule is that star panels have an equal number of small, medium, and large cones.",0.0,"The hidden rule that distinguishes the star panels from the non-star ones is that the star panels (E and F) have an equal number of small, medium, and large cones. Non-star panels (A, B, C, D) do not have this balance. **Answer:** The rule is that the star panels have an equal number of small, medium, and large cones.  ||  LAST_RULE_SENTENCE: So the rule is that star panels have an equal number of small, medium, and large cones."
274,s2b,2,1,PLAN_pos_0.5,"The hidden rule is that the panels with yellow stars (A, B, E) have their cones arranged in a clustered, interconnected formation, where each cone interacts with others, creating a complex structure. In contrast, the non-starred panels (C, D, F) have cones arranged linearly or spaced out, without such connections. **Answer:** The panels with yellow stars have their cones arranged in a clustered, interconnected formation, while the others have a linear or spaced-out arrangement.","Therefore, the hidden rule is likely about the spatial arrangement: whether the cones are in a cluster or not.",0.0,"The hidden rule is that the panels with yellow stars (A, B, E) have their cones arranged in a clustered, interconnected formation, where each cone interacts with others, creating a complex structure. In contrast, the non-starred panels (C, D, F) have cones arranged linearly or spaced out, without such connections. **Answer:** The panels with yellow stars have their cones arranged in a clustered, interconnected formation, while the others have a linear or spaced-out arrangement.  ||  LAST_RULE_SENTENCE: Therefore, the hidden rule is likely about the spatial arrangement: whether the cones are in a cluster or not."
275,s2b,2,5,PLAN_pos_0.5,"The hidden rule is that a panel is marked with a yellow star if it has at least one Right tilted cone that does not have its base on the floor. If all Right tilted cones in a panel have their base on the floor, the panel is not marked with a star. **Answer:** A panel has a yellow star if it has any Right tilted cones that do not have their base on the floor. If all Right tilted cones in the panel have their base on the floor, the panel does not have a star.","If all Right tilted cones have their base on the floor, it doesn't have a star.",0.0,"The hidden rule is that a panel is marked with a yellow star if it has at least one Right tilted cone that does not have its base on the floor. If all Right tilted cones in a panel have their base on the floor, the panel is not marked with a star. **Answer:** A panel has a yellow star if it has any Right tilted cones that do not have their base on the floor. If all Right tilted cones in the panel have their base on the floor, the panel does not have a star.  ||  LAST_RULE_SENTENCE: If all Right tilted cones have their base on the floor, it doesn't have a star."
276,s2b,2,9,PLAN_pos_0.5,"The hidden rule that distinguishes the starred panels (A, B, E) from the unstarred ones (C, D, F) is that the starred panels have their cone-shaped objects arranged in a specific rotational sequence, forming a spiral or chain structure where each cone leans on the next in a rotational order. This creates a more interconnected and structured arrangement. In contrast, the unstarred panels have their cones arranged more linearly or in a different pattern without this rotational order, often with fewer connections between the cones. **Final Answer:** The panels with yellow stars (A, B, E) have t",Non-starred panels have cones arranged more linearly or in a different pattern without this rotational sequence.,0.0,"The hidden rule that distinguishes the starred panels (A, B, E) from the unstarred ones (C, D, F) is that the starred panels have their cone-shaped objects arranged in a specific rotational sequence, forming a spiral or chain structure where each cone leans on the next in a rotational order. This creates a more interconnected and structured arrangement. In contrast, the unstarred panels have their cones arranged more linearly or in a different pattern without this rotational order, often with fewer connections between the cones. **Final Answer:** The panels with yellow stars (A, B, E) have t  ||  LAST_RULE_SENTENCE: Non-starred panels have cones arranged more linearly or in a different pattern without this rotational sequence."
277,s2b,3,4,PLAN_pos_0.5,"The hidden rule is: **A panel has a yellow star if the number of color bands (distinct contiguous segments of the same color) is equal to the number of different colors used in the arrangement.** **Step-by-step explanation:** 1. **Identify the color bands**: For each panel, determine how many contiguous color segments (bands) there are. A band is a continuous sequence of the same color. 2. **Count the number of colors**: Determine how many distinct colors are present in the panel. 3. **Compare bands and colors**: If the number of bands equals the number of colors, the panel has a yellow st","So the rule is that if the number of color bands (distinct contiguous color segments) equals the number of colors, the panel has a yellow star.",0.0,"The hidden rule is: **A panel has a yellow star if the number of color bands (distinct contiguous segments of the same color) is equal to the number of different colors used in the arrangement.** **Step-by-step explanation:** 1. **Identify the color bands**: For each panel, determine how many contiguous color segments (bands) there are. A band is a continuous sequence of the same color. 2. **Count the number of colors**: Determine how many distinct colors are present in the panel. 3. **Compare bands and colors**: If the number of bands equals the number of colors, the panel has a yellow st  ||  LAST_RULE_SENTENCE: So the rule is that if the number of color bands (distinct contiguous color segments) equals the number of colors, the panel has a yellow star."
278,s2b,3,10,PLAN_pos_0.5,"The hidden rule is that the panels with yellow stars have either zero or two stacked cones, whereas all other panels have exactly one stacked cone. **Answer:** The rule is that panels with yellow stars have either zero or two stacked cones, while all other panels have exactly one stacked cone.","So the rule is: ""Panels with yellow stars have either 0 or 2 stacked cones, while others have exactly 1 stacked cone.""",0.0,"The hidden rule is that the panels with yellow stars have either zero or two stacked cones, whereas all other panels have exactly one stacked cone. **Answer:** The rule is that panels with yellow stars have either zero or two stacked cones, while all other panels have exactly one stacked cone.  ||  LAST_RULE_SENTENCE: So the rule is: ""Panels with yellow stars have either 0 or 2 stacked cones, while others have exactly 1 stacked cone."""
279,s2b,4,3,PLAN_pos_0.5,"The hidden rule is that a panel has a yellow star if and only if it contains exactly seven cone-shaped objects. Therefore, panels A, C, and F, each having seven cones, are marked with yellow stars, while the others (B, D, E) have fewer than seven cones and thus lack stars. **Answer:** Panels with exactly seven cones have a yellow star.","So, the hidden rule is: Panels with exactly seven cones have a yellow star, others do not.",0.0,"The hidden rule is that a panel has a yellow star if and only if it contains exactly seven cone-shaped objects. Therefore, panels A, C, and F, each having seven cones, are marked with yellow stars, while the others (B, D, E) have fewer than seven cones and thus lack stars. **Answer:** Panels with exactly seven cones have a yellow star.  ||  LAST_RULE_SENTENCE: So, the hidden rule is: Panels with exactly seven cones have a yellow star, others do not."
280,s2b,4,10,PLAN_pos_0.5,"The hidden rule is that a panel earns a yellow star if it contains at least one cone that is lying (not upright). Panels A, C, and F each have lying cones, while B, D, and E do not, thus explaining their starred status. **Answer:** The rule is that a panel is marked with a yellow star if it contains at least one lying (non-upright) cone.",So the hidden rule is: Panels with any cone that is lying (not upright) get a yellow star.,0.0,"The hidden rule is that a panel earns a yellow star if it contains at least one cone that is lying (not upright). Panels A, C, and F each have lying cones, while B, D, and E do not, thus explaining their starred status. **Answer:** The rule is that a panel is marked with a yellow star if it contains at least one lying (non-upright) cone.  ||  LAST_RULE_SENTENCE: So the hidden rule is: Panels with any cone that is lying (not upright) get a yellow star."
281,s2b,1,3,PLAN_pos_1.0,"The hidden rule is that the starred panels (A, E, F) have all three colors (Red, Green, Blue) in their cone descriptions, while the unstarred panels (B, C, D) have two or fewer colors in their cones. **Answer**: The star panels have all three colors (Red, Green, Blue) in their cone descriptions, while the others have two or fewer colors.","So the rule is that the star panels have all three colors in their cones, while the others have two or fewer.",0.0,"The hidden rule is that the starred panels (A, E, F) have all three colors (Red, Green, Blue) in their cone descriptions, while the unstarred panels (B, C, D) have two or fewer colors in their cones. **Answer**: The star panels have all three colors (Red, Green, Blue) in their cone descriptions, while the others have two or fewer colors.  ||  LAST_RULE_SENTENCE: So the rule is that the star panels have all three colors in their cones, while the others have two or fewer."
282,s2b,1,5,PLAN_pos_1.0,"The key difference is that the star panels (A, E, F) have a consecutive sequence of sizes from 1 to the total number of cones they have, while the others do not. **Answer:** The star panels have a consecutive sequence of sizes from 1 to the total number of cones they have.","So, the answer is: The panels with the yellow star have a consecutive sequence of sizes from 1 to the total number of cones they have.",0.0,"The key difference is that the star panels (A, E, F) have a consecutive sequence of sizes from 1 to the total number of cones they have, while the others do not. **Answer:** The star panels have a consecutive sequence of sizes from 1 to the total number of cones they have.  ||  LAST_RULE_SENTENCE: So, the answer is: The panels with the yellow star have a consecutive sequence of sizes from 1 to the total number of cones they have."
283,s2b,1,9,PLAN_pos_1.0,"The hidden rule is that the panels with yellow stars (A, E, F) have their cones arranged in a sequential, chain-like structure from left to right, each connected to the next, forming a linear sequence. In contrast, the non-star panels (B, C, D) have a different structure, often more nested or in a different configuration. **Final Answer:** The rule is that the starred panels have their cones arranged in a sequential chain, while the others have a different structure.","Therefore, the hidden rule is that the star panels have their cone structures arranged in a sequential, chain-like manner from left to right, each connected to the next, forming a linear sequence, whereas non-star panels have a more nested or other arrangement.",0.0,"The hidden rule is that the panels with yellow stars (A, E, F) have their cones arranged in a sequential, chain-like structure from left to right, each connected to the next, forming a linear sequence. In contrast, the non-star panels (B, C, D) have a different structure, often more nested or in a different configuration. **Final Answer:** The rule is that the starred panels have their cones arranged in a sequential chain, while the others have a different structure.  ||  LAST_RULE_SENTENCE: Therefore, the hidden rule is that the star panels have their cone structures arranged in a sequential, chain-like manner from left to right, each connected to the next, forming a linear sequence, whereas non-star panels have a more nested or other arrangement."
284,s2b,1,10,PLAN_pos_1.0,"The hidden rule is that the star panels (A, E, F) have a linear chain of cones, each connected to the next, forming a sequence from the left to the right, unlike the non-star panels which have a more complex structure. **Final answer:** The star panels have a linear chain of cones in sequence, while the non-star panels have a more complex arrangement.","Therefore, the hidden rule is: ""The panel has a chain of cones where each cone is connected to the next, forming a linear sequence, unlike the non-star panels which have a more complex arrangement.""",0.0,"The hidden rule is that the star panels (A, E, F) have a linear chain of cones, each connected to the next, forming a sequence from the left to the right, unlike the non-star panels which have a more complex structure. **Final answer:** The star panels have a linear chain of cones in sequence, while the non-star panels have a more complex arrangement.  ||  LAST_RULE_SENTENCE: Therefore, the hidden rule is: ""The panel has a chain of cones where each cone is connected to the next, forming a linear sequence, unlike the non-star panels which have a more complex arrangement."""
285,s2b,3,1,PLAN_pos_1.0,"The star panels (A, C, F) have a sequence of cones where each subsequent cone is on the floor or in the next position, forming a chain. **Final Answer** The rule is that the starred panels have a sequence of cones where each subsequent cone is on the floor or in the next position, forming a chain. So, the rule is: **""The star panels have a chain of cones where each subsequent cone is on the floor or in the next position, forming a sequence.""** So, the final answer is: **""The star panels have a sequence of cones where each subsequent cone is on the floor or in the next position, forming a c","So, I think that's the rule.",0.0,"The star panels (A, C, F) have a sequence of cones where each subsequent cone is on the floor or in the next position, forming a chain. **Final Answer** The rule is that the starred panels have a sequence of cones where each subsequent cone is on the floor or in the next position, forming a chain. So, the rule is: **""The star panels have a chain of cones where each subsequent cone is on the floor or in the next position, forming a sequence.""** So, the final answer is: **""The star panels have a sequence of cones where each subsequent cone is on the floor or in the next position, forming a c  ||  LAST_RULE_SENTENCE: So, I think that's the rule."
286,s2b,4,5,PLAN_pos_1.0,"The hidden rule that distinguishes the starred panels (A, C, F) from the non-star panels (B, D, E) is that the star panels have their cone sizes following a specific up-down pattern. Specifically, the sizes fluctuate in a way that they go from large to medium to small and back to large, creating a wave-like pattern. This pattern is not present in the non-star panels, which have more consistent sizes or a different fluctuation pattern. **Final Answer**: The star panels (A, C, F) have cone sizes that follow a specific wave-like pattern, going from large to medium to small and back to large, unl","So, after all this, I think the rule is that the star panels have their cone sizes in a specific order where they go up and down in a particular pattern, unlike the non-star panels.",0.0,"The hidden rule that distinguishes the starred panels (A, C, F) from the non-star panels (B, D, E) is that the star panels have their cone sizes following a specific up-down pattern. Specifically, the sizes fluctuate in a way that they go from large to medium to small and back to large, creating a wave-like pattern. This pattern is not present in the non-star panels, which have more consistent sizes or a different fluctuation pattern. **Final Answer**: The star panels (A, C, F) have cone sizes that follow a specific wave-like pattern, going from large to medium to small and back to large, unl  ||  LAST_RULE_SENTENCE: So, after all this, I think the rule is that the star panels have their cone sizes in a specific order where they go up and down in a particular pattern, unlike the non-star panels."
287,s2b,4,7,PLAN_pos_1.0,"The hidden rule is that a panel has a yellow star if it has a central cone that is the largest, green, and positioned in the center. This is true for Panels A, C, and F, which are the ones with stars, while the others do not. **Final Answer:** The rule is that a panel has a yellow star if it has a central, largest, green cone.","So, my best guess is that the panels with a yellow star have a central, largest cone that is Green, and the others don't.",0.0,"The hidden rule is that a panel has a yellow star if it has a central cone that is the largest, green, and positioned in the center. This is true for Panels A, C, and F, which are the ones with stars, while the others do not. **Final Answer:** The rule is that a panel has a yellow star if it has a central, largest, green cone.  ||  LAST_RULE_SENTENCE: So, my best guess is that the panels with a yellow star have a central, largest cone that is Green, and the others don't."
288,s2b,4,8,PLAN_pos_1.0,"The hidden rule is: A panel is a star if it has both ""tightly"" and ""loosely"" structures. Otherwise, it is not a star. **Final Answer**: The star panels (A, C, F) have both ""tightly"" and ""loosely"" structures, while the non-star panels (B, D, E) have only one type. The rule is: *""A star panel has both 'tightly' and 'loosly' structures, while a non-star has only one type.""*","Otherwise, it is not a star.",0.0,"The hidden rule is: A panel is a star if it has both ""tightly"" and ""loosely"" structures. Otherwise, it is not a star. **Final Answer**: The star panels (A, C, F) have both ""tightly"" and ""loosely"" structures, while the non-star panels (B, D, E) have only one type. The rule is: *""A star panel has both 'tightly' and 'loosly' structures, while a non-star has only one type.""*"
289,s2b,4,10,PLAN_pos_1.0,"The key is that the star panels have their cones ordered in a specific sequence of sizes: starting with a large cone, followed by two medium, two small, and then two large. This pattern is consistent across all star panels (A, C, F). **Final answer:** The panels with yellow stars have their cones arranged in a sequence of size: large, medium, medium, small, small, large, large.","So, that's my best guess.",0.0,"The key is that the star panels have their cones ordered in a specific sequence of sizes: starting with a large cone, followed by two medium, two small, and then two large. This pattern is consistent across all star panels (A, C, F). **Final answer:** The panels with yellow stars have their cones arranged in a sequence of size: large, medium, medium, small, small, large, large.  ||  LAST_RULE_SENTENCE: So, that's my best guess."
290,s2b,1,1,PLAN_neg_0.5,"The hidden rule is that a panel is marked with a yellow star if all of its cones are arranged in a single linear chain where each cone supports the next one in a straight line without any cycles or branching. This is unlike the unstarred panels, which either form a cycle or have a more complex, non-linear arrangement. **Answer:** The hidden rule is that a panel is starred if all its cones are arranged in a single linear chain, each supporting the next, forming a straight line without any cycles or branches.","Therefore, the hidden rule might be that a panel is starred if and only if all the cones are arranged in a single linear chain where each cone is supporting the next one in a straight line without any cycles or branching off.",0.0,"The hidden rule is that a panel is marked with a yellow star if all of its cones are arranged in a single linear chain where each cone supports the next one in a straight line without any cycles or branching. This is unlike the unstarred panels, which either form a cycle or have a more complex, non-linear arrangement. **Answer:** The hidden rule is that a panel is starred if all its cones are arranged in a single linear chain, each supporting the next, forming a straight line without any cycles or branches.  ||  LAST_RULE_SENTENCE: Therefore, the hidden rule might be that a panel is starred if and only if all the cones are arranged in a single linear chain where each cone is supporting the next one in a straight line without any cycles or branching off."
291,s2b,1,3,PLAN_neg_0.5,"The hidden rule is that a panel is marked with a yellow star if the cones within it form a closed loop, meaning each cone in the loop supports another, creating a cycle. This cycle is formed by the supporting relationships between the cones on the panel.","If a panel's cones form such a cycle, it gets a yellow star.",0.0,"The hidden rule is that a panel is marked with a yellow star if the cones within it form a closed loop, meaning each cone in the loop supports another, creating a cycle. This cycle is formed by the supporting relationships between the cones on the panel.  ||  LAST_RULE_SENTENCE: If a panel's cones form such a cycle, it gets a yellow star."
292,s2b,1,4,PLAN_neg_0.5,"The hidden rule that distinguishes the starred panels from the unstarred ones is that the starred panels (A, E, and F) have a cyclic or looped arrangement of cones, where each cone supports another in a closed network, forming a cycle. In contrast, the unstarred panels (B, C, D) have a more linear or tree-like structure without such cycles. Therefore, the key difference is the presence of a closed loop or cycle in the cone connections on the starred panels.","So the hidden rule would be that a starred panel has a cyclic connectivity among the cones, forming closed loops or cycles.",0.0,"The hidden rule that distinguishes the starred panels from the unstarred ones is that the starred panels (A, E, and F) have a cyclic or looped arrangement of cones, where each cone supports another in a closed network, forming a cycle. In contrast, the unstarred panels (B, C, D) have a more linear or tree-like structure without such cycles. Therefore, the key difference is the presence of a closed loop or cycle in the cone connections on the starred panels.  ||  LAST_RULE_SENTENCE: So the hidden rule would be that a starred panel has a cyclic connectivity among the cones, forming closed loops or cycles."
293,s2b,1,6,PLAN_neg_0.5,"The hidden rule is that a panel is marked with a yellow star if and only if it contains at least one cone of the color Red. Thus, the answer is: **The hidden rule is that a panel is starred if it contains at least one red cone.** $\boxed{\text{A panel is starred if it contains at least one red cone.}}$",So the hidden rule is that a panel is starred if and only if it contains at least one Red cone.,1.0,"The hidden rule is that a panel is marked with a yellow star if and only if it contains at least one cone of the color Red. Thus, the answer is: **The hidden rule is that a panel is starred if it contains at least one red cone.** $\boxed{\text{A panel is starred if it contains at least one red cone.}}$  ||  LAST_RULE_SENTENCE: So the hidden rule is that a panel is starred if and only if it contains at least one Red cone."
294,s2b,1,7,PLAN_neg_0.5,"The hidden rule is that a panel is starred if its cone arrangement forms a linear chain where each cone is built on or supports the previous one, creating a visible path. If the arrangement is more complex, such as nesting or overlapping without a clear linear chain, it is unstarred. **Answer:** The hidden rule is that a panel is marked with a yellow star if its cone arrangement forms a linear chain, where each cone is built on or supports the previous one, creating a visible path. Panels without such a chain do not follow this rule.",The key is the linear chain structure.,0.0,"The hidden rule is that a panel is starred if its cone arrangement forms a linear chain where each cone is built on or supports the previous one, creating a visible path. If the arrangement is more complex, such as nesting or overlapping without a clear linear chain, it is unstarred. **Answer:** The hidden rule is that a panel is marked with a yellow star if its cone arrangement forms a linear chain, where each cone is built on or supports the previous one, creating a visible path. Panels without such a chain do not follow this rule.  ||  LAST_RULE_SENTENCE: The key is the linear chain structure."
295,s2b,1,8,PLAN_neg_0.5,"The hidden rule is that a panel is starred if it contains at least one cone with the color Red. Otherwise, it is not starred. **Answer:** The rule is that a panel is starred if it contains at least one red cone.","Therefore, the rule is that any panel with at least one Red cone is starred; otherwise, it's not.",1.0,"The hidden rule is that a panel is starred if it contains at least one cone with the color Red. Otherwise, it is not starred. **Answer:** The rule is that a panel is starred if it contains at least one red cone.  ||  LAST_RULE_SENTENCE: Therefore, the rule is that any panel with at least one Red cone is starred; otherwise, it's not."
296,s2b,1,10,PLAN_neg_0.5,"The hidden rule is that the starred panels (A, E, F) have cones arranged in a linear sequence, each supporting the next in a path across the panel, forming a continuous line from one side to the other. In contrast, the non-starred panels (B, C, D) have cones arranged with some supports but not in a single continuous linear path. **Answer:** The hidden rule is that the panels with a yellow star have cones arranged in a continuous linear path from one edge to the opposite edge, each supporting the next cone, forming a single continuous line.","So, to sum up, I think the hidden rule is that the starred panels (A, E, F) have cones arranged in a linear path from one side of the panel to the other, each supporting the next, while the non-starred ones (B, C, D) have cones arranged with some supports but not in a single linear path.",0.0,"The hidden rule is that the starred panels (A, E, F) have cones arranged in a linear sequence, each supporting the next in a path across the panel, forming a continuous line from one side to the other. In contrast, the non-starred panels (B, C, D) have cones arranged with some supports but not in a single continuous linear path. **Answer:** The hidden rule is that the panels with a yellow star have cones arranged in a continuous linear path from one edge to the opposite edge, each supporting the next cone, forming a single continuous line.  ||  LAST_RULE_SENTENCE: So, to sum up, I think the hidden rule is that the starred panels (A, E, F) have cones arranged in a linear path from one side of the panel to the other, each supporting the next, while the non-starred ones (B, C, D) have cones arranged with some supports but not in a single linear path."
297,s2b,2,3,PLAN_neg_0.5,"The hidden rule that distinguishes the starred panels (A, B, E) from the unstarred panels (C, D, F) is that the starred panels have a continuous arrangement of cones forming a closed loop or a connected chain, whereas the unstarred panels have cones arranged in a way that does not form such a cycle or connected path. This is characterized by the connections between the cones, where each cone in the starred panels is in contact with the next, forming a continuous path, whereas the unstarred panels either have isolated cones or a different structure without such connections. **Answer:** The hid","Therefore, the hidden rule is that starred panels have a continuous cycle or connected chain of cones, while unstarred ones do not.",0.0,"The hidden rule that distinguishes the starred panels (A, B, E) from the unstarred panels (C, D, F) is that the starred panels have a continuous arrangement of cones forming a closed loop or a connected chain, whereas the unstarred panels have cones arranged in a way that does not form such a cycle or connected path. This is characterized by the connections between the cones, where each cone in the starred panels is in contact with the next, forming a continuous path, whereas the unstarred panels either have isolated cones or a different structure without such connections. **Answer:** The hid  ||  LAST_RULE_SENTENCE: Therefore, the hidden rule is that starred panels have a continuous cycle or connected chain of cones, while unstarred ones do not."
298,s2b,2,9,PLAN_neg_0.5,"The hidden rule is that a panel is marked with a yellow star if at least one of its cones does not touch the floor. If all cones are in contact with the floor, the panel is not starred. **Answer:** The hidden rule is that a panel is starred if any of its cones do not touch the floor; otherwise, it is unstarred.","So the hidden rule is that a panel is starred if it has at least one cone that doesn't touch the floor; otherwise, it's unstarred.",0.0,"The hidden rule is that a panel is marked with a yellow star if at least one of its cones does not touch the floor. If all cones are in contact with the floor, the panel is not starred. **Answer:** The hidden rule is that a panel is starred if any of its cones do not touch the floor; otherwise, it is unstarred.  ||  LAST_RULE_SENTENCE: So the hidden rule is that a panel is starred if it has at least one cone that doesn't touch the floor; otherwise, it's unstarred."
299,s2b,3,3,PLAN_neg_0.5,"The hidden rule is that a panel is marked with a yellow star if it contains at least one central cone positioned on the floor that serves as a support for other cones. This central cone is used as a base for other cones to rest upon, creating a structure where one or more cones are supported by this central point. Thus, the best guess is: **The rule is that a panel is starred if it contains one or more central cones resting on the floor that support other cones.**","So, the presence of one or more central cones on the floor that are used as a base for others.",0.0,"The hidden rule is that a panel is marked with a yellow star if it contains at least one central cone positioned on the floor that serves as a support for other cones. This central cone is used as a base for other cones to rest upon, creating a structure where one or more cones are supported by this central point. Thus, the best guess is: **The rule is that a panel is starred if it contains one or more central cones resting on the floor that support other cones.**  ||  LAST_RULE_SENTENCE: So, the presence of one or more central cones on the floor that are used as a base for others."
300,s2b,3,6,PLAN_neg_0.5,"The hidden rule that distinguishes the starred panels (A, C, and F) from the unstarred ones (B, D, and E) is that the starred panels have a continuous chain of cones where each cone is either on the floor or supported by the next cone in a linear or overlapping structure. Non-star panels have arrangements that are more varied or clustered without such a continuous chain. **Answer:** The hidden rule is that panels with yellow stars have a continuous chain of cones, each either on the floor or supported by the next, forming a linear or overlapping structure, while non-star panels do not follow","Therefore, the rule might be: Panels with a yellow star have a continuous chain of cones, each either on the floor or supported by the next, forming a linear or overlapping structure.",0.0,"The hidden rule that distinguishes the starred panels (A, C, and F) from the unstarred ones (B, D, and E) is that the starred panels have a continuous chain of cones where each cone is either on the floor or supported by the next cone in a linear or overlapping structure. Non-star panels have arrangements that are more varied or clustered without such a continuous chain. **Answer:** The hidden rule is that panels with yellow stars have a continuous chain of cones, each either on the floor or supported by the next, forming a linear or overlapping structure, while non-star panels do not follow  ||  LAST_RULE_SENTENCE: Therefore, the rule might be: Panels with a yellow star have a continuous chain of cones, each either on the floor or supported by the next, forming a linear or overlapping structure."
301,s2b,4,1,PLAN_neg_0.5,"The hidden rule that distinguishes the starred panels is that they contain at least two cones that are mutually supporting each other, creating a balanced arrangement where each cone supports and is supported by another. Non-star panels have a linear hierarchy where one cone supports another without mutual support. **Answer:** The hidden rule is that a panel is marked with a yellow star if it contains at least two cones that are mutually supporting each other, forming balanced pairs, while non-star panels have a linear hierarchy of support without such mutual arrangements.","Otherwise, it is not.",0.0,"The hidden rule that distinguishes the starred panels is that they contain at least two cones that are mutually supporting each other, creating a balanced arrangement where each cone supports and is supported by another. Non-star panels have a linear hierarchy where one cone supports another without mutual support. **Answer:** The hidden rule is that a panel is marked with a yellow star if it contains at least two cones that are mutually supporting each other, forming balanced pairs, while non-star panels have a linear hierarchy of support without such mutual arrangements.  ||  LAST_RULE_SENTENCE: Otherwise, it is not."
302,s2b,4,2,PLAN_neg_0.5,"The hidden rule that distinguishes the starred panels is that the first two cones are leaning on each other, creating a mutual support structure. This pattern is observed in Panels A, C, and F, each of which have their first two cones forming such a pair. In contrast, non-starred panels do not have this mutual leaning relationship between the initial cones. **Answer:** Panels with a yellow star have their first two cones leaning on each other, forming a mutual support structure.","Thus, the hidden rule could be: ""A panel has a yellow star if the first two cones are leaning on each other, forming a mutual support structure.""",0.0,"The hidden rule that distinguishes the starred panels is that the first two cones are leaning on each other, creating a mutual support structure. This pattern is observed in Panels A, C, and F, each of which have their first two cones forming such a pair. In contrast, non-starred panels do not have this mutual leaning relationship between the initial cones. **Answer:** Panels with a yellow star have their first two cones leaning on each other, forming a mutual support structure.  ||  LAST_RULE_SENTENCE: Thus, the hidden rule could be: ""A panel has a yellow star if the first two cones are leaning on each other, forming a mutual support structure."""
303,s2b,4,3,PLAN_neg_0.5,"The hidden rule is that a panel is marked with a yellow star if and only if the number of contacts (edges where cones touch each other) is a prime number. Specifically: - **Panel A**: 2 contacts (prime) → Star. - **Panel B**: 2 contacts (non-prime) → Not a star. - **Panel C**: 5 contacts (prime) → Star. - **Panel D**: 2 contacts (non-prime) → Not a star. - **Panel E**: 2 contacts (non-prime) → Not a star. - **Panel F**: 3 contacts (prime) → Star. Thus, the rule is that a panel is starred if the number of contacts is a prime number.",So the rule is: Panels with a prime number of contacts are starred.,0.0,"The hidden rule is that a panel is marked with a yellow star if and only if the number of contacts (edges where cones touch each other) is a prime number. Specifically: - **Panel A**: 2 contacts (prime) → Star. - **Panel B**: 2 contacts (non-prime) → Not a star. - **Panel C**: 5 contacts (prime) → Star. - **Panel D**: 2 contacts (non-prime) → Not a star. - **Panel E**: 2 contacts (non-prime) → Not a star. - **Panel F**: 3 contacts (prime) → Star. Thus, the rule is that a panel is starred if the number of contacts is a prime number.  ||  LAST_RULE_SENTENCE: So the rule is: Panels with a prime number of contacts are starred."
304,s2b,4,4,PLAN_neg_0.5,"The hidden rule that distinguishes the starred panels is that a panel is marked with a yellow star if and only if there exists at least one pair of cones where one cone is both supporting and being supported by another cone, creating a mutual support relationship. This mutual support is present in Panels A, C, and F, each containing such a pair, while the other panels do not have such a relationship. **Answer:** The hidden rule is that a panel has a yellow star if and only if there is a mutual support between two cones, meaning one cone is both supporting and being supported by another.<｜end▁","Therefore, the hidden rule is that a panel has a yellow star if and only if there is a mutual support between two cones.",0.0,"The hidden rule that distinguishes the starred panels is that a panel is marked with a yellow star if and only if there exists at least one pair of cones where one cone is both supporting and being supported by another cone, creating a mutual support relationship. This mutual support is present in Panels A, C, and F, each containing such a pair, while the other panels do not have such a relationship. **Answer:** The hidden rule is that a panel has a yellow star if and only if there is a mutual support between two cones, meaning one cone is both supporting and being supported by another.<｜end▁  ||  LAST_RULE_SENTENCE: Therefore, the hidden rule is that a panel has a yellow star if and only if there is a mutual support between two cones."
305,s2b,4,5,PLAN_neg_0.5,"The hidden rule is that starred panels (A, C, F) each contain at least one pair of cones that are mutually supporting each other, forming a reciprocal resting structure, whereas non-starred panels (B, D, E) do not have any such mutual supports. **Answer:** The hidden rule is that starred panels (A, C, F) each contain at least one pair of cones that are mutually supporting each other, forming a reciprocal resting structure, while non-starred panels (B, D, E) do not have any such mutual supports.","So the best guess is that the hidden rule is that a starred panel contains at least one pair of cones where each cone is resting on the other, forming a mutual support structure, while non-starred panels do not have such pairs.",0.0,"The hidden rule is that starred panels (A, C, F) each contain at least one pair of cones that are mutually supporting each other, forming a reciprocal resting structure, whereas non-starred panels (B, D, E) do not have any such mutual supports. **Answer:** The hidden rule is that starred panels (A, C, F) each contain at least one pair of cones that are mutually supporting each other, forming a reciprocal resting structure, while non-starred panels (B, D, E) do not have any such mutual supports.  ||  LAST_RULE_SENTENCE: So the best guess is that the hidden rule is that a starred panel contains at least one pair of cones where each cone is resting on the other, forming a mutual support structure, while non-starred panels do not have such pairs."
306,s2b,4,6,PLAN_neg_0.5,"The hidden rule is that a panel contains a yellow star if and only if it has at least one pair of cones that are mutually supporting each other, meaning each cone rests on the other's base, forming a resting-on-lying pair. **Answer:** The hidden rule is that a panel has a yellow star if it contains at least one pair of cones that are mutually supporting each other, forming a resting-on-lying pair.","Therefore, the answer is: The hidden rule is that a panel has a yellow star if it contains at least one pair of cones that are mutually supporting each other, forming a resting-on-lying pair.",0.0,"The hidden rule is that a panel contains a yellow star if and only if it has at least one pair of cones that are mutually supporting each other, meaning each cone rests on the other's base, forming a resting-on-lying pair. **Answer:** The hidden rule is that a panel has a yellow star if it contains at least one pair of cones that are mutually supporting each other, forming a resting-on-lying pair.  ||  LAST_RULE_SENTENCE: Therefore, the answer is: The hidden rule is that a panel has a yellow star if it contains at least one pair of cones that are mutually supporting each other, forming a resting-on-lying pair."
307,s2b,4,9,PLAN_neg_0.5,"The hidden rule is that a panel has a yellow star if and only if all the cones are arranged in a continuous stacking sequence where each cone supports the next, forming a continuous chain without gaps.","Therefore, the rule is that a panel has a yellow star if and only if all the cones are arranged in a continuous stacking sequence where each cone supports the next, forming a continuous chain without gaps.",0.0,"The hidden rule is that a panel has a yellow star if and only if all the cones are arranged in a continuous stacking sequence where each cone supports the next, forming a continuous chain without gaps.  ||  LAST_RULE_SENTENCE: Therefore, the rule is that a panel has a yellow star if and only if all the cones are arranged in a continuous stacking sequence where each cone supports the next, forming a continuous chain without gaps."
308,s2b,1,1,PLAN_neg_1.0,"The hidden rule is that a panel is starred if every cone within it is both supported by another cone and supports another, forming a closed loop without any start or end. This pattern is observed in panels A, E, and F. **Answer:** The hidden rule is that a panel is starred if every cone in it is both supported by another cone and supports another, forming a closed loop without any start or end.","So, my best guess is that the hidden rule is that a panel is starred if every cone in it is both supported by another and supports another, forming a closed loop without any start or end.",0.0,"The hidden rule is that a panel is starred if every cone within it is both supported by another cone and supports another, forming a closed loop without any start or end. This pattern is observed in panels A, E, and F. **Answer:** The hidden rule is that a panel is starred if every cone in it is both supported by another cone and supports another, forming a closed loop without any start or end.  ||  LAST_RULE_SENTENCE: So, my best guess is that the hidden rule is that a panel is starred if every cone in it is both supported by another and supports another, forming a closed loop without any start or end."
309,s2b,1,3,PLAN_neg_1.0,"The hidden rule is that the panels with a yellow star contain all three colors (Red, Green, Blue), while the non-starred panels contain only two of those colors. Therefore, the answer is: **The yellow stars are on panels that include all three colors (Red, Green, Blue), while the non-starred panels contain only two colors.** **Answer:** The yellow star panels contain all three colors (Red, Green, Blue), while non-starred ones contain only two.","Therefore, the answer is that the yellow stars are on panels that include all three colors, while the others have only two.",0.0,"The hidden rule is that the panels with a yellow star contain all three colors (Red, Green, Blue), while the non-starred panels contain only two of those colors. Therefore, the answer is: **The yellow stars are on panels that include all three colors (Red, Green, Blue), while the non-starred panels contain only two colors.** **Answer:** The yellow star panels contain all three colors (Red, Green, Blue), while non-starred ones contain only two.  ||  LAST_RULE_SENTENCE: Therefore, the answer is that the yellow stars are on panels that include all three colors, while the others have only two."
310,s2b,1,4,PLAN_neg_1.0,"The hidden rule is that a panel has a yellow star if its cone arrangement forms a closed loop where each cone is supported by another, creating a continuous cycle. This is true for panels A, E, and F, while the other panels do not form such a cycle. **Answer:** The hidden rule is that a panel has a yellow star if its cone arrangement forms a closed loop where each cone is supported by another, creating a continuous cycle.","So the hidden rule is: A panel has a yellow star if its cone arrangement forms a closed loop, where each cone is supported by another, creating a cycle.",0.0,"The hidden rule is that a panel has a yellow star if its cone arrangement forms a closed loop where each cone is supported by another, creating a continuous cycle. This is true for panels A, E, and F, while the other panels do not form such a cycle. **Answer:** The hidden rule is that a panel has a yellow star if its cone arrangement forms a closed loop where each cone is supported by another, creating a continuous cycle.  ||  LAST_RULE_SENTENCE: So the hidden rule is: A panel has a yellow star if its cone arrangement forms a closed loop, where each cone is supported by another, creating a cycle."
311,s2b,1,8,PLAN_neg_1.0,"The hidden rule is that a panel is starred if and every if its cones use three or more different colors. Thus, the rule is: **The yellow star is awarded to panels where the cones use three or more distinct colors.** So, the answer is: The hidden rule is that a panel has a yellow star if and only if its cones use three or more different colors.","So the rule is that if a panel's cones use three or more different colors, it's a yellow star.",0.0,"The hidden rule is that a panel is starred if and every if its cones use three or more different colors. Thus, the rule is: **The yellow star is awarded to panels where the cones use three or more distinct colors.** So, the answer is: The hidden rule is that a panel has a yellow star if and only if its cones use three or more different colors.  ||  LAST_RULE_SENTENCE: So the rule is that if a panel's cones use three or more different colors, it's a yellow star."
312,s2b,1,10,PLAN_neg_1.0,"The hidden rule is that a panel has a yellow star if and if it contains three distinct colors in its cone arrangements. Therefore, the star panels (A, E, F) each have three unique colors, while the non-star panels (B, C, D) have only two. **Answer:** The hidden rule is that a panel contains a yellow star if and only if it contains three different colors in its cone arrangements. Therefore, the yellow-star panels (A, E, F) each have three unique colors, while the non-star panels (B, C, D) have only two unique colors. **Final Answer:** The yellow-star panels (A, E, F) are those with three d","So, that's the guess.",0.0,"The hidden rule is that a panel has a yellow star if and if it contains three distinct colors in its cone arrangements. Therefore, the star panels (A, E, F) each have three unique colors, while the non-star panels (B, C, D) have only two. **Answer:** The hidden rule is that a panel contains a yellow star if and only if it contains three different colors in its cone arrangements. Therefore, the yellow-star panels (A, E, F) each have three unique colors, while the non-star panels (B, C, D) have only two unique colors. **Final Answer:** The yellow-star panels (A, E, F) are those with three d  ||  LAST_RULE_SENTENCE: So, that's the guess."
313,s2b,2,2,PLAN_neg_1.0,"The hidden rule is that a panel has a yellow star if all five cones are arranged in a single connected cluster. Otherwise, it does not. Therefore, the answer is: The hidden rule is that the panel is a star if all five cones form a single connected cluster, otherwise, it is not. So, the yellow star is given to panels with a single connected cluster of five cones. The answer is: **The hidden rule is that a panel has a yellow star if all five cones are arranged in a single connected cluster.**","Therefore, the rule is: If all five cones are arranged in a single connected cluster, the panel has a yellow star; otherwise, it does not.",0.0,"The hidden rule is that a panel has a yellow star if all five cones are arranged in a single connected cluster. Otherwise, it does not. Therefore, the answer is: The hidden rule is that the panel is a star if all five cones form a single connected cluster, otherwise, it is not. So, the yellow star is given to panels with a single connected cluster of five cones. The answer is: **The hidden rule is that a panel has a yellow star if all five cones are arranged in a single connected cluster.**  ||  LAST_RULE_SENTENCE: Therefore, the rule is: If all five cones are arranged in a single connected cluster, the panel has a yellow star; otherwise, it does not."
314,s2b,2,8,PLAN_neg_1.0,"The hidden rule is that the number of different colors used in the cones is three. Therefore, the yellow star is awarded to panels that have exactly three distinct colors in their cone arrangements. **Answer: The rule is that the panel contains exactly three different colors.**","So, the hidden rule is that the number of different colors used in the cones is three.",0.0,"The hidden rule is that the number of different colors used in the cones is three. Therefore, the yellow star is awarded to panels that have exactly three distinct colors in their cone arrangements. **Answer: The rule is that the panel contains exactly three different colors.**  ||  LAST_RULE_SENTENCE: So, the hidden rule is that the number of different colors used in the cones is three."
315,s2b,2,9,PLAN_neg_1.0,"The hidden rule is that a panel is marked with a yellow star if its first and last cone are the same color, making the arrangement symmetrical. If the first and last cones are different colors, the panel does not have a yellow star. **Answer:** The hidden rule is that a panel has a yellow star if its first and last cone are the same color.","So, the answer is that the star panels have their first and last cones of the same color, whereas non-star panels do not.",0.0,"The hidden rule is that a panel is marked with a yellow star if its first and last cone are the same color, making the arrangement symmetrical. If the first and last cones are different colors, the panel does not have a yellow star. **Answer:** The hidden rule is that a panel has a yellow star if its first and last cone are the same color.  ||  LAST_RULE_SENTENCE: So, the answer is that the star panels have their first and last cones of the same color, whereas non-star panels do not."
316,s2b,3,1,PLAN_neg_1.0,"The hidden rule is that a panel is marked with a yellow star if and most of its cone arrangements include exactly two Lying cones. This rule is consistent across all six panels, with Panels A and F having two Lying cones, while the others have one or three, thus determining their status as stars or not. **Answer:** The hidden rule is that a panel is marked with a yellow star if and only if it contains exactly two Lying cones.","Or more precisely, ""A panel is marked with a yellow star if and its coners include exactly two Lying cones.""",0.0,"The hidden rule is that a panel is marked with a yellow star if and most of its cone arrangements include exactly two Lying cones. This rule is consistent across all six panels, with Panels A and F having two Lying cones, while the others have one or three, thus determining their status as stars or not. **Answer:** The hidden rule is that a panel is marked with a yellow star if and only if it contains exactly two Lying cones.  ||  LAST_RULE_SENTENCE: Or more precisely, ""A panel is marked with a yellow star if and its coners include exactly two Lying cones."""
317,s2b,3,2,PLAN_neg_1.0,"The hidden rule is that a panel is starred if its cones have three different orientations. Specifically, if a panel's cones use three distinct directions such as Lying right, Lying left, and Upright, it is marked with a yellow star. If a panel's cones only use two or fewer orientations, it does not have a yellow star. **Answer:** The hidden rule is that a panel is marked with a yellow star if its cones have three distinct orientations. Therefore, the best guess is that the rule is that a panel is starred when its cones have three different orientations.",So the answer is that the rule is that a panel is starred if and always has three different orientations in its cones.,0.0,"The hidden rule is that a panel is starred if its cones have three different orientations. Specifically, if a panel's cones use three distinct directions such as Lying right, Lying left, and Upright, it is marked with a yellow star. If a panel's cones only use two or fewer orientations, it does not have a yellow star. **Answer:** The hidden rule is that a panel is marked with a yellow star if its cones have three distinct orientations. Therefore, the best guess is that the rule is that a panel is starred when its cones have three different orientations.  ||  LAST_RULE_SENTENCE: So the answer is that the rule is that a panel is starred if and always has three different orientations in its cones."
318,s2b,3,3,PLAN_neg_1.0,"The hidden rule is that the star panels have their cones colored in an alternating color pattern, while non-star panels do not. Therefore, the answer is: **The star panels (A, C, F) have their cones arranged with alternating colors, while non-star panels (B, D, E) do not.** **Answer:** The hidden rule is that the panels with yellow stars have their cone colors arranged in an alternating pattern, whereas the non-star panels do not follow this color alternation.","If it doesn't, the colors don't alternate.",0.0,"The hidden rule is that the star panels have their cones colored in an alternating color pattern, while non-star panels do not. Therefore, the answer is: **The star panels (A, C, F) have their cones arranged with alternating colors, while non-star panels (B, D, E) do not.** **Answer:** The hidden rule is that the panels with yellow stars have their cone colors arranged in an alternating pattern, whereas the non-star panels do not follow this color alternation.  ||  LAST_RULE_SENTENCE: If it doesn't, the colors don't alternate."
319,s2b,3,6,PLAN_neg_1.0,"The hidden rule is that a panel is a yellow star if it contains at least two cones of the same color, one positioned on the left side and another on the right side of the panel. This rule distinguishes the yellow star panels from the others because all yellow star panels meet this condition, while the non-yellow star panels do not. **Answer:** The hidden rule is that a panel is a yellow star if it contains at least two cones of the same color, one on the left side and one on the right side.",This rule distinguishes the yellow star panels from the others.,0.0,"The hidden rule is that a panel is a yellow star if it contains at least two cones of the same color, one positioned on the left side and another on the right side of the panel. This rule distinguishes the yellow star panels from the others because all yellow star panels meet this condition, while the non-yellow star panels do not. **Answer:** The hidden rule is that a panel is a yellow star if it contains at least two cones of the same color, one on the left side and one on the right side.  ||  LAST_RULE_SENTENCE: This rule distinguishes the yellow star panels from the others."
320,s2b,4,1,PLAN_neg_1.0,"The hidden rule is that a panel is marked with a yellow star if it contains a continuous chain of cones where each cone is both supporting and being supported by another, forming a balanced, interconnected structure. This is in contrast to non-star panels where the support is one-directional or less connected. **Answer:** The hidden rule is that a star panel contains a continuous chain of cones where each is both supporting and being supported by another, forming a balanced, interconnected structure.","I think the best conclusion is that the hidden rule is that a star panel has a continuous chain of mutual support where each cone is both supporting and being supported by another, forming a balanced, interconnected structure.",0.0,"The hidden rule is that a panel is marked with a yellow star if it contains a continuous chain of cones where each cone is both supporting and being supported by another, forming a balanced, interconnected structure. This is in contrast to non-star panels where the support is one-directional or less connected. **Answer:** The hidden rule is that a star panel contains a continuous chain of cones where each is both supporting and being supported by another, forming a balanced, interconnected structure.  ||  LAST_RULE_SENTENCE: I think the best conclusion is that the hidden rule is that a star panel has a continuous chain of mutual support where each cone is both supporting and being supported by another, forming a balanced, interconnected structure."
321,s2b,4,2,PLAN_neg_1.0,"The hidden rule is that the arrangement is a single path where each cone is connected to exactly one other cone, forming a straight line without any overlaps or clusters. This pattern is observed in the starred panels (A, C, F), while the non-star panels (B, D, E) have clusters or internal connections. **Answer:** The yellow star panels are those where all cones are connected in a single path without any overlaps or internal connections, forming a straight line.","So the hidden rule is that the arrangement is a single path where each cone is connected to exactly one other cone, making it a straight line without any overlaps or clusters.",0.0,"The hidden rule is that the arrangement is a single path where each cone is connected to exactly one other cone, forming a straight line without any overlaps or clusters. This pattern is observed in the starred panels (A, C, F), while the non-star panels (B, D, E) have clusters or internal connections. **Answer:** The yellow star panels are those where all cones are connected in a single path without any overlaps or internal connections, forming a straight line.  ||  LAST_RULE_SENTENCE: So the hidden rule is that the arrangement is a single path where each cone is connected to exactly one other cone, making it a straight line without any overlaps or clusters."
322,s2b,4,3,PLAN_neg_1.0,"The hidden rule is that a yellow star panel contains seven cones arranged in a continuous support chain, each one supporting the next, forming a complete path across the panel. This is why panels A, C, and F are starred. **Answer:** The yellow star panels are those where all seven cones form a continuous support chain, each one supporting the next, creating a complete path across the panel.","So I'll conclude that the hidden rule is that a yellow star panel has a continuous path of seven cones, each supporting the next, forming a complete chain.",0.0,"The hidden rule is that a yellow star panel contains seven cones arranged in a continuous support chain, each one supporting the next, forming a complete path across the panel. This is why panels A, C, and F are starred. **Answer:** The yellow star panels are those where all seven cones form a continuous support chain, each one supporting the next, creating a complete path across the panel.  ||  LAST_RULE_SENTENCE: So I'll conclude that the hidden rule is that a yellow star panel has a continuous path of seven cones, each supporting the next, forming a complete chain."
323,s2b,4,8,PLAN_neg_1.0,"The hidden rule is that a panel is a star if it contains exactly two non-uprigh cones or exactly two upside-down cones. **Answer:** The rule is that a panel is marked with a yellow star if it has exactly two non-uprigh cones or exactly two upside-down cones. This criterion is satisfied by panels A, C, and F.",So that's the hidden rule.,0.0,"The hidden rule is that a panel is a star if it contains exactly two non-uprigh cones or exactly two upside-down cones. **Answer:** The rule is that a panel is marked with a yellow star if it has exactly two non-uprigh cones or exactly two upside-down cones. This criterion is satisfied by panels A, C, and F.  ||  LAST_RULE_SENTENCE: So that's the hidden rule."
324,s1,1,3,A,The hidden rule is that the panels with a yellow star have at least one cone that is upside-down. **Answer:** Panels with a yellow star have at least one upside-down cone.,"So my best guess is that the hidden rule is: ""Panels with a yellow star have at least one cone that is upside-down.""",0.0,"The hidden rule is that the panels with a yellow star have at least one cone that is upside-down. **Answer:** Panels with a yellow star have at least one upside-down cone.  ||  LAST_RULE_SENTENCE: So my best guess is that the hidden rule is: ""Panels with a yellow star have at least one cone that is upside-down."""
325,s1,1,5,A,"The hidden rule that distinguishes the starred panels (A, E, F) from the non-starred ones (B, C, D) is that the starred panels have their cone structures arranged in a single continuous linear chain where each cone is directly supporting the next, forming a connected path across the panel. In contrast, the non-starred panels have a different arrangement, such as nested structures or separate components, or do not form a single continuous chain. **Answer:** The panels with yellow stars (A, E, F) have their cone structures arranged in a single continuous linear chain, each supporting the next,",The non-starred ones either have a different arrangement or are not in a single chain.,0.0,"The hidden rule that distinguishes the starred panels (A, E, F) from the non-starred ones (B, C, D) is that the starred panels have their cone structures arranged in a single continuous linear chain where each cone is directly supporting the next, forming a connected path across the panel. In contrast, the non-starred panels have a different arrangement, such as nested structures or separate components, or do not form a single continuous chain. **Answer:** The panels with yellow stars (A, E, F) have their cone structures arranged in a single continuous linear chain, each supporting the next,  ||  LAST_RULE_SENTENCE: The non-starred ones either have a different arrangement or are not in a single chain."
326,s1,1,8,A,"The hidden rule that distinguishes panels with a yellow star is that they contain at least one cone that is either tilted or lying, while non-starred panels have all cones in an upright orientation. **Answer:** The hidden rule is that panels with a yellow star have at least one tilted or lying cone, whereas non-starred panels have all cones in an upright orientation.","So, the hidden rule could be: ""Panels with a yellow star have at least one tilted or lying cone, while non-starred panels have all cones upright.""",0.0,"The hidden rule that distinguishes panels with a yellow star is that they contain at least one cone that is either tilted or lying, while non-starred panels have all cones in an upright orientation. **Answer:** The hidden rule is that panels with a yellow star have at least one tilted or lying cone, whereas non-starred panels have all cones in an upright orientation.  ||  LAST_RULE_SENTENCE: So, the hidden rule could be: ""Panels with a yellow star have at least one tilted or lying cone, while non-starred panels have all cones upright."""
327,s1,1,11,A,"The hidden rule that distinguishes the starred panels from the unstarred ones is that the starred panels (A, E, F) have a linear chain of cones where each cone is stacked on top of the previous one, forming a single vertical structure. In contrast, the unstarred panels (B, C, D) have a more scattered arrangement with cones connected in a less linear, possibly branched or overlapping manner. **Answer:** The hidden rule is that the panels with yellow stars have a linear chain of cones where each cone is stacked on top of the previous one, forming a vertical structure.","So, based on that, I think the hidden rule is that the star panels have a linear chain of cones where each one is stacked on top of the previous, forming a single vertical line.",0.0,"The hidden rule that distinguishes the starred panels from the unstarred ones is that the starred panels (A, E, F) have a linear chain of cones where each cone is stacked on top of the previous one, forming a single vertical structure. In contrast, the unstarred panels (B, C, D) have a more scattered arrangement with cones connected in a less linear, possibly branched or overlapping manner. **Answer:** The hidden rule is that the panels with yellow stars have a linear chain of cones where each cone is stacked on top of the previous one, forming a vertical structure.  ||  LAST_RULE_SENTENCE: So, based on that, I think the hidden rule is that the star panels have a linear chain of cones where each one is stacked on top of the previous, forming a single vertical line."
328,s1,1,12,A,"The hidden rule is that a panel gets a yellow star if and only if it contains three distinct colors. Specifically, Panels A, E, and F each have three different colors (Red, Green, Blue), while Panels B, C, and D have two or one color, hence no star. **Answer:** The hidden rule is that a panel is starred if it contains three distinct colors. Therefore, Panel A, E, and F each have three colors and are starred, while B, C, and D do not and are unstarred.","So, the rule is that panels with three distinct colors get a yellow star.",0.0,"The hidden rule is that a panel gets a yellow star if and only if it contains three distinct colors. Specifically, Panels A, E, and F each have three different colors (Red, Green, Blue), while Panels B, C, and D have two or one color, hence no star. **Answer:** The hidden rule is that a panel is starred if it contains three distinct colors. Therefore, Panel A, E, and F each have three colors and are starred, while B, C, and D do not and are unstarred.  ||  LAST_RULE_SENTENCE: So, the rule is that panels with three distinct colors get a yellow star."
329,s1,1,14,A,"The hidden rule that distinguishes the starred panels (A, E, F) from the unstarred ones (B, C, D) is that the starred panels contain a continuous chain of cone-shaped objects connected in a specific direction—most likely to the right. Each cone in the chain is connected to the next, forming a linear sequence that spans the panel from left to right. In contrast, the unstarred panels have arrangements that are either more complex, nested, or not linear, without such a continuous chain. **Answer:** The hidden rule is that starred panels (A, E, F) have a continuous chain of cone-shaped objects co","Therefore, the rule is that starred panels have a linear chain of cones connected in a specific direction, likely to the right, forming a path from left to right.",0.0,"The hidden rule that distinguishes the starred panels (A, E, F) from the unstarred ones (B, C, D) is that the starred panels contain a continuous chain of cone-shaped objects connected in a specific direction—most likely to the right. Each cone in the chain is connected to the next, forming a linear sequence that spans the panel from left to right. In contrast, the unstarred panels have arrangements that are either more complex, nested, or not linear, without such a continuous chain. **Answer:** The hidden rule is that starred panels (A, E, F) have a continuous chain of cone-shaped objects co  ||  LAST_RULE_SENTENCE: Therefore, the rule is that starred panels have a linear chain of cones connected in a specific direction, likely to the right, forming a path from left to right."
330,s1,1,15,A,"The hidden rule that distinguishes the starred panels from the unstarred ones is that the starred panels (A, E, F) each have a single continuous chain of cones connected in a linear path, forming a sequence where each cone directly supports the next. This creates a straight or snake-like line from the floor to the top. In contrast, the unstarred panels (B, C, D) have more varied and complex arrangements with multiple connections or branches, leading to a less structured, often more intricate setup. **Answer:** The star panels (A, E, F) each have a single continuous chain of cones connected in","Non-star panels have arrangements with multiple connections or branches, making the structure more complex.",0.0,"The hidden rule that distinguishes the starred panels from the unstarred ones is that the starred panels (A, E, F) each have a single continuous chain of cones connected in a linear path, forming a sequence where each cone directly supports the next. This creates a straight or snake-like line from the floor to the top. In contrast, the unstarred panels (B, C, D) have more varied and complex arrangements with multiple connections or branches, leading to a less structured, often more intricate setup. **Answer:** The star panels (A, E, F) each have a single continuous chain of cones connected in  ||  LAST_RULE_SENTENCE: Non-star panels have arrangements with multiple connections or branches, making the structure more complex."
331,s1,1,16,A,The hidden rule is that a panel has a yellow star if and only if it contains at least one cone that is both tilted and lying. **Answer:** The rule is that a panel has a yellow star if and only if it contains at least one cone that is both tilted and lying.,"Therefore, my best guess is that the hidden rule is that a panel has a yellow star if and only if it contains at least one cone that is both tilted and lying.",0.0,"The hidden rule is that a panel has a yellow star if and only if it contains at least one cone that is both tilted and lying. **Answer:** The rule is that a panel has a yellow star if and only if it contains at least one cone that is both tilted and lying.  ||  LAST_RULE_SENTENCE: Therefore, my best guess is that the hidden rule is that a panel has a yellow star if and only if it contains at least one cone that is both tilted and lying."
332,s1,1,18,A,"The hidden rule that distinguishes the starred panels is that a panel is starred if it contains at least one upside-down cone. **Answer:** Panels A, E, and F have at least one upside-down cone, while the others do not, indicating that the hidden rule is: *A panel is starred if it contains at least one upside-down cone.*","So panels A, E, and F have at least one upside-down cone, making them starred, while the others don't.",0.0,"The hidden rule that distinguishes the starred panels is that a panel is starred if it contains at least one upside-down cone. **Answer:** Panels A, E, and F have at least one upside-down cone, while the others do not, indicating that the hidden rule is: *A panel is starred if it contains at least one upside-down cone.*  ||  LAST_RULE_SENTENCE: So panels A, E, and F have at least one upside-down cone, making them starred, while the others don't."
333,s1,1,20,A,"The hidden rule is that a panel is marked with a yellow star if it uses three distinct colors in its cone arrangements, while panels without a star use only two colors. **Answer:** Panels with a yellow star use three distinct colors, while those without use only two.","Therefore, the hidden rule is: The panels with the yellow star are those that use three distinct colors in their cone arrangements, while the unstarred ones only use two.",0.0,"The hidden rule is that a panel is marked with a yellow star if it uses three distinct colors in its cone arrangements, while panels without a star use only two colors. **Answer:** Panels with a yellow star use three distinct colors, while those without use only two.  ||  LAST_RULE_SENTENCE: Therefore, the hidden rule is: The panels with the yellow star are those that use three distinct colors in their cone arrangements, while the unstarred ones only use two."
334,s1,1,23,A,The hidden rule is that a panel is marked with a yellow star if it contains at least one cone with exactly four contacts. Panels without stars do not have any cones with four contacts. **Answer:** The panels with a yellow star are those that have at least one cone with exactly four contacts.,"So the rule is that a panel is starred if it has a cone with exactly four contacts, and unstarred otherwise.",0.0,"The hidden rule is that a panel is marked with a yellow star if it contains at least one cone with exactly four contacts. Panels without stars do not have any cones with four contacts. **Answer:** The panels with a yellow star are those that have at least one cone with exactly four contacts.  ||  LAST_RULE_SENTENCE: So the rule is that a panel is starred if it has a cone with exactly four contacts, and unstarred otherwise."
335,s1,1,24,A,"The hidden rule is that a panel is marked with a yellow star if it contains at least one upside-down cone. This is because both Panel E and Panel F have at least one cone in the upside-down orientation, while the other panels do not. **Answer:** A panel is starred if it contains at least one upside-down cone.",So the rule is that a panel has a yellow star if it contains at least one upside-down cone.,0.0,"The hidden rule is that a panel is marked with a yellow star if it contains at least one upside-down cone. This is because both Panel E and Panel F have at least one cone in the upside-down orientation, while the other panels do not. **Answer:** A panel is starred if it contains at least one upside-down cone.  ||  LAST_RULE_SENTENCE: So the rule is that a panel has a yellow star if it contains at least one upside-down cone."
336,s1,1,26,A,"The hidden rule that distinguishes the starred panels from the unstarred ones is that the starred panels (A, E, F) exhibit a specific sequence of colors in their cone arrangements. Each starred panel follows a color pattern that alternates in a particular order, such as red, green, blue, red, green, blue, etc. Non-starred panels (B, C, D) do not follow this color sequence, instead using fewer color variations or a different pattern. **Answer:** The hidden rule is that the starred panels (A, E, F) have a specific color sequence, alternating through red, green, and blue, while the non-starred p","So, the hidden rule might be that a star panel must have each cone's color following a specific order, like red, green, blue, red, etc., while non-star panels don't.",0.0,"The hidden rule that distinguishes the starred panels from the unstarred ones is that the starred panels (A, E, F) exhibit a specific sequence of colors in their cone arrangements. Each starred panel follows a color pattern that alternates in a particular order, such as red, green, blue, red, green, blue, etc. Non-starred panels (B, C, D) do not follow this color sequence, instead using fewer color variations or a different pattern. **Answer:** The hidden rule is that the starred panels (A, E, F) have a specific color sequence, alternating through red, green, and blue, while the non-starred p  ||  LAST_RULE_SENTENCE: So, the hidden rule might be that a star panel must have each cone's color following a specific order, like red, green, blue, red, etc., while non-star panels don't."
337,s1,1,28,A,"The hidden rule is that the panels with a yellow star have a hierarchical structure where each cone is either nested inside another or supporting it, forming a connected chain or tree-like arrangement. In contrast, the non-starred panels have a linear, flat structure where cones are placed adjacent to each other without such hierarchical relationships. **Answer:** The panels with yellow stars have a hierarchical structure where each cone is either nested inside another or supporting it, forming a connected chain or tree-like arrangement. Non-starred panels have a linear, flat structure with c","Therefore, the best guess is that the rule is: Panels with a yellow star have a hierarchical arrangement where each cone is either nested inside another or supporting it, forming a connected structure, while non-starred panels have a linear arrangement with cones placed adjacent to each other without such connections.",0.0,"The hidden rule is that the panels with a yellow star have a hierarchical structure where each cone is either nested inside another or supporting it, forming a connected chain or tree-like arrangement. In contrast, the non-starred panels have a linear, flat structure where cones are placed adjacent to each other without such hierarchical relationships. **Answer:** The panels with yellow stars have a hierarchical structure where each cone is either nested inside another or supporting it, forming a connected chain or tree-like arrangement. Non-starred panels have a linear, flat structure with c  ||  LAST_RULE_SENTENCE: Therefore, the best guess is that the rule is: Panels with a yellow star have a hierarchical arrangement where each cone is either nested inside another or supporting it, forming a connected structure, while non-starred panels have a linear arrangement with cones placed adjacent to each other without such connections."
338,s1,1,29,A,"The hidden rule that distinguishes the starred panels (A, E, F) from the unstarred ones (B, C, D) is that each starred panel contains at least one cone that is upside-down and resting on the floor. The unstarred panels do not have any cones in such a configuration. **Answer:** The rule is that each starred panel has at least one cone that is upside-down and resting on the floor.","So my best guess is that the hidden rule is: ""Each panel with a yellow star has at least one cone that is upside-down and resting on the floor.""",0.0,"The hidden rule that distinguishes the starred panels (A, E, F) from the unstarred ones (B, C, D) is that each starred panel contains at least one cone that is upside-down and resting on the floor. The unstarred panels do not have any cones in such a configuration. **Answer:** The rule is that each starred panel has at least one cone that is upside-down and resting on the floor.  ||  LAST_RULE_SENTENCE: So my best guess is that the hidden rule is: ""Each panel with a yellow star has at least one cone that is upside-down and resting on the floor."""
339,s1,1,30,A,"The hidden rule is that a panel is marked with a yellow star if it contains both red and blue cones. If a panel contains only green and/or other colors without red or blue, it does not have a star. **Answer:** A panel is starred if it contains at least one red cone and at least one blue cone.","If it only has green and/or other colors, it doesn't have a star.",1.0,"The hidden rule is that a panel is marked with a yellow star if it contains both red and blue cones. If a panel contains only green and/or other colors without red or blue, it does not have a star. **Answer:** A panel is starred if it contains at least one red cone and at least one blue cone.  ||  LAST_RULE_SENTENCE: If it only has green and/or other colors, it doesn't have a star."
340,s1,1,31,A,"The hidden rule is that a panel is marked with a yellow star if it contains at least one cone that is not upright. Specifically, if any cone in the panel is tilted or upside-down, the panel gets a star. Conversely, panels without stars have all their cones in an upright orientation. **Answer:** The hidden rule is that a panel is starred if it contains at least one cone that is not upright (tilted or upside-down).",So the rule is about the presence of any non-upright cone.,0.0,"The hidden rule is that a panel is marked with a yellow star if it contains at least one cone that is not upright. Specifically, if any cone in the panel is tilted or upside-down, the panel gets a star. Conversely, panels without stars have all their cones in an upright orientation. **Answer:** The hidden rule is that a panel is starred if it contains at least one cone that is not upright (tilted or upside-down).  ||  LAST_RULE_SENTENCE: So the rule is about the presence of any non-upright cone."
341,s1,1,32,A,"The hidden rule that distinguishes the starred panels from the unstarred ones is that the starred panels (A, E, F) have a more interconnected structure where each cone is either directly or indirectly connected to others, forming a single connected component. In contrast, the unstarred panels (B, C, D) have a less interconnected structure, often linear or with fewer connections, leading to a more fragmented layout.",Non-starred panels have a more linear or less connected structure.,0.0,"The hidden rule that distinguishes the starred panels from the unstarred ones is that the starred panels (A, E, F) have a more interconnected structure where each cone is either directly or indirectly connected to others, forming a single connected component. In contrast, the unstarred panels (B, C, D) have a less interconnected structure, often linear or with fewer connections, leading to a more fragmented layout.  ||  LAST_RULE_SENTENCE: Non-starred panels have a more linear or less connected structure."
342,s1,1,33,A,"The hidden rule is that a panel is marked with a yellow star if and only if it features three distinct colors among its cones. Therefore, the panels with stars (A, E, F) each have three different colors, while the non-starred panels (B, C, D) have only two. **Answer:** The hidden rule is that a panel is marked with a yellow star if it contains three distinct colors among its cone arrangements.","So the hidden rule is that the panels with three distinct colors are starred, and those with two or fewer are not.",0.0,"The hidden rule is that a panel is marked with a yellow star if and only if it features three distinct colors among its cones. Therefore, the panels with stars (A, E, F) each have three different colors, while the non-starred panels (B, C, D) have only two. **Answer:** The hidden rule is that a panel is marked with a yellow star if it contains three distinct colors among its cone arrangements.  ||  LAST_RULE_SENTENCE: So the hidden rule is that the panels with three distinct colors are starred, and those with two or fewer are not."
343,s1,1,34,A,"The hidden rule is that a panel is marked with a yellow star if it contains cones with both ""Left"" and ""Right"" tilted orientations. If a panel has cones with only one type of tilt or ""Lying"" orientation, it does not have a star. **Answer:** Panels are marked with a yellow star if they have cones that are both ""Left"" and ""Right"" tilted; otherwise, they are not.","So, yes, the starred panels have both left and right tilts, while non-starred have only one type or lying, which is akin to one side.",0.0,"The hidden rule is that a panel is marked with a yellow star if it contains cones with both ""Left"" and ""Right"" tilted orientations. If a panel has cones with only one type of tilt or ""Lying"" orientation, it does not have a star. **Answer:** Panels are marked with a yellow star if they have cones that are both ""Left"" and ""Right"" tilted; otherwise, they are not.  ||  LAST_RULE_SENTENCE: So, yes, the starred panels have both left and right tilts, while non-starred have only one type or lying, which is akin to one side."
344,s1,1,35,A,"The hidden rule is that a panel is marked with a yellow star if it contains at least one upside-down cone. Therefore, the starred panels (A, E, F) have at least one upside-down cone, while the others do not. **Answer:** The hidden rule is that a panel is marked with a yellow star if it contains at least one upside-down cone.","Therefore, the hidden rule is that a panel is marked with a yellow star if any of its cones are upside-down.",0.0,"The hidden rule is that a panel is marked with a yellow star if it contains at least one upside-down cone. Therefore, the starred panels (A, E, F) have at least one upside-down cone, while the others do not. **Answer:** The hidden rule is that a panel is marked with a yellow star if it contains at least one upside-down cone.  ||  LAST_RULE_SENTENCE: Therefore, the hidden rule is that a panel is marked with a yellow star if any of its cones are upside-down."
345,s1,1,36,A,"The hidden rule that distinguishes the starred panels from the unstarred ones is: **""Each cone in the panel is both supporting another cone and being supported by another cone, creating a mutual support structure.""** This rule applies specifically to the panels marked with a yellow star. In these panels, every cone is involved in a mutual relationship where it supports another cone and is itself supported by another. In contrast, the unstarred panels have a one-directional support structure where cones typically only support others without being supported themselves. **Answer:** The hidden","So, to state the rule: ""Each cone in the panel is both supporting another cone and being supported by another cone, creating a mutual support structure.""",0.0,"The hidden rule that distinguishes the starred panels from the unstarred ones is: **""Each cone in the panel is both supporting another cone and being supported by another cone, creating a mutual support structure.""** This rule applies specifically to the panels marked with a yellow star. In these panels, every cone is involved in a mutual relationship where it supports another cone and is itself supported by another. In contrast, the unstarred panels have a one-directional support structure where cones typically only support others without being supported themselves. **Answer:** The hidden  ||  LAST_RULE_SENTENCE: So, to state the rule: ""Each cone in the panel is both supporting another cone and being supported by another cone, creating a mutual support structure."""
346,s1,1,38,A,"The hidden rule is that the panels with a yellow star have a continuous chain of connected cones, each supporting the next in a specific arrangement, while the non-star panels do not follow this connected chain structure.","So, I think the hidden rule is that the panels with yellow stars have a chain of cones where each cone is connected to the next in a specific way, forming a continuous structure, while non-star panels don't follow this.",0.0,"The hidden rule is that the panels with a yellow star have a continuous chain of connected cones, each supporting the next in a specific arrangement, while the non-star panels do not follow this connected chain structure.  ||  LAST_RULE_SENTENCE: So, I think the hidden rule is that the panels with yellow stars have a chain of cones where each cone is connected to the next in a specific way, forming a continuous structure, while non-star panels don't follow this."
347,s1,1,39,A,"The hidden rule that distinguishes panels with a yellow star from those without is that a panel earns a star if it contains at least one cone that both supports another cone and is itself supported by another cone, forming a mutual support structure. This creates a hub-and-spoke relationship where one cone serves as a central support for others, while another cone supports it, unlike non-star panels which typically have a more linear or one-directional support structure. **Answer:** Panels with a yellow star have at least one cone that both supports another cone and is supported by another co","So, the hidden rule might be: ""A panel has a yellow star if there exists at least one cone that is both supporting another cone and being supported by another cone, creating a mutual support structure.""",0.0,"The hidden rule that distinguishes panels with a yellow star from those without is that a panel earns a star if it contains at least one cone that both supports another cone and is itself supported by another cone, forming a mutual support structure. This creates a hub-and-spoke relationship where one cone serves as a central support for others, while another cone supports it, unlike non-star panels which typically have a more linear or one-directional support structure. **Answer:** Panels with a yellow star have at least one cone that both supports another cone and is supported by another co  ||  LAST_RULE_SENTENCE: So, the hidden rule might be: ""A panel has a yellow star if there exists at least one cone that is both supporting another cone and being supported by another cone, creating a mutual support structure."""
348,s1,2,7,A,"The hidden rule is that the first and last cones in the arrangement must be the same color. This is true for Panels A and E, which are starred. Therefore, the best guess is: **The first and last cones must be the same color.**",So the hidden rule might be that the first and last cones are the same color.,0.0,"The hidden rule is that the first and last cones in the arrangement must be the same color. This is true for Panels A and E, which are starred. Therefore, the best guess is: **The first and last cones must be the same color.**  ||  LAST_RULE_SENTENCE: So the hidden rule might be that the first and last cones are the same color."
349,s1,2,8,A,"The hidden rule is that a panel is marked with a yellow star if it contains a cone that is both supported by another cone and supports another cone, forming a mutual supporting structure. This creates a specific arrangement where one cone rests on another and is in turn supported by it, unlike the non","So, the star panels have such a mutual supporting pair, while non-star panels don't.",0.0,"The hidden rule is that a panel is marked with a yellow star if it contains a cone that is both supported by another cone and supports another cone, forming a mutual supporting structure. This creates a specific arrangement where one cone rests on another and is in turn supported by it, unlike the non  ||  LAST_RULE_SENTENCE: So, the star panels have such a mutual supporting pair, while non-star panels don't."
350,s1,2,10,A,"The hidden rule is that the panels with yellow stars (A, B, E) have their cone arrangements in a linear chain from left to right, each connected to the next, starting and ending on the floor. The non-starred panels (C, D, F) have a more complex arrangement with clusters or nested structures. **Answer:** The panels with yellow stars have their cone arrangements in a linear chain from left to right, each connected to the next, starting and ending on the floor.","Therefore, the rule is that the starred panels have a linear chain of cones from left to right, each connected to the next, starting and ending on the floor, while non-starred have a different, more complex arrangement.",0.0,"The hidden rule is that the panels with yellow stars (A, B, E) have their cone arrangements in a linear chain from left to right, each connected to the next, starting and ending on the floor. The non-starred panels (C, D, F) have a more complex arrangement with clusters or nested structures. **Answer:** The panels with yellow stars have their cone arrangements in a linear chain from left to right, each connected to the next, starting and ending on the floor.  ||  LAST_RULE_SENTENCE: Therefore, the rule is that the starred panels have a linear chain of cones from left to right, each connected to the next, starting and ending on the floor, while non-starred have a different, more complex arrangement."
351,s1,2,12,A,"The hidden rule is that a panel is marked with a yellow star if it features two distinct clusters of cones, one on the left side and another on the right side. Each cluster consists of a specific number of cones, with the left cluster being on the left and the right cluster on the right, creating a symmetrical arrangement. **Answer:** Panels A, B, and E each have two clusters of cones on opposite sides of the panel, while the others do not, making them the starred panels.","So, putting it together, the hidden rule could be: ""The panel is starred if it has two clusters of cones, one on the left side and one on the right side of the panel, each cluster containing a specific number of cones.""",0.0,"The hidden rule is that a panel is marked with a yellow star if it features two distinct clusters of cones, one on the left side and another on the right side. Each cluster consists of a specific number of cones, with the left cluster being on the left and the right cluster on the right, creating a symmetrical arrangement. **Answer:** Panels A, B, and E each have two clusters of cones on opposite sides of the panel, while the others do not, making them the starred panels.  ||  LAST_RULE_SENTENCE: So, putting it together, the hidden rule could be: ""The panel is starred if it has two clusters of cones, one on the left side and one on the right side of the panel, each cluster containing a specific number of cones."""
352,s1,2,14,A,"The hidden rule that distinguishes the starred panels (A and B) from the unstarred ones is that each cone is in contact with the cone to its immediate right, forming a linear chain. This pattern is consistent in both Panel A and Panel B, where each cone is supported by or touches the next one to its right. In contrast, the other panels have arrangements that do not follow this strict linear chain structure. **Answer:** The hidden rule is that each cone is in contact with the cone immediately to its right, forming a linear chain.","Therefore, my best guess is that the hidden rule is that each cone is in contact with the cone immediately to its right, forming a linear chain.",0.0,"The hidden rule that distinguishes the starred panels (A and B) from the unstarred ones is that each cone is in contact with the cone to its immediate right, forming a linear chain. This pattern is consistent in both Panel A and Panel B, where each cone is supported by or touches the next one to its right. In contrast, the other panels have arrangements that do not follow this strict linear chain structure. **Answer:** The hidden rule is that each cone is in contact with the cone immediately to its right, forming a linear chain.  ||  LAST_RULE_SENTENCE: Therefore, my best guess is that the hidden rule is that each cone is in contact with the cone immediately to its right, forming a linear chain."
353,s1,2,15,A,"The hidden rule is that a panel is marked with a yellow star if exactly one of its cones does not touch the floor. This distinguishes Panels A and E as starred, while the others have all cones on the floor. **Answer:** The hidden rule is that a panel is starred if exactly one of its cones does not touch the floor.","Therefore, the rule is that the panel is starred if exactly one cone does not touch the floor.",0.0,"The hidden rule is that a panel is marked with a yellow star if exactly one of its cones does not touch the floor. This distinguishes Panels A and E as starred, while the others have all cones on the floor. **Answer:** The hidden rule is that a panel is starred if exactly one of its cones does not touch the floor.  ||  LAST_RULE_SENTENCE: Therefore, the rule is that the panel is starred if exactly one cone does not touch the floor."
354,s1,2,17,A,"The hidden rule is that a panel receives a yellow star if the first cone is connected to another cone (i.e., it's not isolated). If the first cone is isolated, the panel does not have a star. **Answer:** A panel is starred if its first cone is connected to another cone; otherwise, it isn't.","So the hidden rule is that a panel gets a yellow star if the first cone is connected to another cone; otherwise, it doesn't.",0.0,"The hidden rule is that a panel receives a yellow star if the first cone is connected to another cone (i.e., it's not isolated). If the first cone is isolated, the panel does not have a star. **Answer:** A panel is starred if its first cone is connected to another cone; otherwise, it isn't.  ||  LAST_RULE_SENTENCE: So the hidden rule is that a panel gets a yellow star if the first cone is connected to another cone; otherwise, it doesn't."
355,s1,2,18,A,"The hidden rule that distinguishes the starred panels from the unstarred ones is that the colors of the cones must alternate without any two adjacent cones having the same color. This pattern is consistent with Panels A and F, which have their colors alternating perfectly, while the other panels have at least one instance where adjacent cones share the same color. **Answer:** The hidden rule is that the colors of the cones must alternate without any two adjacent cones having the same color.",,0.0,"The hidden rule that distinguishes the starred panels from the unstarred ones is that the colors of the cones must alternate without any two adjacent cones having the same color. This pattern is consistent with Panels A and F, which have their colors alternating perfectly, while the other panels have at least one instance where adjacent cones share the same color. **Answer:** The hidden rule is that the colors of the cones must alternate without any two adjacent cones having the same color."
356,s1,2,21,A,"The hidden rule that distinguishes the starred panels from the unstarred ones is that the starred panels (A, B, E) have their cones arranged in a continuous linear chain where each cone is connected to the next in a specific direction, forming a continuous line. The unstarred panels (C, D, F) have their cones arranged in a more random or disconnected manner. **Answer:** The panels with yellow stars have their cone arrangements in a continuous linear chain, while the others do not.","Non-special panels (C, D, F) have cones arranged in a more random or disconnected manner.",0.0,"The hidden rule that distinguishes the starred panels from the unstarred ones is that the starred panels (A, B, E) have their cones arranged in a continuous linear chain where each cone is connected to the next in a specific direction, forming a continuous line. The unstarred panels (C, D, F) have their cones arranged in a more random or disconnected manner. **Answer:** The panels with yellow stars have their cone arrangements in a continuous linear chain, while the others do not.  ||  LAST_RULE_SENTENCE: Non-special panels (C, D, F) have cones arranged in a more random or disconnected manner."
357,s1,2,23,A,"The hidden rule that distinguishes the starred panels from the unstarred ones is that the starred panels (A and B) have a single linear chain of connected cones, whereas the unstarred panels (C, D, E, F) have multiple clusters of cones. **Answer:** The star panels (A and B) have a single linear chain of cones, while the other panels have multiple clusters.","So, after considering various possibilities, I think the hidden rule is that the star panels (A and B) have a linear arrangement of cones connected one after another, forming a single chain, while the non-starred panels have multiple clusters of cones.",0.0,"The hidden rule that distinguishes the starred panels from the unstarred ones is that the starred panels (A and B) have a single linear chain of connected cones, whereas the unstarred panels (C, D, E, F) have multiple clusters of cones. **Answer:** The star panels (A and B) have a single linear chain of cones, while the other panels have multiple clusters.  ||  LAST_RULE_SENTENCE: So, after considering various possibilities, I think the hidden rule is that the star panels (A and B) have a linear arrangement of cones connected one after another, forming a single chain, while the non-starred panels have multiple clusters of cones."
358,s1,2,26,A,"The hidden rule that distinguishes the starred panels is that they follow a linear sequence where each cone is connected in a specific order, either left to right or right to left, with each subsequent cone placed adjacent to the previous one. Unstarred panels have more complex arrangements with nesting or overlaps without following this linear path. **Answer:** The hidden rule is that starred panels have a linear sequence of connected cones, each adjacent to the previous one, forming a path from left to right or right to left.","Therefore, my best guess is that the rule is: ""The arrangement follows a linear sequence where each cone is connected in a specific order, either left to right or right to left, with each subsequent cone placed adjacent to the previous one.""",0.0,"The hidden rule that distinguishes the starred panels is that they follow a linear sequence where each cone is connected in a specific order, either left to right or right to left, with each subsequent cone placed adjacent to the previous one. Unstarred panels have more complex arrangements with nesting or overlaps without following this linear path. **Answer:** The hidden rule is that starred panels have a linear sequence of connected cones, each adjacent to the previous one, forming a path from left to right or right to left.  ||  LAST_RULE_SENTENCE: Therefore, my best guess is that the rule is: ""The arrangement follows a linear sequence where each cone is connected in a specific order, either left to right or right to left, with each subsequent cone placed adjacent to the previous one."""
359,s1,2,28,A,"The hidden rule is that a panel has a yellow star if the number of color changes between adjacent cones is odd. If the number of color changes is even, the panel does not have a star. **Answer:** Panels with an odd number of color changes between adjacent cones have a yellow star.","So I think the rule is that if the number of color changes between adjacent cones is odd, the panel has a yellow star; otherwise, it doesn't.",0.0,"The hidden rule is that a panel has a yellow star if the number of color changes between adjacent cones is odd. If the number of color changes is even, the panel does not have a star. **Answer:** Panels with an odd number of color changes between adjacent cones have a yellow star.  ||  LAST_RULE_SENTENCE: So I think the rule is that if the number of color changes between adjacent cones is odd, the panel has a yellow star; otherwise, it doesn't."
360,s1,2,31,A,"The hidden rule is that the panels with the yellow star have cones arranged in a straight line from left to right, each leaning on the cone to its immediate left, forming a continuous chain. This is different from the non-starred panels, which have more varied arrangements, such as clusters, nested structures, or different connectivity. **Answer:** The hidden rule is that the panels with yellow stars have cones arranged in a straight line from left to right, each leaning on the cone to its immediate left, forming a continuous chain.","So, the rule is: ""Each cone is leaning on the cone immediately to its left, forming a straight line from left to right.""",0.0,"The hidden rule is that the panels with the yellow star have cones arranged in a straight line from left to right, each leaning on the cone to its immediate left, forming a continuous chain. This is different from the non-starred panels, which have more varied arrangements, such as clusters, nested structures, or different connectivity. **Answer:** The hidden rule is that the panels with yellow stars have cones arranged in a straight line from left to right, each leaning on the cone to its immediate left, forming a continuous chain.  ||  LAST_RULE_SENTENCE: So, the rule is: ""Each cone is leaning on the cone immediately to its left, forming a straight line from left to right."""
361,s1,2,34,A,"The hidden rule is that a panel is marked with a yellow star if the first and last cones have the same color. If they differ, the panel is unstarred. **Answer:** A panel is starred if its first and last cone have the same color.",So the hidden rule is that a panel is starred if its first and last cone have the same color.,0.0,"The hidden rule is that a panel is marked with a yellow star if the first and last cones have the same color. If they differ, the panel is unstarred. **Answer:** A panel is starred if its first and last cone have the same color.  ||  LAST_RULE_SENTENCE: So the hidden rule is that a panel is starred if its first and last cone have the same color."
362,s1,2,37,A,"The hidden rule that distinguishes the starred panels from the unstarred ones is that a panel is starred if and only if all its cones form a single connected structure, meaning every cone is connected to at least one other cone, either directly or indirectly. If any cone is isolated or only connected on one side without the other, the panel is unstarred. **Step-by-Step Explanation:** 1. **Identify the Structure of Each Panel:** - **Starred Panels (A, B, E):** - **Panel A:** All five cones form a connected cluster where each cone touches or overlaps with another, creating a single con","If any cone is isolated or only connected on one side without the other, the panel is unstarred.",0.0,"The hidden rule that distinguishes the starred panels from the unstarred ones is that a panel is starred if and only if all its cones form a single connected structure, meaning every cone is connected to at least one other cone, either directly or indirectly. If any cone is isolated or only connected on one side without the other, the panel is unstarred. **Step-by-Step Explanation:** 1. **Identify the Structure of Each Panel:** - **Starred Panels (A, B, E):** - **Panel A:** All five cones form a connected cluster where each cone touches or overlaps with another, creating a single con"
363,s1,2,38,A,"The hidden rule that distinguishes the starred panels is that they form a circular arrangement where each cone rests on the next, creating a continuous chain around the panel. This is seen in Panels A and B, which each have five cones arranged in a circular, interconnected manner. Panels C, D, E, and F do not have this circular arrangement, hence they are not starred. **Answer:** The hidden rule is that the starred panels have a circular arrangement of cones, each resting on the next in a continuous chain.","Therefore, the answer is that the panels with a yellow star are those arranged in a circular, connected chain, each cone resting on the next, forming a circular pattern.",0.0,"The hidden rule that distinguishes the starred panels is that they form a circular arrangement where each cone rests on the next, creating a continuous chain around the panel. This is seen in Panels A and B, which each have five cones arranged in a circular, interconnected manner. Panels C, D, E, and F do not have this circular arrangement, hence they are not starred. **Answer:** The hidden rule is that the starred panels have a circular arrangement of cones, each resting on the next in a continuous chain.  ||  LAST_RULE_SENTENCE: Therefore, the answer is that the panels with a yellow star are those arranged in a circular, connected chain, each cone resting on the next, forming a circular pattern."
364,s1,3,6,A,The hidden rule is that a panel is marked with a yellow star if the number of color changes when moving from left to right across the panel is even. **Answer:** The rule is that a panel is starred if the number of color changes from left to right is even.,"Therefore, the hidden rule is that a panel is marked with a yellow star if the number of color changes when moving from left to right across the panel is even.",0.0,"The hidden rule is that a panel is marked with a yellow star if the number of color changes when moving from left to right across the panel is even. **Answer:** The rule is that a panel is starred if the number of color changes from left to right is even.  ||  LAST_RULE_SENTENCE: Therefore, the hidden rule is that a panel is marked with a yellow star if the number of color changes when moving from left to right across the panel is even."
365,s1,3,15,A,"The hidden rule is: **""Panels with a yellow star have exactly one color used once, while non-star panels have all colors appearing at least twice.""** **Step-by-Step Explanation:** 1. **Identify Starred and Unstarred Panels:** - Starred panels: A, C, F. - Unstarred panels: B, D, E. 2. **Analyze Color Distribution:** - For each star panel (A, C, F), check how many times each color appears. - Panel A: Colors are Blue (2 cones), Red (2 cones), Green (1 cone). - Panel C: Colors are Green (2), Blue (2), Red (1). - Panel F: Colors are Red (2), Blue (2), Green (1). - Each","So the rule is: Panels with a yellow star have exactly one color used once, while non-star panels have all colors used at least twice.",0.0,"The hidden rule is: **""Panels with a yellow star have exactly one color used once, while non-star panels have all colors appearing at least twice.""** **Step-by-Step Explanation:** 1. **Identify Starred and Unstarred Panels:** - Starred panels: A, C, F. - Unstarred panels: B, D, E. 2. **Analyze Color Distribution:** - For each star panel (A, C, F), check how many times each color appears. - Panel A: Colors are Blue (2 cones), Red (2 cones), Green (1 cone). - Panel C: Colors are Green (2), Blue (2), Red (1). - Panel F: Colors are Red (2), Blue (2), Green (1). - Each  ||  LAST_RULE_SENTENCE: So the rule is: Panels with a yellow star have exactly one color used once, while non-star panels have all colors used at least twice."
366,s1,3,19,A,"The hidden rule that distinguishes starred panels from unstarred ones is that a panel is starred if its cones are arranged in a connected structure where each cone is either supporting or overlapping with the next one, forming a chain or cluster. This pattern is observed in Panels A, C, and F, which are the starred ones, while Panels B, D, and E do not exhibit this connected structure. **Answer:** The hidden rule is that a panel is starred if its cones are arranged in a connected structure where each cone supports or overlaps with the next, forming a chain or cluster.","Therefore, the best guess is that the hidden rule is that the panel is starred if the cones are arranged in a connected structure where each cone is supporting or overlapping with the next, forming a chain or cluster.",0.0,"The hidden rule that distinguishes starred panels from unstarred ones is that a panel is starred if its cones are arranged in a connected structure where each cone is either supporting or overlapping with the next one, forming a chain or cluster. This pattern is observed in Panels A, C, and F, which are the starred ones, while Panels B, D, and E do not exhibit this connected structure. **Answer:** The hidden rule is that a panel is starred if its cones are arranged in a connected structure where each cone supports or overlaps with the next, forming a chain or cluster.  ||  LAST_RULE_SENTENCE: Therefore, the best guess is that the hidden rule is that the panel is starred if the cones are arranged in a connected structure where each cone is supporting or overlapping with the next, forming a chain or cluster."
367,s1,3,20,A,"The hidden rule that distinguishes the starred panels is that they have a linear chain structure where each cone (after the first) is both supported by and supports another cone, forming a single continuous chain. Non-starred panels have a more complex arrangement with branching structures where some cones support multiple others without being supported themselves. **Answer:** The hidden rule is that starred panels (A, C, F) have a linear arrangement where each cone after the first is both supported by and supports another cone, forming a single continuous chain. Non-starred panels (B, D, E)","Non-starred panels have a more complex arrangement where cones can support multiple others without being supported themselves.""",0.0,"The hidden rule that distinguishes the starred panels is that they have a linear chain structure where each cone (after the first) is both supported by and supports another cone, forming a single continuous chain. Non-starred panels have a more complex arrangement with branching structures where some cones support multiple others without being supported themselves. **Answer:** The hidden rule is that starred panels (A, C, F) have a linear arrangement where each cone after the first is both supported by and supports another cone, forming a single continuous chain. Non-starred panels (B, D, E)  ||  LAST_RULE_SENTENCE: Non-starred panels have a more complex arrangement where cones can support multiple others without being supported themselves."""
368,s1,3,24,A,"The hidden rule that distinguishes the starred panels from the unstarred ones is that the first cone in the starred panels (A, C, F) has a ""medium gap"" to the next cone, while in the non-star panels (B, D, E), the first cone has a different type of gap, such as ""large,"" ""small,"" or ""immediate."" **Final Answer:** The hidden rule is that a panel is starred if and only if the first cone has","Star panels have a 'medium gap', while non-star have other gaps.",0.0,"The hidden rule that distinguishes the starred panels from the unstarred ones is that the first cone in the starred panels (A, C, F) has a ""medium gap"" to the next cone, while in the non-star panels (B, D, E), the first cone has a different type of gap, such as ""large,"" ""small,"" or ""immediate."" **Final Answer:** The hidden rule is that a panel is starred if and only if the first cone has  ||  LAST_RULE_SENTENCE: Star panels have a 'medium gap', while non-star have other gaps."
369,s1,3,29,A,"The hidden rule that distinguishes the starred panels is that they form a single linear chain where each cone rests on exactly one other cone, creating a sequential structure. Non-star panels, in contrast, have a more interconnected network where cones support multiple others. Thus, the panels with yellow stars are those with a linear chain of supporting cones. **Answer:** The panels with yellow stars are those where the cones form a single linear chain, each resting on the previous one, creating a sequential structure.","Therefore, the hidden rule could be: ""A panel is starred if its cone arrangement forms a single linear chain where each cone is supported by exactly one other cone, creating a sequence where each subsequent cone rests on the previous one.""",0.0,"The hidden rule that distinguishes the starred panels is that they form a single linear chain where each cone rests on exactly one other cone, creating a sequential structure. Non-star panels, in contrast, have a more interconnected network where cones support multiple others. Thus, the panels with yellow stars are those with a linear chain of supporting cones. **Answer:** The panels with yellow stars are those where the cones form a single linear chain, each resting on the previous one, creating a sequential structure.  ||  LAST_RULE_SENTENCE: Therefore, the hidden rule could be: ""A panel is starred if its cone arrangement forms a single linear chain where each cone is supported by exactly one other cone, creating a sequence where each subsequent cone rests on the previous one."""
370,s1,3,31,A,"The hidden rule is that the starred panels (A, C, F) have their cones arranged in a strictly increasing order, each either to the right of the previous one or stacked on top, forming a path that moves either to the right or upwards without branching. Non-starred panels (B, D, E) have cones arranged in a more random or branching manner without following this strict order. **Answer:** The hidden rule is that the starred panels (A, C, F) have cones arranged in a strictly increasing order, each placed either to the right of the previous one or stacked on top, forming a path that moves either to t","Therefore, my best guess is that the hidden rule is that the starred panels have cones arranged in a strictly increasing order from left to right or stacked upwards, forming a path, while non-starred panels do not follow this strict ordering.",0.0,"The hidden rule is that the starred panels (A, C, F) have their cones arranged in a strictly increasing order, each either to the right of the previous one or stacked on top, forming a path that moves either to the right or upwards without branching. Non-starred panels (B, D, E) have cones arranged in a more random or branching manner without following this strict order. **Answer:** The hidden rule is that the starred panels (A, C, F) have cones arranged in a strictly increasing order, each placed either to the right of the previous one or stacked on top, forming a path that moves either to t  ||  LAST_RULE_SENTENCE: Therefore, my best guess is that the hidden rule is that the starred panels have cones arranged in a strictly increasing order from left to right or stacked upwards, forming a path, while non-starred panels do not follow this strict ordering."
371,s1,3,35,A,"The hidden rule that distinguishes the starred panels (A, C, F) from the unstarred ones (B, D, E) is that the starred panels contain at least two cones that mutually support each other, forming a reciprocal relationship. Specifically, in these panels, there is a pair where one cone is positioned to support another, and the other in turn supports the first, creating a balanced interaction. In contrast, the unstarred panels do not have such mutual support structures. **Answer:** The hidden rule is that starred panels (A, C, F) each contain a pair of cones that mutually support each other, formi","So, the best guess is that the rule is about having a mutual support or a reciprocal relationship between two cones, where one supports the other and is supported by it.",0.0,"The hidden rule that distinguishes the starred panels (A, C, F) from the unstarred ones (B, D, E) is that the starred panels contain at least two cones that mutually support each other, forming a reciprocal relationship. Specifically, in these panels, there is a pair where one cone is positioned to support another, and the other in turn supports the first, creating a balanced interaction. In contrast, the unstarred panels do not have such mutual support structures. **Answer:** The hidden rule is that starred panels (A, C, F) each contain a pair of cones that mutually support each other, formi  ||  LAST_RULE_SENTENCE: So, the best guess is that the rule is about having a mutual support or a reciprocal relationship between two cones, where one supports the other and is supported by it."
372,s1,3,39,A,"The hidden rule is that a panel is starred if it has an even number of color changes between its cone colors in order. Otherwise, it is not starred. **Answer:** Panels with an even number of color changes between consecutive cone colors are starred; those with an odd number are not.","So the best guess is that the panels with an even number of color transitions between their cone colors in sequence are starred, and others are not.",0.0,"The hidden rule is that a panel is starred if it has an even number of color changes between its cone colors in order. Otherwise, it is not starred. **Answer:** Panels with an even number of color changes between consecutive cone colors are starred; those with an odd number are not.  ||  LAST_RULE_SENTENCE: So the best guess is that the panels with an even number of color transitions between their cone colors in sequence are starred, and others are not."
373,s1,4,2,A,"The hidden rule is that the starred panels (A, C, F) each contain a sequence of cones arranged in a chain where each cone is leaning on and supporting the next one, forming a connected structure. The non-star panels (B, D, E) do not have such a chain, with their cones either nested, placed separately, or arranged without this interactive relationship. **Answer:** The hidden rule is that starred panels (A, C, F) each have a chain of cones where each supports the next, forming a connected structure, while non-star panels (B, D, E) do not have such a chain.","Therefore, the hidden rule is likely that the starred panels (A, C, F) have a chain of cones where each supports the next, creating a connected structure, while non-star panels (B, D, E) do not have such a chain and instead have cones arranged differently, either nested or separate.",0.0,"The hidden rule is that the starred panels (A, C, F) each contain a sequence of cones arranged in a chain where each cone is leaning on and supporting the next one, forming a connected structure. The non-star panels (B, D, E) do not have such a chain, with their cones either nested, placed separately, or arranged without this interactive relationship. **Answer:** The hidden rule is that starred panels (A, C, F) each have a chain of cones where each supports the next, forming a connected structure, while non-star panels (B, D, E) do not have such a chain.  ||  LAST_RULE_SENTENCE: Therefore, the hidden rule is likely that the starred panels (A, C, F) have a chain of cones where each supports the next, creating a connected structure, while non-star panels (B, D, E) do not have such a chain and instead have cones arranged differently, either nested or separate."
374,s1,4,4,A,"The hidden rule is that the starred panels (A, C, F) have their cones arranged in interconnected pairs or clusters, whereas the non-starred panels (B, D, E) have cones arranged more isolated from each other. **Step-by-Step Explanation:** 1. **Analyzing Each Panel's Cone Interactions:** - **Starred Panels (A, C, F):** Each cone in these panels is part of a pair or cluster, interacting with another cone. For example, Panel A has pairs like (1-2), (4-5), and (6-7), with Cone 3 adjacent. Panel C has pairs (1-2), (4-5), and (6-7), with Cone 3-4 stacking. Panel F has pairs (2-3), (4-5), and (6-","Therefore, the best guess is that the hidden rule is that starred panels (A, C, F) have their cones arranged in interconnected pairs or clusters, while non-starred panels (B, D, E) have cones arranged more isolated from each other.",0.0,"The hidden rule is that the starred panels (A, C, F) have their cones arranged in interconnected pairs or clusters, whereas the non-starred panels (B, D, E) have cones arranged more isolated from each other. **Step-by-Step Explanation:** 1. **Analyzing Each Panel's Cone Interactions:** - **Starred Panels (A, C, F):** Each cone in these panels is part of a pair or cluster, interacting with another cone. For example, Panel A has pairs like (1-2), (4-5), and (6-7), with Cone 3 adjacent. Panel C has pairs (1-2), (4-5), and (6-7), with Cone 3-4 stacking. Panel F has pairs (2-3), (4-5), and (6-  ||  LAST_RULE_SENTENCE: Therefore, the best guess is that the hidden rule is that starred panels (A, C, F) have their cones arranged in interconnected pairs or clusters, while non-starred panels (B, D, E) have cones arranged more isolated from each other."
375,s1,4,5,A,"The hidden rule that distinguishes the starred panels (A, C, F) from the unstarred ones (B, D, E) is that the starred panels have exactly four cones resting on the floor, while the unstarred panels have five or more cones on the floor. **Answer:** The rule is that a panel is starred if it has exactly four cones on the floor.","So, the hidden rule is that the panel is starred if and only if it has exactly four cones on the floor.",0.0,"The hidden rule that distinguishes the starred panels (A, C, F) from the unstarred ones (B, D, E) is that the starred panels have exactly four cones resting on the floor, while the unstarred panels have five or more cones on the floor. **Answer:** The rule is that a panel is starred if it has exactly four cones on the floor.  ||  LAST_RULE_SENTENCE: So, the hidden rule is that the panel is starred if and only if it has exactly four cones on the floor."
376,s1,4,9,A,"The hidden rule that distinguishes the starred panels from the unstarred ones is: **Rule:** The starred panels (A, C, F) have a more intricate, complex arrangement of cones with significant overlapping and interactive relationships, while the non-starred panels (B, D, E) have a simpler, more linear or nested arrangement without such complex interactions. **Answer:** The starred panels (A, C, F) have a more intricate, complex arrangement of cones with significant overlapping and interactive relationships, whereas the non-starred panels (B, D, E) have a simpler, more linear or nested arrangeme","So, my best guess is that the hidden rule is: Panels with stars have a more intricate, complex arrangement of cones with significant overlapping and interactive relationships, while non-starred panels have a simpler, more linear or nested arrangement without such complex interactions.",0.0,"The hidden rule that distinguishes the starred panels from the unstarred ones is: **Rule:** The starred panels (A, C, F) have a more intricate, complex arrangement of cones with significant overlapping and interactive relationships, while the non-starred panels (B, D, E) have a simpler, more linear or nested arrangement without such complex interactions. **Answer:** The starred panels (A, C, F) have a more intricate, complex arrangement of cones with significant overlapping and interactive relationships, whereas the non-starred panels (B, D, E) have a simpler, more linear or nested arrangeme  ||  LAST_RULE_SENTENCE: So, my best guess is that the hidden rule is: Panels with stars have a more intricate, complex arrangement of cones with significant overlapping and interactive relationships, while non-starred panels have a simpler, more linear or nested arrangement without such complex interactions."
377,s1,4,12,A,"The hidden rule is that a panel gets a yellow star if at least one of its cones is stacked on another cone. If all cones are either on the floor or adjacent, the panel does not have a star. **Step-by-Step Explanation:** 1. **Identify Stacked Cones:** Examine each panel to determine if any cone is stacked on another. A stacked cone is one that is placed on top of another cone. 2. **Determine Star Presence:** If a panel has any stacked cones, it is marked with a yellow star. If all cones are either on the floor or adjacent without stacking, the panel lacks a star. 3. **Apply to Each Panel:**","Panels without any stacking (i.e., all cones are either on the floor or adjacent) do not have a star.",0.0,"The hidden rule is that a panel gets a yellow star if at least one of its cones is stacked on another cone. If all cones are either on the floor or adjacent, the panel does not have a star. **Step-by-Step Explanation:** 1. **Identify Stacked Cones:** Examine each panel to determine if any cone is stacked on another. A stacked cone is one that is placed on top of another cone. 2. **Determine Star Presence:** If a panel has any stacked cones, it is marked with a yellow star. If all cones are either on the floor or adjacent without stacking, the panel lacks a star. 3. **Apply to Each Panel:**  ||  LAST_RULE_SENTENCE: Panels without any stacking (i.e., all cones are either on the floor or adjacent) do not have a star."
378,s1,4,14,A,"The hidden rule that distinguishes the starred panels (A, C, F) from the unstarred ones (B, D, E) is that the starred panels exhibit a more complex, interconnected structure. They feature cones arranged in intricate, nested, or layered configurations, often with a mix of upright and tilted orientations. These cones form chains where one supports another, creating a hierarchical or hierarchical structure. In contrast, the unstarred panels have a simpler arrangement, often linear or in straightforward clusters, with cones aligned straight or in less complex groupings. This intricate, interconnec",,0.0,"The hidden rule that distinguishes the starred panels (A, C, F) from the unstarred ones (B, D, E) is that the starred panels exhibit a more complex, interconnected structure. They feature cones arranged in intricate, nested, or layered configurations, often with a mix of upright and tilted orientations. These cones form chains where one supports another, creating a hierarchical or hierarchical structure. In contrast, the unstarred panels have a simpler arrangement, often linear or in straightforward clusters, with cones aligned straight or in less complex groupings. This intricate, interconnec"
379,s1,4,16,A,"The hidden rule that distinguishes the starred panels is that they form a single connected chain where each cone rests on the next, creating a continuous structure. If there are multiple separate clusters or breaks in the chain, the panel is not marked with a star. **Answer:** The panels with yellow stars are those where all cones form a single continuous chain, each resting on the next, creating a connected structure.","Therefore, the best guess is that the hidden rule is about the arrangement forming a single connected chain of cones, each resting on the next, with no breaks.",0.0,"The hidden rule that distinguishes the starred panels is that they form a single connected chain where each cone rests on the next, creating a continuous structure. If there are multiple separate clusters or breaks in the chain, the panel is not marked with a star. **Answer:** The panels with yellow stars are those where all cones form a single continuous chain, each resting on the next, creating a connected structure.  ||  LAST_RULE_SENTENCE: Therefore, the best guess is that the hidden rule is about the arrangement forming a single connected chain of cones, each resting on the next, with no breaks."
380,s1,4,18,A,"The hidden rule that distinguishes the starred panels (A, C, F) from the others is that a panel is starred if its cone arrangement forms an intricate, interconnected, nested structure where each cone rests on or supports another, creating a complex and dependent pattern. The non-starred panels (B, D, E) have less interaction and a more linear or straightforward arrangement. **Answer:** Panels A, C, and F are starred because their cone arrangements form an intricate, interconnected, nested structure where each cone supports or overlaps with another, creating a complex and dependent pattern.<｜e","Therefore, the hidden rule is likely that a panel is starred if its cone arrangement forms an interconnected, nested structure where each cone rests on or supports another, creating a complex pattern.",0.0,"The hidden rule that distinguishes the starred panels (A, C, F) from the others is that a panel is starred if its cone arrangement forms an intricate, interconnected, nested structure where each cone rests on or supports another, creating a complex and dependent pattern. The non-starred panels (B, D, E) have less interaction and a more linear or straightforward arrangement. **Answer:** Panels A, C, and F are starred because their cone arrangements form an intricate, interconnected, nested structure where each cone supports or overlaps with another, creating a complex and dependent pattern.<｜e  ||  LAST_RULE_SENTENCE: Therefore, the hidden rule is likely that a panel is starred if its cone arrangement forms an interconnected, nested structure where each cone rests on or supports another, creating a complex pattern."
381,s1,4,19,A,"The hidden rule that distinguishes the starred panels from the unstarred ones is that a panel is marked with a yellow star if it contains two or more stacked pairs of cones. This means that if a panel has at least two instances where one cone is resting on top of another, it is considered starred. **Answer:** The hidden rule is that a panel is starred if it has two or more stacked pairs of cones.","Therefore, the best guess is that the hidden rule is the number of stacked cone pairs; if there are two or more, it's starred.",0.0,"The hidden rule that distinguishes the starred panels from the unstarred ones is that a panel is marked with a yellow star if it contains two or more stacked pairs of cones. This means that if a panel has at least two instances where one cone is resting on top of another, it is considered starred. **Answer:** The hidden rule is that a panel is starred if it has two or more stacked pairs of cones.  ||  LAST_RULE_SENTENCE: Therefore, the best guess is that the hidden rule is the number of stacked cone pairs; if there are two or more, it's starred."
382,s1,4,22,A,"The hidden rule that distinguishes the starred panels from the unstarred ones is that the starred panels (A, C, F) exhibit a pattern where each cone is either supporting or being supported by another, forming a chain-like structure with more interactions. In contrast, the unstarred panels (B, D, E) have more isolated cones with fewer interactions. This difference in interaction patterns and color alternation likely reflects the hidden rule. **Answer:** The panels with a yellow star have cones arranged in a chain-like structure where each cone supports or is supported by another, creating an i","So, after considering all these aspects, I think the hidden rule is that the star panels have a pattern where each cone is either supporting or being supported by another, creating a chain-like structure with more interactions, while non-star panels have more isolated, individual cones with fewer interactions.",0.0,"The hidden rule that distinguishes the starred panels from the unstarred ones is that the starred panels (A, C, F) exhibit a pattern where each cone is either supporting or being supported by another, forming a chain-like structure with more interactions. In contrast, the unstarred panels (B, D, E) have more isolated cones with fewer interactions. This difference in interaction patterns and color alternation likely reflects the hidden rule. **Answer:** The panels with a yellow star have cones arranged in a chain-like structure where each cone supports or is supported by another, creating an i  ||  LAST_RULE_SENTENCE: So, after considering all these aspects, I think the hidden rule is that the star panels have a pattern where each cone is either supporting or being supported by another, creating a chain-like structure with more interactions, while non-star panels have more isolated, individual cones with fewer interactions."
383,s1,4,23,A,"The hidden rule is that a panel is marked with a yellow star if and only if its cones are arranged in a linked chain where each cone is either supporting the next or the previous one, forming pairs. This means that in starred panels, every cone is part of a pair, creating a continuous chain of support. Non-starred panels either have cones arranged in a single linear chain without such pairs or with some cones isolated. Therefore, the best guess is: **""A panel is starred if its cones form a linked chain of pairs where each cone supports another, creating a continuous chain; otherwise, it is no","Otherwise, it does not have a star.""",0.0,"The hidden rule is that a panel is marked with a yellow star if and only if its cones are arranged in a linked chain where each cone is either supporting the next or the previous one, forming pairs. This means that in starred panels, every cone is part of a pair, creating a continuous chain of support. Non-starred panels either have cones arranged in a single linear chain without such pairs or with some cones isolated. Therefore, the best guess is: **""A panel is starred if its cones form a linked chain of pairs where each cone supports another, creating a continuous chain; otherwise, it is no  ||  LAST_RULE_SENTENCE: Otherwise, it does not have a star."""
384,s1,4,25,A,"The hidden rule is: **""Panels marked with a yellow star have their cones arranged in a complex, interconnected manner where each cone interacts with at least one other cone through overlapping, resting, or supporting relationships. Non-starred panels have cones that are either isolated or arranged in a simpler, linear fashion without such interactions.""**","Non-starred panels have cones that are either isolated or arranged in a simpler, linear fashion without such interactions.",0.0,"The hidden rule is: **""Panels marked with a yellow star have their cones arranged in a complex, interconnected manner where each cone interacts with at least one other cone through overlapping, resting, or supporting relationships. Non-starred panels have cones that are either isolated or arranged in a simpler, linear fashion without such interactions.""**"
385,s1,4,26,A,"The hidden rule that distinguishes the starred panels from the unstarred ones is based on the complexity of the cone arrangements. Starred panels (A, C, F) feature a more intricate, interdependent structure where cones overlap, lean on each other, or form specific shapes, creating a complex three-dimensional effect. In contrast, unstarred panels (B, D, E) have a simpler setup with cones placed more individually, without such complex interactions. **Answer:** The hidden rule is that a panel has a yellow star if its cones are arranged in a complex, interdependent manner, with multiple cones ove","So the rule could be: ""A panel has a yellow star if its cones are arranged in a complex, interlocking manner, with multiple cones supporting each other in a non-symmetrical way, creating a specific 3D effect.""",0.0,"The hidden rule that distinguishes the starred panels from the unstarred ones is based on the complexity of the cone arrangements. Starred panels (A, C, F) feature a more intricate, interdependent structure where cones overlap, lean on each other, or form specific shapes, creating a complex three-dimensional effect. In contrast, unstarred panels (B, D, E) have a simpler setup with cones placed more individually, without such complex interactions. **Answer:** The hidden rule is that a panel has a yellow star if its cones are arranged in a complex, interdependent manner, with multiple cones ove  ||  LAST_RULE_SENTENCE: So the rule could be: ""A panel has a yellow star if its cones are arranged in a complex, interlocking manner, with multiple cones supporting each other in a non-symmetrical way, creating a specific 3D effect."""
386,s1,4,28,A,"The hidden rule is that the starred panels (A, C, F) have a higher degree of interaction between their cones, with more overlapping, leaning, or nested structures, while the non-starred panels (B, D, E) have cones that are either isolated or arranged in a simpler, linear fashion. **Answer:** The hidden rule is that panels with yellow stars have their cones arranged with greater interaction, such as overlapping, nesting, or leaning, compared to non-starred panels which have more isolated or linear cone arrangements.","So, the hidden rule is that the starred panels have cones that interact more intricately, with overlapping, nesting, or leaning structures, while the non-starred have more isolated or linear arrangements.",0.0,"The hidden rule is that the starred panels (A, C, F) have a higher degree of interaction between their cones, with more overlapping, leaning, or nested structures, while the non-starred panels (B, D, E) have cones that are either isolated or arranged in a simpler, linear fashion. **Answer:** The hidden rule is that panels with yellow stars have their cones arranged with greater interaction, such as overlapping, nesting, or leaning, compared to non-starred panels which have more isolated or linear cone arrangements.  ||  LAST_RULE_SENTENCE: So, the hidden rule is that the starred panels have cones that interact more intricately, with overlapping, nesting, or leaning structures, while the non-starred have more isolated or linear arrangements."
387,s1,4,29,A,"The hidden rule that distinguishes the starred panels (A, C, F) from the unstarred ones (B, D, E) is that only the starred panels have **exactly two lying cones**. The non-starred panels have one or fewer lying cones.",So that could be the rule.,0.0,"The hidden rule that distinguishes the starred panels (A, C, F) from the unstarred ones (B, D, E) is that only the starred panels have **exactly two lying cones**. The non-starred panels have one or fewer lying cones.  ||  LAST_RULE_SENTENCE: So that could be the rule."
388,s1,4,31,A,"The hidden rule that distinguishes the starred panels (A, C, F) from the unstarred ones (B, D, E) is that the starred panels have their cones arranged in a continuous chain where each cone is leaning on the next one, forming a connected structure. The non-starred panels either have cones that are not connected in this way or have a different interaction pattern. **Answer:** Panels A, C, and F have a continuous chain of cones where each leans on the next, forming a connected structure. The others do not follow this rule.","So the hidden rule is: ""A panel has a yellow star if its cones are arranged in a continuous chain where each cone is leaning on the next one, forming a connected structure.""",0.0,"The hidden rule that distinguishes the starred panels (A, C, F) from the unstarred ones (B, D, E) is that the starred panels have their cones arranged in a continuous chain where each cone is leaning on the next one, forming a connected structure. The non-starred panels either have cones that are not connected in this way or have a different interaction pattern. **Answer:** Panels A, C, and F have a continuous chain of cones where each leans on the next, forming a connected structure. The others do not follow this rule.  ||  LAST_RULE_SENTENCE: So the hidden rule is: ""A panel has a yellow star if its cones are arranged in a continuous chain where each cone is leaning on the next one, forming a connected structure."""
389,s1,4,32,A,"The hidden rule is that the panels with yellow stars have at least two cones stacked on top of each other, while the non-star panels have all cones either resting on the floor or only one cone stacked. **Answer:** The rule is that panels with a yellow star have at least two cones stacked on top of each other, whereas panels without a star have cones that are either resting on the floor or only have one cone stacked.","Alternatively, ""Star panels have at least two stacked cones, non-star have none or only single stacks.",0.0,"The hidden rule is that the panels with yellow stars have at least two cones stacked on top of each other, while the non-star panels have all cones either resting on the floor or only one cone stacked. **Answer:** The rule is that panels with a yellow star have at least two cones stacked on top of each other, whereas panels without a star have cones that are either resting on the floor or only have one cone stacked.  ||  LAST_RULE_SENTENCE: Alternatively, ""Star panels have at least two stacked cones, non-star have none or only single stacks."
390,s1,4,34,A,"The hidden rule is that the starred panels (A, C, F) have a structure where cones are arranged in a vertical stack, each supporting the next in a continuous tower, forming a vertical cascade. In contrast, the unstarred panels (B, D, E) have a more linear or separate arrangement without such nesting. **Answer:** The panels with yellow stars have cones arranged in a vertical stack, each supporting the next, forming a continuous tower. The unstarred panels have a more linear or separate arrangement without such nesting.","Therefore, the best guess is that the hidden rule is the arrangement of cones in a vertical stack where each smaller cone rests on top of a larger one, forming a tower, and this structure is present in the starred panels (A, C, F), whereas the unstared (B, D, E) have a different, possibly linear or separate arrangement.",0.0,"The hidden rule is that the starred panels (A, C, F) have a structure where cones are arranged in a vertical stack, each supporting the next in a continuous tower, forming a vertical cascade. In contrast, the unstarred panels (B, D, E) have a more linear or separate arrangement without such nesting. **Answer:** The panels with yellow stars have cones arranged in a vertical stack, each supporting the next, forming a continuous tower. The unstarred panels have a more linear or separate arrangement without such nesting.  ||  LAST_RULE_SENTENCE: Therefore, the best guess is that the hidden rule is the arrangement of cones in a vertical stack where each smaller cone rests on top of a larger one, forming a tower, and this structure is present in the starred panels (A, C, F), whereas the unstared (B, D, E) have a different, possibly linear or separate arrangement."
391,s1,4,39,A,"The hidden rule that distinguishes the starred panels (A, C, F) from the non-starred ones (B, D, E) is based on the complexity of the cone interactions. The starred panels feature intricate, interconnected arrangements where cones overlap, rest on each other, and form more dynamic structures. In contrast, the non-starred panels have simpler, more isolated cone groupings without such complex interactions. Therefore, the rule is: **The yellow-starred panels have cones that are more intricately interconnected, overlapping, or arranged in a complex, dynamic structure, while the non-starred panels","Specifically, the panels with yellow stars have cones that are more interconnected, overlapping, or arranged in a way that creates a more intricate and dynamic structure compared to the non-starred ones which have more straightforward or isolated cone placements.",0.0,"The hidden rule that distinguishes the starred panels (A, C, F) from the non-starred ones (B, D, E) is based on the complexity of the cone interactions. The starred panels feature intricate, interconnected arrangements where cones overlap, rest on each other, and form more dynamic structures. In contrast, the non-starred panels have simpler, more isolated cone groupings without such complex interactions. Therefore, the rule is: **The yellow-starred panels have cones that are more intricately interconnected, overlapping, or arranged in a complex, dynamic structure, while the non-starred panels  ||  LAST_RULE_SENTENCE: Specifically, the panels with yellow stars have cones that are more interconnected, overlapping, or arranged in a way that creates a more intricate and dynamic structure compared to the non-starred ones which have more straightforward or isolated cone placements."
392,s1,4,40,A,"The hidden rule is that the panel must have exactly three different colors, with two colors appearing three times each and one color appearing two times. This is true for panels A, C, and F, which are the ones with yellow stars.","Therefore, the panels with yellow stars are those where the cone colors satisfy this condition.",0.0,"The hidden rule is that the panel must have exactly three different colors, with two colors appearing three times each and one color appearing two times. This is true for panels A, C, and F, which are the ones with yellow stars.  ||  LAST_RULE_SENTENCE: Therefore, the panels with yellow stars are those where the cone colors satisfy this condition."
393,s1,1,2,B,"The hidden rule is that the panel is marked with a yellow star if the cones are arranged in a single continuous linear chain from left to right, each supporting the next one without nesting or lying orientations. Each cone is either on the floor or directly supported by the preceding cone, creating a straight, unbroken sequence. **Final Answer:** The panels with yellow stars are those where the cones form a continuous, linear chain from left to right, each supporting the next without nesting or lying orientations. All cones are placed on the floor or in a straight line, creating a single unbr","So, the best guess is that the hidden rule is that the panel is starred if the cones form a continuous linear chain from left to right, each supporting the next, with all on the floor or in a straight line without nesting or lying orientations.",0.0,"The hidden rule is that the panel is marked with a yellow star if the cones are arranged in a single continuous linear chain from left to right, each supporting the next one without nesting or lying orientations. Each cone is either on the floor or directly supported by the preceding cone, creating a straight, unbroken sequence. **Final Answer:** The panels with yellow stars are those where the cones form a continuous, linear chain from left to right, each supporting the next without nesting or lying orientations. All cones are placed on the floor or in a straight line, creating a single unbr  ||  LAST_RULE_SENTENCE: So, the best guess is that the hidden rule is that the panel is starred if the cones form a continuous linear chain from left to right, each supporting the next, with all on the floor or in a straight line without nesting or lying orientations."
394,s1,1,3,B,"The hidden rule is that the starred panels (A, E, F) contain all three colors (Red, Green, Blue), while the unstarred panels (B, C, D) contain only one or two colors. **Final Answer:** The hidden rule is that starred panels (A, E, F) contain all three colors (Red, Green, Blue), while unstarred panels (B, C, D) contain only one or two colors.","So the rule is that the star panels are the only ones with all three colors present, while the non-starred have only one or two colors.",0.0,"The hidden rule is that the starred panels (A, E, F) contain all three colors (Red, Green, Blue), while the unstarred panels (B, C, D) contain only one or two colors. **Final Answer:** The hidden rule is that starred panels (A, E, F) contain all three colors (Red, Green, Blue), while unstarred panels (B, C, D) contain only one or two colors.  ||  LAST_RULE_SENTENCE: So the rule is that the star panels are the only ones with all three colors present, while the non-starred have only one or two colors."
395,s1,1,4,B,The hidden rule is that a panel is marked with a yellow star if and only if it uses three distinct colors in its cone arrangements.,"So I think the hidden rule is: ""A panel is marked with a yellow star if and only if it uses three distinct colors in its cone arrangements.""",0.0,"The hidden rule is that a panel is marked with a yellow star if and only if it uses three distinct colors in its cone arrangements.  ||  LAST_RULE_SENTENCE: So I think the hidden rule is: ""A panel is marked with a yellow star if and only if it uses three distinct colors in its cone arrangements."""
396,s1,1,6,B,"The hidden rule that distinguishes the star panels (A, E, F) from the non-star panels (B, C, D) is that the star panels have at least one cone that touches the left or right border of the panel, while the non-star panels do not have any cones touching the borders. **Final Answer:** The hidden rule is that the starred panels (A, E, F) have at least one cone touching the left or right edge of the panel, whereas the non-starred panels (B, C, D) do not have any cones touching the panel's borders.",That could be the rule.,0.0,"The hidden rule that distinguishes the star panels (A, E, F) from the non-star panels (B, C, D) is that the star panels have at least one cone that touches the left or right border of the panel, while the non-star panels do not have any cones touching the borders. **Final Answer:** The hidden rule is that the starred panels (A, E, F) have at least one cone touching the left or right edge of the panel, whereas the non-starred panels (B, C, D) do not have any cones touching the panel's borders.  ||  LAST_RULE_SENTENCE: That could be the rule."
397,s1,1,7,B,The hidden rule is that a panel is marked with a yellow star if it has more than three color segments in its cone arrangement. **Final Answer:** The hidden rule is that a panel is marked with a yellow star if the number of color segments in its cone arrangement exceeds three.,So the hidden rule is that a panel is marked with a yellow star if it has more than three color segments in its cone arrangement.,0.0,The hidden rule is that a panel is marked with a yellow star if it has more than three color segments in its cone arrangement. **Final Answer:** The hidden rule is that a panel is marked with a yellow star if the number of color segments in its cone arrangement exceeds three.  ||  LAST_RULE_SENTENCE: So the hidden rule is that a panel is marked with a yellow star if it has more than three color segments in its cone arrangement.
398,s1,1,8,B,"The hidden rule is: **A panel is marked with a yellow star if and only if it uses three distinct colors.** The starred panels (A, E, F) each use three different colors, while the unstarred panels (B, C, D) use two or fewer.","So the rule is that the panel is starred if it uses three different colors; otherwise, it's unstarred.",0.0,"The hidden rule is: **A panel is marked with a yellow star if and only if it uses three distinct colors.** The starred panels (A, E, F) each use three different colors, while the unstarred panels (B, C, D) use two or fewer.  ||  LAST_RULE_SENTENCE: So the rule is that the panel is starred if it uses three different colors; otherwise, it's unstarred."
399,s1,1,9,B,"The hidden rule is that panels with a yellow star have a specific number of cones arranged in a linear sequence where each cone is either directly on top of another or adjacent, forming a continuous chain or tower. Non-star panels have a different arrangement where the cones are not connected in such a way. **Final Rule:** Panels with a yellow star have cones arranged in a linear chain or tower where each cone is either on top of another or adjacent, creating a continuous structure. Non-star panels have cones arranged in a different, more varied or disconnected manner.","My best hypothesis is that the hidden rule is that the star panels have a specific number of cones arranged in a way that each is either on top of another or adjacent, forming a continuous structure, while non-star panels have cones arranged differently.",0.0,"The hidden rule is that panels with a yellow star have a specific number of cones arranged in a linear sequence where each cone is either directly on top of another or adjacent, forming a continuous chain or tower. Non-star panels have a different arrangement where the cones are not connected in such a way. **Final Rule:** Panels with a yellow star have cones arranged in a linear chain or tower where each cone is either on top of another or adjacent, creating a continuous structure. Non-star panels have cones arranged in a different, more varied or disconnected manner.  ||  LAST_RULE_SENTENCE: My best hypothesis is that the hidden rule is that the star panels have a specific number of cones arranged in a way that each is either on top of another or adjacent, forming a continuous structure, while non-star panels have cones arranged differently."
400,s1,1,10,B,"The hidden rule is: A panel is marked with a yellow star if and only if it contains at least one cone that touches the left edge of the panel and at least one cone that touches the right edge of the panel. Panels without a star do not have any cone touching both the left and right edges. **Final Answer:** The panels with yellow stars have cones that touch both the left and right edges of the panel, while non-star panels have cones that touch only one side (either left or right, but not both).","Panels without a star do not have any cone touching both the left and right edges.""",0.0,"The hidden rule is: A panel is marked with a yellow star if and only if it contains at least one cone that touches the left edge of the panel and at least one cone that touches the right edge of the panel. Panels without a star do not have any cone touching both the left and right edges. **Final Answer:** The panels with yellow stars have cones that touch both the left and right edges of the panel, while non-star panels have cones that touch only one side (either left or right, but not both).  ||  LAST_RULE_SENTENCE: Panels without a star do not have any cone touching both the left and right edges."""
401,s1,1,11,B,"The hidden rule that distinguishes the starred panels (E and F) from the unstarred ones is that the starred panels have a specific number of cones arranged in a way that each supports the next, forming a chain or cycle. Specifically, Panel E forms a cycle where cones support each other in a closed loop, while Panel F forms a linear chain where each cone supports the next in a sequence. The non-starred panels have a more random or disconnected arrangement of cones. **Final Answer:** The rule is that the starred panels (E and F) have cones arranged in a chain or cycle, where each cone supports","I'll go with the hypothesis that the star panels have a specific number of cones arranged in a way that each supports the next, forming a chain, while the non-star panels have a more random arrangement.",0.0,"The hidden rule that distinguishes the starred panels (E and F) from the unstarred ones is that the starred panels have a specific number of cones arranged in a way that each supports the next, forming a chain or cycle. Specifically, Panel E forms a cycle where cones support each other in a closed loop, while Panel F forms a linear chain where each cone supports the next in a sequence. The non-starred panels have a more random or disconnected arrangement of cones. **Final Answer:** The rule is that the starred panels (E and F) have cones arranged in a chain or cycle, where each cone supports  ||  LAST_RULE_SENTENCE: I'll go with the hypothesis that the star panels have a specific number of cones arranged in a way that each supports the next, forming a chain, while the non-star panels have a more random arrangement."
402,s1,1,12,B,"The hidden rule that distinguishes the starred panels from the unstarred ones is based on the complexity of the cone arrangements. Specifically, the starred panels (A, E, F) exhibit a higher degree of interdependency, layered structures, and intricate hierarchical relationships among their cones. In contrast, the non-starred panels (B, C, D) have simpler, linear, or basic arrangements where cones are placed next to each other without the deeper interactions. Thus, the rule is: **""A panel is marked with a yellow star if its cone arrangement exhibits a complex, layered, and interconnected struc","Therefore, the rule might be: ""Panels with a yellow star have a more complex, layered, and interconnected arrangement of cones compared to those without the star.",0.0,"The hidden rule that distinguishes the starred panels from the unstarred ones is based on the complexity of the cone arrangements. Specifically, the starred panels (A, E, F) exhibit a higher degree of interdependency, layered structures, and intricate hierarchical relationships among their cones. In contrast, the non-starred panels (B, C, D) have simpler, linear, or basic arrangements where cones are placed next to each other without the deeper interactions. Thus, the rule is: **""A panel is marked with a yellow star if its cone arrangement exhibits a complex, layered, and interconnected struc  ||  LAST_RULE_SENTENCE: Therefore, the rule might be: ""Panels with a yellow star have a more complex, layered, and interconnected arrangement of cones compared to those without the star."
403,s1,1,13,B,"The hidden rule is that starred panels (A, E, F) have a linear chain of cones connected end-to-end in a specific order, forming a single continuous path, while non-starred panels (B, C, D) have a more complex or nested arrangement where cones are either nested inside each other or arranged in a different pattern that doesn't form a single continuous chain. **Final Answer:** The hidden rule is that starred panels (A, E, F) have a linear chain of cones connected end-to-end, forming a single continuous path, while non-starred panels (B, C, D) have a more complex or nested arrangement where cone","So, my best guess is that the hidden rule is that starred panels (A, E, F) have a linear chain of cones connected end-to-end, forming a single continuous path, while non-starred panels (B, C, D) have a more complex or nested arrangement where cones are either nested inside each other or arranged in a different pattern that doesn't form a single continuous chain.",0.0,"The hidden rule is that starred panels (A, E, F) have a linear chain of cones connected end-to-end in a specific order, forming a single continuous path, while non-starred panels (B, C, D) have a more complex or nested arrangement where cones are either nested inside each other or arranged in a different pattern that doesn't form a single continuous chain. **Final Answer:** The hidden rule is that starred panels (A, E, F) have a linear chain of cones connected end-to-end, forming a single continuous path, while non-starred panels (B, C, D) have a more complex or nested arrangement where cone  ||  LAST_RULE_SENTENCE: So, my best guess is that the hidden rule is that starred panels (A, E, F) have a linear chain of cones connected end-to-end, forming a single continuous path, while non-starred panels (B, C, D) have a more complex or nested arrangement where cones are either nested inside each other or arranged in a different pattern that doesn't form a single continuous chain."
404,s1,1,14,B,"The hidden rule that distinguishes the starred panels (A, E, F) from the unstarred ones (B, C, D) is that the starred panels have a significantly more complex and interconnected arrangement of cones. They exhibit a higher degree of interaction between the cones, with intricate positional relationships, nesting, and hierarchical structures. In contrast, the unstarred panels have simpler arrangements with fewer such interactions, often a more linear or straightforward configuration. Therefore, the presence of stars indicates a more elaborate and interconnected cone structure. **Final Rule:** A","The number of cones and their positions matter, but the key factor is the level of interaction between them.",0.0,"The hidden rule that distinguishes the starred panels (A, E, F) from the unstarred ones (B, C, D) is that the starred panels have a significantly more complex and interconnected arrangement of cones. They exhibit a higher degree of interaction between the cones, with intricate positional relationships, nesting, and hierarchical structures. In contrast, the unstarred panels have simpler arrangements with fewer such interactions, often a more linear or straightforward configuration. Therefore, the presence of stars indicates a more elaborate and interconnected cone structure. **Final Rule:** A  ||  LAST_RULE_SENTENCE: The number of cones and their positions matter, but the key factor is the level of interaction between them."
405,s1,1,15,B,The hidden rule is that a panel has a yellow star if its first cone is positioned on the left side of the panel and its last cone is positioned on the right side of the panel. **Final Answer:** The panels with yellow stars are those where the first cone is on the left and the last cone is on the right.,"So, based on that, I think the hidden rule is that the panel has a yellow star if its first cone is on the left side of the panel and its last cone is on the right side of the panel.",0.0,"The hidden rule is that a panel has a yellow star if its first cone is positioned on the left side of the panel and its last cone is positioned on the right side of the panel. **Final Answer:** The panels with yellow stars are those where the first cone is on the left and the last cone is on the right.  ||  LAST_RULE_SENTENCE: So, based on that, I think the hidden rule is that the panel has a yellow star if its first cone is on the left side of the panel and its last cone is on the right side of the panel."
406,s1,1,16,B,"The hidden rule is that a panel is marked with a yellow star if its cone sequence changes color more than twice. If the color changes two or fewer times, it does not receive a star. **Final Answer:** The panels with a yellow star are those where the cone colors change more than twice.","So, I think that's the rule.",0.0,"The hidden rule is that a panel is marked with a yellow star if its cone sequence changes color more than twice. If the color changes two or fewer times, it does not receive a star. **Final Answer:** The panels with a yellow star are those where the cone colors change more than twice.  ||  LAST_RULE_SENTENCE: So, I think that's the rule."
407,s1,1,17,B,"The hidden rule that distinguishes the starred panels is that they exhibit a structure where each cone either supports or is nested inside another cone, forming a connected hierarchy. The non-starred panels do not follow this hierarchical nesting or support structure. **Final Rule:** A panel is marked with a yellow star if its cone arrangements form a connected hierarchy where each cone either supports, is nested within, or directly connects to another cone, creating a chain or cluster structure.",,0.0,"The hidden rule that distinguishes the starred panels is that they exhibit a structure where each cone either supports or is nested inside another cone, forming a connected hierarchy. The non-starred panels do not follow this hierarchical nesting or support structure. **Final Rule:** A panel is marked with a yellow star if its cone arrangements form a connected hierarchy where each cone either supports, is nested within, or directly connects to another cone, creating a chain or cluster structure."
408,s1,1,18,B,"The hidden rule that distinguishes the starred panels (A, E, and F) from the unstarred ones (B, C, D) is that the starred panels have a linear arrangement where each cone is connected in a single, unbroken chain. Each cone (except the first and last) touches only one other cone, forming a straight line. In contrast, the unstarred panels have more complex arrangements with multiple connections and overlaps, forming a network of supports rather than a simple linear chain. **Final Answer:** The panels with yellow stars (A, E, F) have a linear chain of cones connected in a single, unbroken path,","So the hidden rule is that starred panels (A and E and F) have a linear chain of cones connected in a single path, each connected to the next, while non-starred (B, C, D) have more complex, interconnected structures with multiple connections.",0.0,"The hidden rule that distinguishes the starred panels (A, E, and F) from the unstarred ones (B, C, D) is that the starred panels have a linear arrangement where each cone is connected in a single, unbroken chain. Each cone (except the first and last) touches only one other cone, forming a straight line. In contrast, the unstarred panels have more complex arrangements with multiple connections and overlaps, forming a network of supports rather than a simple linear chain. **Final Answer:** The panels with yellow stars (A, E, F) have a linear chain of cones connected in a single, unbroken path,  ||  LAST_RULE_SENTENCE: So the hidden rule is that starred panels (A and E and F) have a linear chain of cones connected in a single path, each connected to the next, while non-starred (B, C, D) have more complex, interconnected structures with multiple connections."
409,s1,1,19,B,"The hidden rule that distinguishes the starred panels (A, E, F) from the unstarred panels (B, C, D) is that the starred panels have a linear chain of cones, each connected to the next, forming a single continuous sequence. The non-starred panels, on the other hand, either have a nested structure or a more complex arrangement without a single linear chain. **Final Rule:** Starred panels (A, E, F) have a single continuous chain of cones connected in a linear sequence, while unstarred panels (B, C, D) either have nested structures or more complex arrangements without a single continuous chain.<｜",The non-star panels have either nested structures or more complex arrangements without a single linear chain.,0.0,"The hidden rule that distinguishes the starred panels (A, E, F) from the unstarred panels (B, C, D) is that the starred panels have a linear chain of cones, each connected to the next, forming a single continuous sequence. The non-starred panels, on the other hand, either have a nested structure or a more complex arrangement without a single linear chain. **Final Rule:** Starred panels (A, E, F) have a single continuous chain of cones connected in a linear sequence, while unstarred panels (B, C, D) either have nested structures or more complex arrangements without a single continuous chain.<｜  ||  LAST_RULE_SENTENCE: The non-star panels have either nested structures or more complex arrangements without a single linear chain."
410,s1,1,20,B,"The hidden rule is that a panel is marked with a yellow star if and only if it contains exactly two cones that are not oriented upright. These two non-Upright cones are either tilted or upside-down. **Final Answer:** The hidden rule is that a panel is starred if it contains exactly two cones that are not oriented upright (i.e., they are either tilted or upside-down).",So that's the best guess I can come up with based on the data.,0.0,"The hidden rule is that a panel is marked with a yellow star if and only if it contains exactly two cones that are not oriented upright. These two non-Upright cones are either tilted or upside-down. **Final Answer:** The hidden rule is that a panel is starred if it contains exactly two cones that are not oriented upright (i.e., they are either tilted or upside-down).  ||  LAST_RULE_SENTENCE: So that's the best guess I can come up with based on the data."
411,s1,1,22,B,The hidden rule is that a panel is marked with a yellow star if and only if it contains three distinct colors among its cone arrangements.,So my best guess is that the hidden rule is: A panel is marked with a yellow star if and only if it uses three different colors in its cone arrangements.,0.0,The hidden rule is that a panel is marked with a yellow star if and only if it contains three distinct colors among its cone arrangements.  ||  LAST_RULE_SENTENCE: So my best guess is that the hidden rule is: A panel is marked with a yellow star if and only if it uses three different colors in its cone arrangements.
412,s1,1,23,B,"The hidden rule that distinguishes the starred panels (E and F) from the unstarred panels (A, B, C, D) is that the starred panels exhibit a more intricate and interconnected structure where each cone is either supporting the next one in a chain or forming a cluster. In contrast, the unstarred panels have a more linear or less connected arrangement. **Final Rule:** Starred panels (E and F) have a structure where each cone is either supporting the next one in a chain or forming a cluster, creating a more intricate and interconnected pattern, while the non-starred panels have a more linear or le","Therefore, the hidden rule is likely that the starred panels (E and F) have a structure where each cone is either supporting the next one in a chain or forming a cluster, creating a more intricate and interconnected pattern, while the non-starred panels have a more linear or less connected arrangement.",0.0,"The hidden rule that distinguishes the starred panels (E and F) from the unstarred panels (A, B, C, D) is that the starred panels exhibit a more intricate and interconnected structure where each cone is either supporting the next one in a chain or forming a cluster. In contrast, the unstarred panels have a more linear or less connected arrangement. **Final Rule:** Starred panels (E and F) have a structure where each cone is either supporting the next one in a chain or forming a cluster, creating a more intricate and interconnected pattern, while the non-starred panels have a more linear or le  ||  LAST_RULE_SENTENCE: Therefore, the hidden rule is likely that the starred panels (E and F) have a structure where each cone is either supporting the next one in a chain or forming a cluster, creating a more intricate and interconnected pattern, while the non-starred panels have a more linear or less connected arrangement."
413,s1,1,24,B,"The hidden rule is that the star panels (E and F) have a continuous chain of connected cones, forming a path across the panel, while the non-star panels do not. This chain consists of each cone being connected to the next, creating a sequential arrangement that spans the panel. **Final Answer:** The hidden rule is that the starred panels (E and F) each contain a continuous chain of connected cones, forming a sequential path across the panel, while the non-star panels do not have such a continuous chain.","So my best guess is that the hidden rule is that the star panels have a connected chain of cones where each is connected to the next, forming a path across the panel, while non-star panels do not have such a continuous chain.",0.0,"The hidden rule is that the star panels (E and F) have a continuous chain of connected cones, forming a path across the panel, while the non-star panels do not. This chain consists of each cone being connected to the next, creating a sequential arrangement that spans the panel. **Final Answer:** The hidden rule is that the starred panels (E and F) each contain a continuous chain of connected cones, forming a sequential path across the panel, while the non-star panels do not have such a continuous chain.  ||  LAST_RULE_SENTENCE: So my best guess is that the hidden rule is that the star panels have a connected chain of cones where each is connected to the next, forming a path across the panel, while non-star panels do not have such a continuous chain."
414,s1,1,25,B,"The hidden rule is that a panel is marked with a yellow star if it contains three or more distinct colors in its cone arrangements. Panels A, E, and F each have three distinct colors, while the others have only two, hence the stars. **Final Answer:** The rule is: A panel is starred if it uses three or more distinct colors in its cone arrangements.",So the hidden rule is: Panels with three or more distinct colors are starred; those with two or fewer are not.,0.0,"The hidden rule is that a panel is marked with a yellow star if it contains three or more distinct colors in its cone arrangements. Panels A, E, and F each have three distinct colors, while the others have only two, hence the stars. **Final Answer:** The rule is: A panel is starred if it uses three or more distinct colors in its cone arrangements.  ||  LAST_RULE_SENTENCE: So the hidden rule is: Panels with three or more distinct colors are starred; those with two or fewer are not."
415,s1,1,26,B,"The hidden rule that distinguishes the starred panels from the unstarred ones is that a panel is marked with a yellow star if and only if it contains at least one cone that is upside-down. This is consistent with the presence of upside-down cones in Panels A, E, and F, which are the starred ones, while the other panels lack such cones. **Final Answer:** The panels with a yellow star are those that contain at least one upside-down cone.",So my best guess is that the hidden rule is that a panel is starred if it contains at least one cone that is upside-down.,0.0,"The hidden rule that distinguishes the starred panels from the unstarred ones is that a panel is marked with a yellow star if and only if it contains at least one cone that is upside-down. This is consistent with the presence of upside-down cones in Panels A, E, and F, which are the starred ones, while the other panels lack such cones. **Final Answer:** The panels with a yellow star are those that contain at least one upside-down cone.  ||  LAST_RULE_SENTENCE: So my best guess is that the hidden rule is that a panel is starred if it contains at least one cone that is upside-down."
416,s1,1,27,B,"The hidden rule that distinguishes the starred panels from the unstarred ones is that the starred panels (A, E, F) have a more complex arrangement involving both nesting and overlapping of cone structures, creating a more intricate and interconnected design, whereas the unstarred panels (B, C, D) have a linear arrangement with cones either nested in a simple chain or in a straightforward linear order without such complexities.","Therefore, the rule might be that a panel is starred if the arrangement involves both nesting and overlapping of cones, creating a more intricate structure.",0.0,"The hidden rule that distinguishes the starred panels from the unstarred ones is that the starred panels (A, E, F) have a more complex arrangement involving both nesting and overlapping of cone structures, creating a more intricate and interconnected design, whereas the unstarred panels (B, C, D) have a linear arrangement with cones either nested in a simple chain or in a straightforward linear order without such complexities.  ||  LAST_RULE_SENTENCE: Therefore, the rule might be that a panel is starred if the arrangement involves both nesting and overlapping of cones, creating a more intricate structure."
417,s1,1,29,B,"The hidden rule that distinguishes the starred panels from the unstarred ones is that a panel is marked with a yellow star if and only if it contains at least one cone of the color Red. Therefore, Panels A, E, and F are starred because they include Red cones, while Panels B, C, D lack any Red cones and are unstarred. **Final Answer:** The hidden rule is that a panel is marked with a yellow star if it contains at least one Red cone.","Therefore, Panels A, E, F have stars because they contain Red cones, and the others don't because they don't have any Red cones.",1.0,"The hidden rule that distinguishes the starred panels from the unstarred ones is that a panel is marked with a yellow star if and only if it contains at least one cone of the color Red. Therefore, Panels A, E, and F are starred because they include Red cones, while Panels B, C, D lack any Red cones and are unstarred. **Final Answer:** The hidden rule is that a panel is marked with a yellow star if it contains at least one Red cone.  ||  LAST_RULE_SENTENCE: Therefore, Panels A, E, F have stars because they contain Red cones, and the others don't because they don't have any Red cones."
418,s1,1,31,B,The hidden rule is: **A panel is starred if it contains at least one upside-down cone.** **Final Answer:** The rule is that a panel is starred if it contains at least one upside-down cone.,"Because only A, E, and F have upside-down cones, and they are the starred panels.",0.0,"The hidden rule is: **A panel is starred if it contains at least one upside-down cone.** **Final Answer:** The rule is that a panel is starred if it contains at least one upside-down cone.  ||  LAST_RULE_SENTENCE: Because only A, E, and F have upside-down cones, and they are the starred panels."
419,s1,1,32,B,"The hidden rule is that a panel is starred if the number of color transitions between its cone colors is even. Specifically, in the given examples, this means panels with two color changes (from red to green to blue, or green to blue to red) are starred, while those with one color transition (green to blue or blue to green) are not. **Final Answer:** The panels with a yellow star are those where the number of color transitions between the cone colors is even. Specifically, if a panel's cone colors change from one to another more than once, it is starred.","Therefore, the hidden rule is: A panel is starred if the number of color transitions between its cone colors is even (specifically two in the given examples), and not starred if the number is odd (specifically one in the examples).",1.0,"The hidden rule is that a panel is starred if the number of color transitions between its cone colors is even. Specifically, in the given examples, this means panels with two color changes (from red to green to blue, or green to blue to red) are starred, while those with one color transition (green to blue or blue to green) are not. **Final Answer:** The panels with a yellow star are those where the number of color transitions between the cone colors is even. Specifically, if a panel's cone colors change from one to another more than once, it is starred.  ||  LAST_RULE_SENTENCE: Therefore, the hidden rule is: A panel is starred if the number of color transitions between its cone colors is even (specifically two in the given examples), and not starred if the number is odd (specifically one in the examples)."
420,s1,1,33,B,"The hidden rule is that a panel is marked with a yellow star if it contains all three colors: Red, Green, and Blue. This is because each starred panel (A, E, F) includes cones of all three colors, while the non-starred panels (B, C, D) are missing at least one color. **Final Answer:** The hidden rule is that a panel is starred if it contains cones of all three colors: Red, Green, and Blue.","Red, Green, and Blue.",0.0,"The hidden rule is that a panel is marked with a yellow star if it contains all three colors: Red, Green, and Blue. This is because each starred panel (A, E, F) includes cones of all three colors, while the non-starred panels (B, C, D) are missing at least one color. **Final Answer:** The hidden rule is that a panel is starred if it contains cones of all three colors: Red, Green, and Blue."
421,s1,1,34,B,"The hidden rule that distinguishes the starred panels from the unstarred ones is: **The starred panels (A, E, F) have a more complex, interconnected arrangement of cones where each cone is either supporting or resting on another, with varied orientations, while the unstarred panels (B, C, D) have a simpler arrangement with fewer connections and orientations.** **Final Answer:** The panels with yellow stars have a more intricate, interconnected arrangement of cones with varied orientations, while unstarred panels have simpler, less connected arrangements.","So, my hypothesis is that the rule is: Panels with a yellow star have a more complex, interconnected arrangement of cones where each cone is either supporting or resting on another, with varied orientations, while non-starred panels have a simpler arrangement with fewer connections and orientations.",0.0,"The hidden rule that distinguishes the starred panels from the unstarred ones is: **The starred panels (A, E, F) have a more complex, interconnected arrangement of cones where each cone is either supporting or resting on another, with varied orientations, while the unstarred panels (B, C, D) have a simpler arrangement with fewer connections and orientations.** **Final Answer:** The panels with yellow stars have a more intricate, interconnected arrangement of cones with varied orientations, while unstarred panels have simpler, less connected arrangements.  ||  LAST_RULE_SENTENCE: So, my hypothesis is that the rule is: Panels with a yellow star have a more complex, interconnected arrangement of cones where each cone is either supporting or resting on another, with varied orientations, while non-starred panels have a simpler arrangement with fewer connections and orientations."
422,s1,1,36,B,"The hidden rule that distinguishes the starred panels (A, E, F) from the non-star panels (B, C, D) is that the starred panels exhibit a more varied color sequence with more frequent color changes compared to the non-star panels. Specifically, the star panels have a more dynamic color arrangement, often cycling through different colors, while the non-star panels tend to have a more uniform or less varied color sequence. **Final Answer:** The hidden rule is that the starred panels (A, E, F) have a more varied and dynamic color arrangement with more frequent color changes, distinguishing them f","So the hidden rule is that the star panels have more color variety, or the rule is that the star panels have a specific pattern in their color arrangement, such as a cyclical or varied color sequence.",0.0,"The hidden rule that distinguishes the starred panels (A, E, F) from the non-star panels (B, C, D) is that the starred panels exhibit a more varied color sequence with more frequent color changes compared to the non-star panels. Specifically, the star panels have a more dynamic color arrangement, often cycling through different colors, while the non-star panels tend to have a more uniform or less varied color sequence. **Final Answer:** The hidden rule is that the starred panels (A, E, F) have a more varied and dynamic color arrangement with more frequent color changes, distinguishing them f  ||  LAST_RULE_SENTENCE: So the hidden rule is that the star panels have more color variety, or the rule is that the star panels have a specific pattern in their color arrangement, such as a cyclical or varied color sequence."
423,s1,1,37,B,"The hidden rule that distinguishes the starred panels from the unstarred ones is that the starred panels have at least one cone nested inside another, creating a hierarchical structure, while the unstarred panels have a more linear or flat arrangement without such nesting. **Final Answer:** The hidden rule is that the starred panels have at least one cone nested inside another, creating a hierarchical structure, while the unstarred panels have a more linear or flat arrangement without such nesting.",,0.0,"The hidden rule that distinguishes the starred panels from the unstarred ones is that the starred panels have at least one cone nested inside another, creating a hierarchical structure, while the unstarred panels have a more linear or flat arrangement without such nesting. **Final Answer:** The hidden rule is that the starred panels have at least one cone nested inside another, creating a hierarchical structure, while the unstarred panels have a more linear or flat arrangement without such nesting."
424,s1,1,38,B,"The hidden rule is that panels with a yellow star have their cones arranged in a sequence starting from the far left edge and ending at the far right edge, forming a linear chain. Non-starred panels have their cones arranged more centrally, without a cone on the far left or far right. **Final Answer:** The hidden rule is that the panels with a yellow star have their cones arranged in a linear sequence starting from the far left edge and ending at the far right edge, while non-starred panels have their cones more centrally located, not starting or ending on the edges.","Non-starred panels have their cones more centrally located, not starting or ending on the edges.",0.0,"The hidden rule is that panels with a yellow star have their cones arranged in a sequence starting from the far left edge and ending at the far right edge, forming a linear chain. Non-starred panels have their cones arranged more centrally, without a cone on the far left or far right. **Final Answer:** The hidden rule is that the panels with a yellow star have their cones arranged in a linear sequence starting from the far left edge and ending at the far right edge, while non-starred panels have their cones more centrally located, not starting or ending on the edges.  ||  LAST_RULE_SENTENCE: Non-starred panels have their cones more centrally located, not starting or ending on the edges."
425,s1,1,39,B,"The hidden rule is that a panel is marked with a yellow star if and only if it contains at least three distinct colors of cone-shaped objects. If the panel uses two or fewer colors, it is not starred. **Final Answer:** The rule is that a panel is starred if it contains at least three different colors of cones; otherwise, it is not starred.","If it has two or fewer, it's not starred.",0.0,"The hidden rule is that a panel is marked with a yellow star if and only if it contains at least three distinct colors of cone-shaped objects. If the panel uses two or fewer colors, it is not starred. **Final Answer:** The rule is that a panel is starred if it contains at least three different colors of cones; otherwise, it is not starred.  ||  LAST_RULE_SENTENCE: If it has two or fewer, it's not starred."
426,s1,1,40,B,"The hidden rule that distinguishes the starred panels (E and F) from the unstarred ones is that the starred panels have a mutual support cycle where each cone in the cycle supports another, forming a closed loop. In contrast, the non-starred panels have a linear or tree-like structure without such a cycle. **Final Answer:** The hidden rule is that the starred panels (E and F) have a mutual support cycle among their cones, forming a closed loop, while the unstarred panels have a linear or tree-like structure without such cycles.","So the rule would be: Star panels have a mutual support cycle where each cone in the cycle supports another, creating a closed loop.",0.0,"The hidden rule that distinguishes the starred panels (E and F) from the unstarred ones is that the starred panels have a mutual support cycle where each cone in the cycle supports another, forming a closed loop. In contrast, the non-starred panels have a linear or tree-like structure without such a cycle. **Final Answer:** The hidden rule is that the starred panels (E and F) have a mutual support cycle among their cones, forming a closed loop, while the unstarred panels have a linear or tree-like structure without such cycles.  ||  LAST_RULE_SENTENCE: So the rule would be: Star panels have a mutual support cycle where each cone in the cycle supports another, creating a closed loop."
427,s1,2,2,B,"The hidden rule is: **A panel is starred if the central cone's color matches the color of at least one of the clusters it connects.** **Step-by-step explanation:** 1. **Identify Central Cone Color:** - For each panel, locate the central cone (the one connecting the left and right clusters). 2. **Check Color Match:** - Determine the color of this central cone. - Check if this color matches the color of either the left cluster or the right cluster. 3. **Determine Starred Status:** - If the central cone's color matches the color of at least one cluster, the panel is starred. -","So, the hidden rule is that a panel is starred if the central cone's color matches the color of at least one of the clusters it's connecting.",0.0,"The hidden rule is: **A panel is starred if the central cone's color matches the color of at least one of the clusters it connects.** **Step-by-step explanation:** 1. **Identify Central Cone Color:** - For each panel, locate the central cone (the one connecting the left and right clusters). 2. **Check Color Match:** - Determine the color of this central cone. - Check if this color matches the color of either the left cluster or the right cluster. 3. **Determine Starred Status:** - If the central cone's color matches the color of at least one cluster, the panel is starred. -  ||  LAST_RULE_SENTENCE: So, the hidden rule is that a panel is starred if the central cone's color matches the color of at least one of the clusters it's connecting."
428,s1,2,5,B,"The hidden rule is that a panel is marked with a yellow star if its cone arrangement forms a connected graph where each cone is connected to at least two others, creating a network. If the cones are arranged in a linear or less interconnected way, the panel is not starred. **Final Answer:** A panel is starred if its cone arrangement forms a connected graph where each cone is connected to at least two others, creating a network. If the cones are arranged in a linear or less interconnected way, the panel is not starred.","If the cones are arranged in a linear or less interconnected way, the panel isn't starred.",0.0,"The hidden rule is that a panel is marked with a yellow star if its cone arrangement forms a connected graph where each cone is connected to at least two others, creating a network. If the cones are arranged in a linear or less interconnected way, the panel is not starred. **Final Answer:** A panel is starred if its cone arrangement forms a connected graph where each cone is connected to at least two others, creating a network. If the cones are arranged in a linear or less interconnected way, the panel is not starred.  ||  LAST_RULE_SENTENCE: If the cones are arranged in a linear or less interconnected way, the panel isn't starred."
429,s1,2,6,B,"The hidden rule is that a panel is marked with a yellow star if every cone is either resting on the floor or leaning on another cone, forming a connected cluster where each cone is supported. Panels without this arrangement do not have stars. Final Answer: **""A panel is marked with a yellow star if every cone is either on the floor or resting on another cone, forming a connected cluster. Otherwise, it is not marked with a star.""**",So the hypothesis is: Panels with all cones either on the floor or resting on another cone are starred; others are not.,0.0,"The hidden rule is that a panel is marked with a yellow star if every cone is either resting on the floor or leaning on another cone, forming a connected cluster where each cone is supported. Panels without this arrangement do not have stars. Final Answer: **""A panel is marked with a yellow star if every cone is either on the floor or resting on another cone, forming a connected cluster. Otherwise, it is not marked with a star.""**  ||  LAST_RULE_SENTENCE: So the hypothesis is: Panels with all cones either on the floor or resting on another cone are starred; others are not."
430,s1,2,9,B,"The hidden rule that distinguishes the starred panels (A, B, and E) from the unstarred panels (C, D, and F) is that the starred panels have exactly two cone-shaped objects that touch the edges of the panel, while the unstarred panels have four or more cones touching the edges. **Final Answer:** The rule is: A panel is marked with a yellow star if and only if exactly two of its cones touch the left or right edges of the panel.","Therefore, the best guess is that the rule is about the number of cones touching the panel's edges.",0.0,"The hidden rule that distinguishes the starred panels (A, B, and E) from the unstarred panels (C, D, and F) is that the starred panels have exactly two cone-shaped objects that touch the edges of the panel, while the unstarred panels have four or more cones touching the edges. **Final Answer:** The rule is: A panel is marked with a yellow star if and only if exactly two of its cones touch the left or right edges of the panel.  ||  LAST_RULE_SENTENCE: Therefore, the best guess is that the rule is about the number of cones touching the panel's edges."
431,s1,2,10,B,The hidden rule is: Panels that have exactly three color segments in their cone arrangements are marked with a yellow star. Those with more or fewer segments do not have a star. **Final Answer:** The rule is that a panel has a yellow star if its cone colors form exactly three distinct segments.,So I think that's the rule.,0.0,The hidden rule is: Panels that have exactly three color segments in their cone arrangements are marked with a yellow star. Those with more or fewer segments do not have a star. **Final Answer:** The rule is that a panel has a yellow star if its cone colors form exactly three distinct segments.  ||  LAST_RULE_SENTENCE: So I think that's the rule.
432,s1,2,11,B,"The hidden rule is that a panel is marked with a yellow star if it contains a cone that is both supported by another cone and supports another cone, forming a bridge in the arrangement. This distinguishes the starred panels (A, B, E) from the non-starred ones (C, D, F). **Final Answer:** The panels with yellow stars are those where there is a cone that is both supported by another cone and supports another cone, forming a bridge in the arrangement.","So, I think the rule is that a panel has a yellow star if there's a cone that is both supported by another cone and supports another cone, creating a bridge in the arrangement.",0.0,"The hidden rule is that a panel is marked with a yellow star if it contains a cone that is both supported by another cone and supports another cone, forming a bridge in the arrangement. This distinguishes the starred panels (A, B, E) from the non-starred ones (C, D, F). **Final Answer:** The panels with yellow stars are those where there is a cone that is both supported by another cone and supports another cone, forming a bridge in the arrangement.  ||  LAST_RULE_SENTENCE: So, I think the rule is that a panel has a yellow star if there's a cone that is both supported by another cone and supports another cone, creating a bridge in the arrangement."
433,s1,2,14,B,"The hidden rule that distinguishes the starred panels (A, B, E) from the unstarred ones (C, D, F) is that the starred panels have cone arrangements that form a connected path from the left edge to the right edge of the panel. This can be a linear chain or clusters connected by a central cone, allowing the entire arrangement to span horizontally across the panel. **Final Answer:** The hidden rule is that the panels with yellow stars have cone arrangements where there is a connected path from the left edge to the right edge of the panel, forming either a linear chain or clusters connected by a","Therefore, the hidden rule is that the panels with the yellow star have their cone arrangements connected in such a way that there's a path from the left edge to the right edge, forming a connected chain or cluster that spans the panel horizontally.",0.0,"The hidden rule that distinguishes the starred panels (A, B, E) from the unstarred ones (C, D, F) is that the starred panels have cone arrangements that form a connected path from the left edge to the right edge of the panel. This can be a linear chain or clusters connected by a central cone, allowing the entire arrangement to span horizontally across the panel. **Final Answer:** The hidden rule is that the panels with yellow stars have cone arrangements where there is a connected path from the left edge to the right edge of the panel, forming either a linear chain or clusters connected by a  ||  LAST_RULE_SENTENCE: Therefore, the hidden rule is that the panels with the yellow star have their cone arrangements connected in such a way that there's a path from the left edge to the right edge, forming a connected chain or cluster that spans the panel horizontally."
434,s1,2,17,B,"The hidden rule that distinguishes the starred panels is that they form a circular cluster where each cone is connected to the next, creating a continuous chain or a central point. Non-starred panels either have a more linear arrangement or a less connected structure. **Final Answer:** The hidden rule is that the panel must have a circular cluster of cones where each cone is connected to the next, forming a continuous chain or a central point.",,0.0,"The hidden rule that distinguishes the starred panels is that they form a circular cluster where each cone is connected to the next, creating a continuous chain or a central point. Non-starred panels either have a more linear arrangement or a less connected structure. **Final Answer:** The hidden rule is that the panel must have a circular cluster of cones where each cone is connected to the next, forming a continuous chain or a central point."
435,s1,2,18,B,"The hidden rule is: **The panel is starred if the largest cone and the smallest cone are the same color. If they are different, the panel is unstarred.** **Final Answer:** The panels are starred if the largest and smallest cones share the same color. Otherwise, they are unstarred.","In C, D, F, they're different, so unstarred.",0.0,"The hidden rule is: **The panel is starred if the largest cone and the smallest cone are the same color. If they are different, the panel is unstarred.** **Final Answer:** The panels are starred if the largest and smallest cones share the same color. Otherwise, they are unstarred.  ||  LAST_RULE_SENTENCE: In C, D, F, they're different, so unstarred."
436,s1,2,19,B,The hidden rule is that the first and last cones in the arrangement must be the same color. **Final Answer:** The hidden rule is that the first and last cones in each panel must be of the same color.,So the hidden rule is that the first and last cones in the arrangement must be the same color.,0.0,The hidden rule is that the first and last cones in the arrangement must be the same color. **Final Answer:** The hidden rule is that the first and last cones in each panel must be of the same color.  ||  LAST_RULE_SENTENCE: So the hidden rule is that the first and last cones in the arrangement must be the same color.
437,s1,2,22,B,"The hidden rule is that a panel is marked with a yellow star if at least one of its cone-shaped objects is not resting on the floor. This distinguishes the starred panels (A, B, E) from the unstarred ones (C, D, F), as each starred panel has at least one elevated cone, while all unstarred panels have all cones on the floor. **Final Answer:** The panels with yellow stars are those where at least one cone is not resting on the floor.","Therefore, the hidden rule is that a panel is marked with a yellow star if at least one of its cones is not resting on the floor.",0.0,"The hidden rule is that a panel is marked with a yellow star if at least one of its cone-shaped objects is not resting on the floor. This distinguishes the starred panels (A, B, E) from the unstarred ones (C, D, F), as each starred panel has at least one elevated cone, while all unstarred panels have all cones on the floor. **Final Answer:** The panels with yellow stars are those where at least one cone is not resting on the floor.  ||  LAST_RULE_SENTENCE: Therefore, the hidden rule is that a panel is marked with a yellow star if at least one of its cones is not resting on the floor."
438,s1,2,25,B,"The hidden rule that distinguishes the starred panels from the unstarred ones is: **""Panels with a yellow star have their cone structures arranged in a connected, nested, or mutually supporting cluster where each cone rests on or overlaps with others, creating a complex, interconnected network. Panels without the star have cones arranged in a linear or simpler, less interconnected structure.""** So, the final answer is: **""Panels with a yellow star have a complex, interconnected cone structure, while those without a star have a more linear or simple arrangement.""**","Panels without the star have cones arranged in a linear or simpler, less interconnected structure.""",0.0,"The hidden rule that distinguishes the starred panels from the unstarred ones is: **""Panels with a yellow star have their cone structures arranged in a connected, nested, or mutually supporting cluster where each cone rests on or overlaps with others, creating a complex, interconnected network. Panels without the star have cones arranged in a linear or simpler, less interconnected structure.""** So, the final answer is: **""Panels with a yellow star have a complex, interconnected cone structure, while those without a star have a more linear or simple arrangement.""**"
439,s1,2,27,B,"The hidden rule that distinguishes the starred panels (A, B, and E) from the unstarred ones (C, D, and F) is that the starred panels contain at least one tilted cone. Specifically, in Panels A, B, and E, there is at least one cone that is either lying on its side or tilted, while Panels C, D, and F have all their cones in an upright orientation. **Final Answer:** The rule is that any panel with at least one tilted or lying cone is starred.","So the rule is about the presence of any tilted cone, regardless of the number.",0.0,"The hidden rule that distinguishes the starred panels (A, B, and E) from the unstarred ones (C, D, and F) is that the starred panels contain at least one tilted cone. Specifically, in Panels A, B, and E, there is at least one cone that is either lying on its side or tilted, while Panels C, D, and F have all their cones in an upright orientation. **Final Answer:** The rule is that any panel with at least one tilted or lying cone is starred.  ||  LAST_RULE_SENTENCE: So the rule is about the presence of any tilted cone, regardless of the number."
440,s1,2,28,B,"The hidden rule that distinguishes the starred panels is that each starred panel has a cluster of cones where the smallest cone is positioned at the far left, and the largest cone is either positioned at the far right or in the center. This pattern is consistent across Panels A, B, and E. **Final Answer:** The hidden rule is that each starred panel has a cluster where the smallest cone is at the far left, and the largest cone is either at the far right or in the center.","So my best guess is that the hidden rule is: The panel must have a cluster where the smallest cone is at the far left, and the largest cone is either at the far right or in the center.",0.0,"The hidden rule that distinguishes the starred panels is that each starred panel has a cluster of cones where the smallest cone is positioned at the far left, and the largest cone is either positioned at the far right or in the center. This pattern is consistent across Panels A, B, and E. **Final Answer:** The hidden rule is that each starred panel has a cluster where the smallest cone is at the far left, and the largest cone is either at the far right or in the center.  ||  LAST_RULE_SENTENCE: So my best guess is that the hidden rule is: The panel must have a cluster where the smallest cone is at the far left, and the largest cone is either at the far right or in the center."
441,s1,2,29,B,"The hidden rule is that panels with a yellow star have two distinct clusters of cones, one on the left and one on the right, while panels without a yellow star have a single cluster, typically on the right. **Final Answer:** The panels with yellow stars have two clusters of cones (left and right), whereas the unstarred panels have a single cluster.","So, my best guess is that the rule is: ""Panels with a yellow star have two clusters of cones (left and right), while those without have a single cluster.""",0.0,"The hidden rule is that panels with a yellow star have two distinct clusters of cones, one on the left and one on the right, while panels without a yellow star have a single cluster, typically on the right. **Final Answer:** The panels with yellow stars have two clusters of cones (left and right), whereas the unstarred panels have a single cluster.  ||  LAST_RULE_SENTENCE: So, my best guess is that the rule is: ""Panels with a yellow star have two clusters of cones (left and right), while those without have a single cluster."""
442,s1,2,32,B,The hidden rule that distinguishes the starred panels from the unstarred ones is that a panel is starred if and only if its first and last cones are of the same color. **Final Answer:** The hidden rule is that a panel is marked with a yellow star if its first and last cones are of the same color.,"Otherwise, it's not.",0.0,"The hidden rule that distinguishes the starred panels from the unstarred ones is that a panel is starred if and only if its first and last cones are of the same color. **Final Answer:** The hidden rule is that a panel is marked with a yellow star if its first and last cones are of the same color.  ||  LAST_RULE_SENTENCE: Otherwise, it's not."
443,s1,2,34,B,"The hidden rule is: **A panel has a yellow star if its first and last cones are the same color. Otherwise, it does not.** **Step-by-Step Explanation:** 1. **Identify the First and Last Cones' Colors:** - For each panel, note the color of the first (leftmost) and last (rightmost) cones. 2. **Compare the Colors:** - If both the first and last cones share the same color, the panel has a yellow star. - If they are different, the panel does not have a star. 3. **Apply to Each Panel:** - **Panel A:** First is Green, last is Green → Star. - **Panel B:** First is Red, last is Green","So the rule is: If the first and last cones are the same color, the panel has a yellow star; otherwise, it doesn't.",0.0,"The hidden rule is: **A panel has a yellow star if its first and last cones are the same color. Otherwise, it does not.** **Step-by-Step Explanation:** 1. **Identify the First and Last Cones' Colors:** - For each panel, note the color of the first (leftmost) and last (rightmost) cones. 2. **Compare the Colors:** - If both the first and last cones share the same color, the panel has a yellow star. - If they are different, the panel does not have a star. 3. **Apply to Each Panel:** - **Panel A:** First is Green, last is Green → Star. - **Panel B:** First is Red, last is Green  ||  LAST_RULE_SENTENCE: So the rule is: If the first and last cones are the same color, the panel has a yellow star; otherwise, it doesn't."
444,s1,2,35,B,"The hidden rule that distinguishes the starred panels (A, B, E) from the unstarred panels (C, D, F) is that the starred panels have their cones arranged in clusters where each cone is positioned to rest on the previous one, forming a sequential support system or a chain-like structure. This creates a specific visual pattern that is not present in the non-starred panels. **Final Answer:** The rule is that panels with a yellow star have their cones arranged in a specific connected sequence where each cone rests on the previous","Alternatively, ""Panels with a yellow star have their cones arranged in a specific connected sequence where each cone is supported by the one before it, creating a chain-like structure.""",0.0,"The hidden rule that distinguishes the starred panels (A, B, E) from the unstarred panels (C, D, F) is that the starred panels have their cones arranged in clusters where each cone is positioned to rest on the previous one, forming a sequential support system or a chain-like structure. This creates a specific visual pattern that is not present in the non-starred panels. **Final Answer:** The rule is that panels with a yellow star have their cones arranged in a specific connected sequence where each cone rests on the previous  ||  LAST_RULE_SENTENCE: Alternatively, ""Panels with a yellow star have their cones arranged in a specific connected sequence where each cone is supported by the one before it, creating a chain-like structure."""
445,s1,2,36,B,"The hidden rule is: **""Panels with yellow stars have a continuous chain of cones from the leftmost to the rightmost, each either resting on the floor or the base of the next cone, forming a connected sequence. Non-star panels do not have such a continuous chain.""**",""" Alternatively, the hidden rule could be that in star panels, the arrangement forms a connected chain from the leftmost to the rightmost cone, with each cone resting on the previous one or the floor, whereas in non-star panels, there's a break in this chain.",0.0,"The hidden rule is: **""Panels with yellow stars have a continuous chain of cones from the leftmost to the rightmost, each either resting on the floor or the base of the next cone, forming a connected sequence. Non-star panels do not have such a continuous chain.""**  ||  LAST_RULE_SENTENCE: "" Alternatively, the hidden rule could be that in star panels, the arrangement forms a connected chain from the leftmost to the rightmost cone, with each cone resting on the previous one or the floor, whereas in non-star panels, there's a break in this chain."
446,s1,3,14,B,"The hidden rule is that a panel is marked with a yellow star if every adjacent pair of cones has different colors. If any two adjacent cones share the same color, the panel is not marked with a star. **Final Answer:** A panel is marked with a yellow star if each adjacent pair of cones has a different color. If any two adjacent cones share the same color, the panel is not marked with a star.","So, the rule is: A panel is starred if every adjacent pair of cones has different colors; otherwise, it is not.",0.0,"The hidden rule is that a panel is marked with a yellow star if every adjacent pair of cones has different colors. If any two adjacent cones share the same color, the panel is not marked with a star. **Final Answer:** A panel is marked with a yellow star if each adjacent pair of cones has a different color. If any two adjacent cones share the same color, the panel is not marked with a star.  ||  LAST_RULE_SENTENCE: So, the rule is: A panel is starred if every adjacent pair of cones has different colors; otherwise, it is not."
447,s1,3,16,B,"The hidden rule is that a panel is starred if its index is 1, 3, or 6. **Final Answer:** The panels with indices 1, 3, and 6 are starred.","So the rule is: The panel is starred if its index is 1, 3, or 6.",0.0,"The hidden rule is that a panel is starred if its index is 1, 3, or 6. **Final Answer:** The panels with indices 1, 3, and 6 are starred.  ||  LAST_RULE_SENTENCE: So the rule is: The panel is starred if its index is 1, 3, or 6."
448,s1,3,18,B,"The hidden rule that distinguishes the starred panels (A, C, F) from the unstarred panels (B, D, E) is that the starred panels have a single base cone which supports one or more other cones on top, forming a vertical stack. In contrast, the unstarred panels have multiple cones arranged in clusters where each cone supports one or more others in a more interconnected, horizontal fashion. Thus, the key differentiator is the presence of a single base cone with stacked elements versus a network of supporting cones. **Final Answer:** The panels with yellow stars are those that have a single base c",Others are not.,0.0,"The hidden rule that distinguishes the starred panels (A, C, F) from the unstarred panels (B, D, E) is that the starred panels have a single base cone which supports one or more other cones on top, forming a vertical stack. In contrast, the unstarred panels have multiple cones arranged in clusters where each cone supports one or more others in a more interconnected, horizontal fashion. Thus, the key differentiator is the presence of a single base cone with stacked elements versus a network of supporting cones. **Final Answer:** The panels with yellow stars are those that have a single base c  ||  LAST_RULE_SENTENCE: Others are not."
449,s1,3,19,B,"The hidden rule is that panels with yellow stars have an odd number of cones resting on the floor, while non-star panels have an even number of cones on the floor. **Final Answer:** The hidden rule is that panels with yellow stars have an odd number of cones on the floor, while those without stars have an even number of cones on the floor.","So, the hidden rule is that the star panels have an odd number of cones on the floor, while the non-star panels have an even number.",0.0,"The hidden rule is that panels with yellow stars have an odd number of cones resting on the floor, while non-star panels have an even number of cones on the floor. **Final Answer:** The hidden rule is that panels with yellow stars have an odd number of cones on the floor, while those without stars have an even number of cones on the floor.  ||  LAST_RULE_SENTENCE: So, the hidden rule is that the star panels have an odd number of cones on the floor, while the non-star panels have an even number."
450,s1,3,20,B,"The hidden rule is: A panel is marked with a yellow star if the first cone is located on the right side of the panel or on the floor. If the first cone is on the left side, the panel is not marked with a star. **Final Answer:** The rule is: A panel has a yellow star if its first cone is on the right side or on the floor.","Otherwise, it's not marked with a star.",0.0,"The hidden rule is: A panel is marked with a yellow star if the first cone is located on the right side of the panel or on the floor. If the first cone is on the left side, the panel is not marked with a star. **Final Answer:** The rule is: A panel has a yellow star if its first cone is on the right side or on the floor.  ||  LAST_RULE_SENTENCE: Otherwise, it's not marked with a star."
451,s1,3,23,B,"The hidden rule that distinguishes the starred panels is that each starred panel has a symmetrical arrangement of cones, with each cone having a corresponding mirror image on the opposite side, creating perfect symmetry across the central axis of the panel.","Therefore, the hidden rule is likely that a panel is starred if the cones are arranged in perfect mirror pairs, creating symmetry across the panel's central axis.",0.0,"The hidden rule that distinguishes the starred panels is that each starred panel has a symmetrical arrangement of cones, with each cone having a corresponding mirror image on the opposite side, creating perfect symmetry across the central axis of the panel.  ||  LAST_RULE_SENTENCE: Therefore, the hidden rule is likely that a panel is starred if the cones are arranged in perfect mirror pairs, creating symmetry across the panel's central axis."
452,s1,3,24,B,The hidden rule is: A panel is marked with a yellow star if it contains at least one cone that is both on the base and supporting another cone above it.,"Therefore, the best guess is that the rule is: a panel is marked with a yellow star if it contains a cone that is both on the base and supporting another cone above it.",0.0,"The hidden rule is: A panel is marked with a yellow star if it contains at least one cone that is both on the base and supporting another cone above it.  ||  LAST_RULE_SENTENCE: Therefore, the best guess is that the rule is: a panel is marked with a yellow star if it contains a cone that is both on the base and supporting another cone above it."
453,s1,3,27,B,"The hidden rule is that a panel is marked with a yellow star if it contains at least one cone that is both supporting and being supported by another cone within the same panel. This creates a mutual or nested support structure, distinguishing them from non-starred panels which have more linear or single-directional supports. **Final Answer:** The panels with yellow stars are those where at least one cone is both supporting and being supported by another cone within the same panel, creating a mutual or nested support structure.","This creates a mutual or nested support structure, unlike non-starred panels which have more linear or single-directional supports.",0.0,"The hidden rule is that a panel is marked with a yellow star if it contains at least one cone that is both supporting and being supported by another cone within the same panel. This creates a mutual or nested support structure, distinguishing them from non-starred panels which have more linear or single-directional supports. **Final Answer:** The panels with yellow stars are those where at least one cone is both supporting and being supported by another cone within the same panel, creating a mutual or nested support structure.  ||  LAST_RULE_SENTENCE: This creates a mutual or nested support structure, unlike non-starred panels which have more linear or single-directional supports."
454,s1,3,28,B,"The hidden rule that distinguishes the starred panels from the unstarred panels is based on the spatial arrangement of the cones. Specifically, a panel is marked with a yellow star if the cones on the floor form a single continuous chain where each cone is supported by the one before it, creating a linear progression. If the cones on the floor have multiple supports or form branches, the panel does not have a star. **Final Answer:** The hidden rule is that a panel has a yellow star if the cones on the floor form a single continuous chain where each cone rests on the previous one, creating a",Those with multiple supports or branches are non-star.,0.0,"The hidden rule that distinguishes the starred panels from the unstarred panels is based on the spatial arrangement of the cones. Specifically, a panel is marked with a yellow star if the cones on the floor form a single continuous chain where each cone is supported by the one before it, creating a linear progression. If the cones on the floor have multiple supports or form branches, the panel does not have a star. **Final Answer:** The hidden rule is that a panel has a yellow star if the cones on the floor form a single continuous chain where each cone rests on the previous one, creating a  ||  LAST_RULE_SENTENCE: Those with multiple supports or branches are non-star."
455,s1,3,30,B,"The hidden rule that distinguishes the starred panels from the unstarred ones is that the starred panels have their cone arrangements in a connected chain, where each cone supports or is supported by another, forming either a linear sequence or a vertical stack. This creates a continuous chain of interactions among the cones, which is not the case for unstarred panels. **Final Answer:** The panels with yellow stars are those where the cone arrangements form a connected chain, either linearly supporting each other or stacked vertically.","So, the hidden rule could be: ""A panel is starred if its cones are arranged in a connected chain, either linearly supporting each other or stacked vertically.""",0.0,"The hidden rule that distinguishes the starred panels from the unstarred ones is that the starred panels have their cone arrangements in a connected chain, where each cone supports or is supported by another, forming either a linear sequence or a vertical stack. This creates a continuous chain of interactions among the cones, which is not the case for unstarred panels. **Final Answer:** The panels with yellow stars are those where the cone arrangements form a connected chain, either linearly supporting each other or stacked vertically.  ||  LAST_RULE_SENTENCE: So, the hidden rule could be: ""A panel is starred if its cones are arranged in a connected chain, either linearly supporting each other or stacked vertically."""
456,s1,3,37,B,"The hidden rule is that a panel is marked with a yellow star if the number of color transitions in its cone arrangement is four. This is because the star panels (A, C, F) each have four color transitions, while the non-star panels (B, D, E) have three or fewer. **Final Answer:** A panel is marked with a yellow star if the number of color transitions in its cone arrangement is four.","Otherwise, it is not.",0.0,"The hidden rule is that a panel is marked with a yellow star if the number of color transitions in its cone arrangement is four. This is because the star panels (A, C, F) each have four color transitions, while the non-star panels (B, D, E) have three or fewer. **Final Answer:** A panel is marked with a yellow star if the number of color transitions in its cone arrangement is four.  ||  LAST_RULE_SENTENCE: Otherwise, it is not."
457,s1,4,2,B,"The hidden rule that distinguishes the starred panels (A, C, and F) from the unstarred ones is that each starred panel contains two cone-shaped objects positioned in opposite corners of the panel, overlapping each other. These two cones are often of the same color and orientation, such as both being tilted or lying, and they form a symmetrical structure within the panel.","So, putting it all together, I think the hidden rule is that the starred panels (A, C, F) have two cones that are placed in opposite corners of the panel, overlapping each other.",0.0,"The hidden rule that distinguishes the starred panels (A, C, and F) from the unstarred ones is that each starred panel contains two cone-shaped objects positioned in opposite corners of the panel, overlapping each other. These two cones are often of the same color and orientation, such as both being tilted or lying, and they form a symmetrical structure within the panel.  ||  LAST_RULE_SENTENCE: So, putting it all together, I think the hidden rule is that the starred panels (A, C, F) have two cones that are placed in opposite corners of the panel, overlapping each other."
458,s1,4,3,B,"The hidden rule that distinguishes the star panels from the non-star panels is that the star panels have at least one cone that is both supporting and being supported by another cone, forming a mutual resting structure. This creates a kind of interdependency where each cone rests on another, and that other cone is also resting on a third, creating a cycle. In contrast, the non-star panels have cones that either only support or are supported, without this mutual relationship. **Final Answer:** The panels with yellow stars have at least one cone that is both supporting and being supported by an","Therefore, I think the hidden rule is that the panel has a cone that is both supporting and being supported by another cone, creating a mutual resting structure.",0.0,"The hidden rule that distinguishes the star panels from the non-star panels is that the star panels have at least one cone that is both supporting and being supported by another cone, forming a mutual resting structure. This creates a kind of interdependency where each cone rests on another, and that other cone is also resting on a third, creating a cycle. In contrast, the non-star panels have cones that either only support or are supported, without this mutual relationship. **Final Answer:** The panels with yellow stars have at least one cone that is both supporting and being supported by an  ||  LAST_RULE_SENTENCE: Therefore, I think the hidden rule is that the panel has a cone that is both supporting and being supported by another cone, creating a mutual resting structure."
459,s1,4,5,B,"The hidden rule that distinguishes the starred panels (A, C, F) from the unstarred ones (B, D, E) is that the starred panels exhibit a linear chain of cones where each cone rests on the next, forming a continuous sequence. In contrast, the unstarred panels have a different arrangement, often with clusters or isolated structures. **Final Answer:** The panels with yellow stars (A, C, F) have a linear chain where each cone rests on the next, forming a continuous sequence. The non-starred panels (B, D, E) do not follow this pattern, instead having clusters or different structures.<｜end▁of▁senten","Therefore, the rule is: ""Panels with a yellow star have a linear chain of cones where each cone rests on the next, forming a continuous sequence.""",0.0,"The hidden rule that distinguishes the starred panels (A, C, F) from the unstarred ones (B, D, E) is that the starred panels exhibit a linear chain of cones where each cone rests on the next, forming a continuous sequence. In contrast, the unstarred panels have a different arrangement, often with clusters or isolated structures. **Final Answer:** The panels with yellow stars (A, C, F) have a linear chain where each cone rests on the next, forming a continuous sequence. The non-starred panels (B, D, E) do not follow this pattern, instead having clusters or different structures.<｜end▁of▁senten  ||  LAST_RULE_SENTENCE: Therefore, the rule is: ""Panels with a yellow star have a linear chain of cones where each cone rests on the next, forming a continuous sequence."""
460,s1,4,9,B,"The hidden rule is that a panel is marked with a yellow star if every cone within it is either supporting another cone or is itself supported by another cone, creating a mutual or interconnected structure. If any cone is standalone without supporting or being supported, the panel is not marked with a star. Final Answer: **Rule:** A panel is marked with a yellow star if every cone is part of a mutual supporting structure, where each cone either supports another or is supported by another. If any cone is standalone, the panel is not starred.","If any cone stands alone without supporting or being supported by another, it is not starred.",0.0,"The hidden rule is that a panel is marked with a yellow star if every cone within it is either supporting another cone or is itself supported by another cone, creating a mutual or interconnected structure. If any cone is standalone without supporting or being supported, the panel is not marked with a star. Final Answer: **Rule:** A panel is marked with a yellow star if every cone is part of a mutual supporting structure, where each cone either supports another or is supported by another. If any cone is standalone, the panel is not starred.  ||  LAST_RULE_SENTENCE: If any cone stands alone without supporting or being supported by another, it is not starred."
461,s1,4,10,B,"The hidden rule that distinguishes the starred panels (A, C, F) from the unstarred ones (B, D, E) is that a panel is starred if all its cones form a single connected structure where each cone supports or is supported by another, creating a unified chain or cluster. In contrast, unstarred panels have multiple disconnected structures or standalone cones. **Final Answer:** The panels with yellow stars are those where all the cone structures form a single connected chain or cluster, with each cone supporting or being supported by another, creating a unified structure. Unstarred panels have multip","So the rule is that the panel is starred if and only if all the cones are part of a single connected structure where each cone supports or is supported by another, forming a single connected chain or cluster.",0.0,"The hidden rule that distinguishes the starred panels (A, C, F) from the unstarred ones (B, D, E) is that a panel is starred if all its cones form a single connected structure where each cone supports or is supported by another, creating a unified chain or cluster. In contrast, unstarred panels have multiple disconnected structures or standalone cones. **Final Answer:** The panels with yellow stars are those where all the cone structures form a single connected chain or cluster, with each cone supporting or being supported by another, creating a unified structure. Unstarred panels have multip  ||  LAST_RULE_SENTENCE: So the rule is that the panel is starred if and only if all the cones are part of a single connected structure where each cone supports or is supported by another, forming a single connected chain or cluster."
462,s1,4,11,B,"The hidden rule is that panels with a yellow star have exactly two tilted cones, whereas panels without a yellow star have only one tilted cone. **Final Answer:** The hidden rule is that the panels with a yellow star have exactly two tilted cones, while those without a yellow star have only one tilted cone.","So the rule is: Panels with a yellow star have two tilted cones, while those without have one.",0.0,"The hidden rule is that panels with a yellow star have exactly two tilted cones, whereas panels without a yellow star have only one tilted cone. **Final Answer:** The hidden rule is that the panels with a yellow star have exactly two tilted cones, while those without a yellow star have only one tilted cone.  ||  LAST_RULE_SENTENCE: So the rule is: Panels with a yellow star have two tilted cones, while those without have one."
463,s1,4,12,B,"The hidden rule is that a panel has a yellow star if it contains a pair or cluster of cones where one cone rests on another in a way that creates a connected, interconnected structure, resulting in a more complex and dynamic arrangement compared to non-starred panels.","Therefore, the hidden rule is likely that a panel has a yellow star if it contains a pair or cluster of cones where one cone rests on another in a way that creates a connected structure, leading to a more complex and interactive arrangement.",0.0,"The hidden rule is that a panel has a yellow star if it contains a pair or cluster of cones where one cone rests on another in a way that creates a connected, interconnected structure, resulting in a more complex and dynamic arrangement compared to non-starred panels.  ||  LAST_RULE_SENTENCE: Therefore, the hidden rule is likely that a panel has a yellow star if it contains a pair or cluster of cones where one cone rests on another in a way that creates a connected structure, leading to a more complex and interactive arrangement."
464,s1,4,13,B,"The hidden rule is that the starred panels (A, C, F) each have exactly two cones that are tilted, while the unstarred panels (B, D, E) have only one tilted cone. **Final Answer:** The hidden rule is that the panels with yellow stars (A, C, F) each have exactly two tilted cones, while the unstarred panels (B, D, E) have only one tilted cone.","So my best hypothesis is that the hidden rule is that the starred panels (A, C, F) each have exactly two cones that are tilted, while the non-starred (B, D, E) have only one.",0.0,"The hidden rule is that the starred panels (A, C, F) each have exactly two cones that are tilted, while the unstarred panels (B, D, E) have only one tilted cone. **Final Answer:** The hidden rule is that the panels with yellow stars (A, C, F) each have exactly two tilted cones, while the unstarred panels (B, D, E) have only one tilted cone.  ||  LAST_RULE_SENTENCE: So my best hypothesis is that the hidden rule is that the starred panels (A, C, F) each have exactly two cones that are tilted, while the non-starred (B, D, E) have only one."
465,s1,4,15,B,"The hidden rule that distinguishes the starred panels (A, C, and F) from the unstarred ones (B, D, and E) is that the starred panels exhibit a longer chain of mutual support where each cone in","Therefore, the hidden rule is that the starred panels have a longer chain of mutual support where each cone is both supporting and supported by another cone, forming a more interconnected structure.",0.0,"The hidden rule that distinguishes the starred panels (A, C, and F) from the unstarred ones (B, D, and E) is that the starred panels exhibit a longer chain of mutual support where each cone in  ||  LAST_RULE_SENTENCE: Therefore, the hidden rule is that the starred panels have a longer chain of mutual support where each cone is both supporting and supported by another cone, forming a more interconnected structure."
466,s1,4,16,B,"The hidden rule that distinguishes the starred panels (A, C, F) from the unstarred panels (B, D, E) is that the starred panels have five distinct color blocks in their cone arrangements, whereas the unstarred panels have four. This is the best hypothesis based on the analysis. **Final Answer:** The hidden rule is that a panel is marked with a yellow star if and only if it contains exactly five distinct color blocks in its cone arrangement.","Therefore, the hidden rule could be that if a panel has five color blocks, it's a star; otherwise, it's not.",0.0,"The hidden rule that distinguishes the starred panels (A, C, F) from the unstarred panels (B, D, E) is that the starred panels have five distinct color blocks in their cone arrangements, whereas the unstarred panels have four. This is the best hypothesis based on the analysis. **Final Answer:** The hidden rule is that a panel is marked with a yellow star if and only if it contains exactly five distinct color blocks in its cone arrangement.  ||  LAST_RULE_SENTENCE: Therefore, the hidden rule could be that if a panel has five color blocks, it's a star; otherwise, it's not."
467,s1,4,17,B,"The hidden rule that distinguishes the starred panels (A, C, F) from the unstarred ones (B, D, E) is based on the complexity of the cone interaction networks. Starred panels have a highly interconnected structure where each cone forms mutual dependencies with others, creating a complex and dense network. In contrast, unstarred panels have a more linear or simpler interaction where cones are arranged in a chain or less interconnected manner. Therefore, the rule is: **""Starred panels (A, C, F) have a more interconnected, complex network of cone interactions, where each cone both supports and is",Unstarred panels have a more linear or simpler interaction where each cone supports only the next one in a chain.,0.0,"The hidden rule that distinguishes the starred panels (A, C, F) from the unstarred ones (B, D, E) is based on the complexity of the cone interaction networks. Starred panels have a highly interconnected structure where each cone forms mutual dependencies with others, creating a complex and dense network. In contrast, unstarred panels have a more linear or simpler interaction where cones are arranged in a chain or less interconnected manner. Therefore, the rule is: **""Starred panels (A, C, F) have a more interconnected, complex network of cone interactions, where each cone both supports and is  ||  LAST_RULE_SENTENCE: Unstarred panels have a more linear or simpler interaction where each cone supports only the next one in a chain."
468,s1,4,18,B,"The hidden rule that distinguishes the starred panels is that they exhibit a mutual support relationship between at least two pairs of cones, where each cone in the pair supports the other, forming a cycle. Non-star panels lack such mutual support cycles, instead having a more linear or hierarchical structure.","So the rule might be: ""A panel is a star if and only if it has at least one pair of cones where each supports the other, creating a mutual supporting relationship.""",0.0,"The hidden rule that distinguishes the starred panels is that they exhibit a mutual support relationship between at least two pairs of cones, where each cone in the pair supports the other, forming a cycle. Non-star panels lack such mutual support cycles, instead having a more linear or hierarchical structure.  ||  LAST_RULE_SENTENCE: So the rule might be: ""A panel is a star if and only if it has at least one pair of cones where each supports the other, creating a mutual supporting relationship."""
469,s1,4,19,B,The hidden rule is: **A panel is marked with a yellow star if it contains at least one cone that is resting on top of another cone.**,"So, the hidden rule is: ""A panel is marked with a yellow star if it contains at least one cone that is resting on top of another cone.""",0.0,"The hidden rule is: **A panel is marked with a yellow star if it contains at least one cone that is resting on top of another cone.**  ||  LAST_RULE_SENTENCE: So, the hidden rule is: ""A panel is marked with a yellow star if it contains at least one cone that is resting on top of another cone."""
470,s1,4,20,B,"The hidden rule that distinguishes the starred panels (A, C, and F) from the unstarred ones (B, D, E) is that in the starred panels, the cones form a continuous chain where each cone (except the first and last) is both resting on and being supported by another cone, creating a closed loop. In contrast, the unstarred panels do not have this cyclic interaction pattern. **Final Answer:** The hidden rule is that the starred panels (A, C, and F) have a chain of cones where each cone (except the first and last) is both resting on and supporting another cone, forming a closed loop. Unstarred panels","Therefore, the starred panels (A, C, F) follow this rule, while the others do not.",0.0,"The hidden rule that distinguishes the starred panels (A, C, and F) from the unstarred ones (B, D, E) is that in the starred panels, the cones form a continuous chain where each cone (except the first and last) is both resting on and being supported by another cone, creating a closed loop. In contrast, the unstarred panels do not have this cyclic interaction pattern. **Final Answer:** The hidden rule is that the starred panels (A, C, and F) have a chain of cones where each cone (except the first and last) is both resting on and supporting another cone, forming a closed loop. Unstarred panels  ||  LAST_RULE_SENTENCE: Therefore, the starred panels (A, C, F) follow this rule, while the others do not."
471,s1,4,22,B,"The hidden rule that distinguishes the starred panels (A, C, F) from the unstarred ones (B, D, E) is that the starred panels form a linear chain where each cone is supported by the one before it, creating a continuous, unbroken structure. The non-starred panels have a different arrangement, often with more nested or branched structures where the support isn't in a single, linear sequence. **Final Rule:** Panels with yellow stars (A, C, F) have a linear chain of cones, each supporting the next in a continuous, unbroken structure. The other panels (B, D, E) do not follow this rule, with differe",The others do not follow this rule.,0.0,"The hidden rule that distinguishes the starred panels (A, C, F) from the unstarred ones (B, D, E) is that the starred panels form a linear chain where each cone is supported by the one before it, creating a continuous, unbroken structure. The non-starred panels have a different arrangement, often with more nested or branched structures where the support isn't in a single, linear sequence. **Final Rule:** Panels with yellow stars (A, C, F) have a linear chain of cones, each supporting the next in a continuous, unbroken structure. The other panels (B, D, E) do not follow this rule, with differe  ||  LAST_RULE_SENTENCE: The others do not follow this rule."
472,s1,4,23,B,"The hidden rule is that a panel is marked with a yellow star if the arrangement of cones within it is highly complex, with each cone interacting with others in an intricate, interconnected manner, creating a more detailed and visually dynamic structure. The star panels have a more elaborate and interconnected arrangement of cones, while the non-starred ones have simpler, more linear or isolated structures.","In other words, the star panels have a more elaborate and interconnected arrangement of cones, while the non-starred ones have simpler, more linear or isolated structures.",0.0,"The hidden rule is that a panel is marked with a yellow star if the arrangement of cones within it is highly complex, with each cone interacting with others in an intricate, interconnected manner, creating a more detailed and visually dynamic structure. The star panels have a more elaborate and interconnected arrangement of cones, while the non-starred ones have simpler, more linear or isolated structures.  ||  LAST_RULE_SENTENCE: In other words, the star panels have a more elaborate and interconnected arrangement of cones, while the non-starred ones have simpler, more linear or isolated structures."
473,s1,4,24,B,"The hidden rule is that a panel is marked with a yellow star if it contains at least two cones that are mutually supporting each other in a complex nested or overlapping arrangement, forming a loop or chain. This intricate interaction between cones is the distinguishing feature of starred panels.",This mutual support seems to be the key feature of the starred panels.,0.0,"The hidden rule is that a panel is marked with a yellow star if it contains at least two cones that are mutually supporting each other in a complex nested or overlapping arrangement, forming a loop or chain. This intricate interaction between cones is the distinguishing feature of starred panels.  ||  LAST_RULE_SENTENCE: This mutual support seems to be the key feature of the starred panels."
474,s1,4,26,B,"The hidden rule is that a panel earns a yellow star if and only if every distinct color used in the arrangement appears the same number of times. This means that all color counts are equal, ensuring a balanced distribution across the panel's cone colors. **Final Answer:** The hidden rule is that a panel is marked with a yellow star if and only if every distinct color used appears the same number of times.",,0.0,"The hidden rule is that a panel earns a yellow star if and only if every distinct color used in the arrangement appears the same number of times. This means that all color counts are equal, ensuring a balanced distribution across the panel's cone colors. **Final Answer:** The hidden rule is that a panel is marked with a yellow star if and only if every distinct color used appears the same number of times."
475,s1,4,27,B,"The hidden rule that distinguishes the starred panels from the unstarred ones is that a panel is starred if and only if it contains at least one pair of cones where each cone is supporting the other, creating a mutual support structure. **Final Answer:** The hidden rule is that a panel is marked with a yellow star if and only if it contains at least one pair of cones where each cone is supporting the other, creating a mutual supporting structure. This mutual support is the distinguishing feature of the starred panels.","So, based on this, I think that's the rule.",0.0,"The hidden rule that distinguishes the starred panels from the unstarred ones is that a panel is starred if and only if it contains at least one pair of cones where each cone is supporting the other, creating a mutual support structure. **Final Answer:** The hidden rule is that a panel is marked with a yellow star if and only if it contains at least one pair of cones where each cone is supporting the other, creating a mutual supporting structure. This mutual support is the distinguishing feature of the starred panels.  ||  LAST_RULE_SENTENCE: So, based on this, I think that's the rule."
476,s1,4,29,B,"The hidden rule that distinguishes the starred panels (A, C, F) from the unstarred ones (B, D, E) is that the starred panels have a nested, chain-like structure where each cone is either on the floor or stacked on top of another cone, creating a continuous sequence. The unstarred panels have a more linear or less interconnected arrangement.","Therefore, the hidden rule is likely that the starred panels have a nested structure where each subsequent cone is either on the floor or stacked on top of another, creating a chain-like formation.",0.0,"The hidden rule that distinguishes the starred panels (A, C, F) from the unstarred ones (B, D, E) is that the starred panels have a nested, chain-like structure where each cone is either on the floor or stacked on top of another cone, creating a continuous sequence. The unstarred panels have a more linear or less interconnected arrangement.  ||  LAST_RULE_SENTENCE: Therefore, the hidden rule is likely that the starred panels have a nested structure where each subsequent cone is either on the floor or stacked on top of another, creating a chain-like formation."
477,s1,4,30,B,"The hidden rule is that a panel is marked with a yellow star if it has exactly two lying cones. This is because among the six panels, only those with two lying cones (A, C, and F) are starred, while the others have either one or none, which are not starred. **Answer:** The hidden rule is that a panel is marked with a yellow star if and only if it contains exactly two lying cones.","Therefore, the hidden rule is that a panel is marked with a yellow star if and only if it has exactly two lying cones.",0.0,"The hidden rule is that a panel is marked with a yellow star if it has exactly two lying cones. This is because among the six panels, only those with two lying cones (A, C, and F) are starred, while the others have either one or none, which are not starred. **Answer:** The hidden rule is that a panel is marked with a yellow star if and only if it contains exactly two lying cones.  ||  LAST_RULE_SENTENCE: Therefore, the hidden rule is that a panel is marked with a yellow star if and only if it has exactly two lying cones."
478,s1,4,31,B,"The hidden rule is that a panel is marked with a yellow star if it contains at least one cone that is lying on its side, creating an intricate interlocking structure with other cones.","Therefore, the hidden rule might be that a panel has a yellow star if it contains at least one cone that is lying on its side, creating an interlocking arrangement with other cones.",0.0,"The hidden rule is that a panel is marked with a yellow star if it contains at least one cone that is lying on its side, creating an intricate interlocking structure with other cones.  ||  LAST_RULE_SENTENCE: Therefore, the hidden rule might be that a panel has a yellow star if it contains at least one cone that is lying on its side, creating an interlocking arrangement with other cones."
479,s1,4,32,B,"The hidden rule that distinguishes the starred panels (A, C, F) from the unstarred ones (B, D, E) is that the starred panels exhibit a cycle or mutual support structure among their cones, where each cone supports another, creating a closed loop. In contrast, the unstarred panels have a more linear or less complex arrangement without such cycles. **Final Answer:** The hidden rule is that the starred panels (A, C, F) have cones arranged in a mutual support cycle, where each cone supports another, forming a closed loop. The unstarred panels (B, D, E) do not have such cycles, having a more linea","So, my best guess is that the hidden rule is that the starred panels have a cycle of cones mutually supporting each other, forming a closed loop, while non-star panels do not.",0.0,"The hidden rule that distinguishes the starred panels (A, C, F) from the unstarred ones (B, D, E) is that the starred panels exhibit a cycle or mutual support structure among their cones, where each cone supports another, creating a closed loop. In contrast, the unstarred panels have a more linear or less complex arrangement without such cycles. **Final Answer:** The hidden rule is that the starred panels (A, C, F) have cones arranged in a mutual support cycle, where each cone supports another, forming a closed loop. The unstarred panels (B, D, E) do not have such cycles, having a more linea  ||  LAST_RULE_SENTENCE: So, my best guess is that the hidden rule is that the starred panels have a cycle of cones mutually supporting each other, forming a closed loop, while non-star panels do not."
480,s1,4,33,B,The hidden rule is that the panels with yellow stars have both a vertical stack of three or more cones and a horizontal overlapping pair of two cones.,"Therefore, the hidden rule is: Panels with both a vertical stack of three or more cones and a horizontal overlapping pair of two cones are the ones with the yellow star.",0.0,"The hidden rule is that the panels with yellow stars have both a vertical stack of three or more cones and a horizontal overlapping pair of two cones.  ||  LAST_RULE_SENTENCE: Therefore, the hidden rule is: Panels with both a vertical stack of three or more cones and a horizontal overlapping pair of two cones are the ones with the yellow star."
481,s1,4,34,B,The hidden rule is that a panel is marked with a yellow star if the number of color changes between consecutive cones is odd.,So that's a possible rule.,0.0,The hidden rule is that a panel is marked with a yellow star if the number of color changes between consecutive cones is odd.  ||  LAST_RULE_SENTENCE: So that's a possible rule.
482,s1,4,35,B,"The hidden rule that distinguishes the starred panels is that they have a chain-like structure where each cone is either supporting or being supported by another, creating a connected sequence. This pattern is present in panels A, C, and F, which are marked with yellow stars. The other panels (B, D, E) do not exhibit this connected chain structure, thus they are not starred. **Final Answer:** The hidden rule is that a panel is marked with a yellow star if its cone arrangements form a chain where each cone is connected by supporting or being supported by another, creating a continuous sequence","Therefore, the rule is: ""A panel is marked with a yellow star if its cones are arranged in a chain where each cone either supports or is supported by another, creating a connected sequence.""",0.0,"The hidden rule that distinguishes the starred panels is that they have a chain-like structure where each cone is either supporting or being supported by another, creating a connected sequence. This pattern is present in panels A, C, and F, which are marked with yellow stars. The other panels (B, D, E) do not exhibit this connected chain structure, thus they are not starred. **Final Answer:** The hidden rule is that a panel is marked with a yellow star if its cone arrangements form a chain where each cone is connected by supporting or being supported by another, creating a continuous sequence  ||  LAST_RULE_SENTENCE: Therefore, the rule is: ""A panel is marked with a yellow star if its cones are arranged in a chain where each cone either supports or is supported by another, creating a connected sequence."""
483,s1,4,36,B,"The hidden rule is that the panels with yellow stars have a triangle-like arrangement of three or more cones, each supporting the next, forming a triangular or looped structure. This is observed in Panels A, C, D, and F, which all have such configurations, whereas Panels B and E do not, hence they lack the stars. **Final Answer:** The hidden rule is that a panel has a yellow star if it contains a triangular arrangement of cones, where each cone rests on the next, forming a triangle or similar structure.","So, the hidden rule might be: ""Panels with a triangle-like arrangement of three or more cones, each supporting the next, have a yellow star.""",0.0,"The hidden rule is that the panels with yellow stars have a triangle-like arrangement of three or more cones, each supporting the next, forming a triangular or looped structure. This is observed in Panels A, C, D, and F, which all have such configurations, whereas Panels B and E do not, hence they lack the stars. **Final Answer:** The hidden rule is that a panel has a yellow star if it contains a triangular arrangement of cones, where each cone rests on the next, forming a triangle or similar structure.  ||  LAST_RULE_SENTENCE: So, the hidden rule might be: ""Panels with a triangle-like arrangement of three or more cones, each supporting the next, have a yellow star."""
484,s1,4,38,B,"The hidden rule that distinguishes the starred panels (A, C, F) from the unstarred ones (B, D, E) is that the starred panels have at least two cones that are either lying or tilted, which support each other to form a mutual base. In contrast, the unstarred panels lack such a mutual support structure between two cones; instead, one cone is typically upright, supporting another. Therefore, the presence of a pair of non-upright cones mutually supporting each other identifies a starred panel. **Final Answer:** The panels with a yellow star are those where at least two cones are either lying or ti","Thus, the hidden rule is that the starred panels have at least two cones that are lying or tilted, supporting each other, forming a mutual base, while the unstarred do not.",0.0,"The hidden rule that distinguishes the starred panels (A, C, F) from the unstarred ones (B, D, E) is that the starred panels have at least two cones that are either lying or tilted, which support each other to form a mutual base. In contrast, the unstarred panels lack such a mutual support structure between two cones; instead, one cone is typically upright, supporting another. Therefore, the presence of a pair of non-upright cones mutually supporting each other identifies a starred panel. **Final Answer:** The panels with a yellow star are those where at least two cones are either lying or ti  ||  LAST_RULE_SENTENCE: Thus, the hidden rule is that the starred panels have at least two cones that are lying or tilted, supporting each other, forming a mutual base, while the unstarred do not."
485,s1,4,39,B,"The hidden rule that distinguishes the starred panels from the unstarred ones is that a panel has a yellow star if and only if it has at least one cone that is stacked on top of another cone. The starred panels (A, C, and F) all have instances where one cone rests directly on top of another, while the unstarred panels (B, D, and E) have all cones resting on the floor without any stacking. **Final Answer:** The panels with a yellow star are those where at least one cone is stacked on top of another. The rule is: **A panel is marked with a yellow star if and only if it contains at least one co","So, the rule is: A panel has a yellow star if and only if it has at least one cone that is stacked on top of another.",0.0,"The hidden rule that distinguishes the starred panels from the unstarred ones is that a panel has a yellow star if and only if it has at least one cone that is stacked on top of another cone. The starred panels (A, C, and F) all have instances where one cone rests directly on top of another, while the unstarred panels (B, D, and E) have all cones resting on the floor without any stacking. **Final Answer:** The panels with a yellow star are those where at least one cone is stacked on top of another. The rule is: **A panel is marked with a yellow star if and only if it contains at least one co  ||  LAST_RULE_SENTENCE: So, the rule is: A panel has a yellow star if and only if it has at least one cone that is stacked on top of another."
486,s1,4,40,B,"The hidden rule that distinguishes the starred panels (A, C, F) from the unstarred (B, D, E) is that the starred panels contain at least one ""stacked"" cone that is ""resting on the floor,"" forming a chain or cluster that starts on the floor, while the unstarred panels do not have such a structure. **Final Answer:** The hidden rule is that the starred panels (A, C, F) each contain at least one ""stacked"" cone that is resting on the floor, forming a continuous chain or cluster starting from the floor. The unstarred panels (B, D, E) do not have such a structure.","So, after all this, I think the hidden rule is that the starred panels (A, C, F) have at least one ""stacked"" cone that is ""resting on the floor,"" forming a chain or cluster that starts on the floor.",0.0,"The hidden rule that distinguishes the starred panels (A, C, F) from the unstarred (B, D, E) is that the starred panels contain at least one ""stacked"" cone that is ""resting on the floor,"" forming a chain or cluster that starts on the floor, while the unstarred panels do not have such a structure. **Final Answer:** The hidden rule is that the starred panels (A, C, F) each contain at least one ""stacked"" cone that is resting on the floor, forming a continuous chain or cluster starting from the floor. The unstarred panels (B, D, E) do not have such a structure.  ||  LAST_RULE_SENTENCE: So, after all this, I think the hidden rule is that the starred panels (A, C, F) have at least one ""stacked"" cone that is ""resting on the floor,"" forming a chain or cluster that starts on the floor."
