task_id,novel,repeated,revised
1,27.199116672800884,26.205373573794628,46.59550975340449
2,24.60293676955349,31.255618819298768,44.14144441114774
3,23.067331670822945,30.947630922693264,45.98503740648379
4,27.246376811594203,26.702898550724637,46.050724637681164
