,ORIENT,DESCRIBE,SYNTHESIZE,HYPO,TEST,JUDGE,PLAN,MONITOR,RULE
Truncated,0.7391763463569165,6.267470029194359,3.2258732426444703,18.11499679069093,52.775534712300974,12.843447833198748,3.61099033066236,2.339689835807607,0.0828208791436321
Completed,1.46695367934306,12.385394243801324,5.062584708602408,16.24412022642111,45.216455393446545,11.364904727736585,4.899146934545165,2.208403093358845,1.1520369927449572
