set,ORIENT,DESCRIBE,SYNTHESIZE,HYPO,TEST,JUDGE,PLAN,MONITOR,RULE
A,1.1882445425409687,9.20662756243575,3.9487210497671885,17.518292314204512,49.45274233536917,11.710104613896112,4.3175908568664205,2.240430549676483,0.4172461752433936
B,0.8236374010766826,7.663300999776725,3.775831700116599,17.440273884244213,50.797588627849855,12.85320896077799,3.8328909176610684,2.339427919323228,0.47383958917363367
