task_id,ORIENT,DESCRIBE,SYNTHESIZE,HYPO,TEST,JUDGE,PLAN,MONITOR,RULE
1,1.2500849242475711,9.830830898838236,4.232624498946939,18.459134452068753,46.22596643793736,12.623140158978192,4.307357836809566,2.2963516543243427,0.7745091378490386
2,0.8540015341344924,8.197391971362823,4.111480439785222,17.064689337765277,51.53669138327793,11.74124264893889,3.8711327026335978,2.2244950140628994,0.3988749680388647
3,0.793308614296801,7.652841252047943,3.0007760627748556,17.28895403983789,52.20746744847805,12.485987755453996,3.807019056652582,2.5265154781408983,0.23713029231697855
4,1.1938422871504868,8.224945020420986,4.429783223374175,17.342130065975496,49.26798617656299,12.591894439208296,4.392082940622054,2.042098649073201,0.5152371976123153
