position_third,novel,repeated,revised
early,51.4430700919759,9.927053599746273,38.62987630827783
middle,21.199671322925226,26.910435497124073,51.8898931799507
late,12.138246929002706,43.93087653549865,43.93087653549865
